match_id,player_id,player,team,goal,np_goal,shot,penalty,xg,np_xg,pass_att,pass_cmp,assist,key_pass,prog_pass,prog_carry,dribble_cmp,pressure,tackle,interception,recovery,minutes
3912592,4654.0,Nikita Parris,Manchester United W,0,0,2,0,0.097771988,0.097771988,11,7,0,1,2,1,0,2,0,0,3,29.6
3912592,4984.0,Rachel Corsie,Aston Villa W,0,0,1,0,0.049425438,0.049425438,39,34,0,1,9,3,0,8,2,0,3,100.8
3912592,5058.0,Rachel Daly,Aston Villa W,1,1,3,0,0.19408110900000003,0.19408110900000003,25,15,0,0,1,0,1,25,1,0,4,98.8
3912592,8297.0,Adriana Kristina Leon,Aston Villa W,0,0,0,0,0.0,0.0,16,11,1,0,0,1,1,10,2,0,2,33.8
3912592,10192.0,Jordan Nobbs,Aston Villa W,0,0,0,0,0.0,0.0,8,4,0,0,0,0,0,0,0,0,2,5.2
3912592,15562.0,Lucy Staniforth,Aston Villa W,0,0,1,0,0.018487575,0.018487575,45,33,0,2,4,0,0,29,2,0,7,100.8
3912592,15571.0,Danielle Turner,Aston Villa W,0,0,1,0,0.034177877,0.034177877,34,30,0,0,6,2,0,15,5,2,2,100.8
3912592,15575.0,Gabrielle George,Manchester United W,0,0,1,0,0.04246144,0.04246144,57,46,0,2,9,4,2,15,2,1,3,100.8
3912592,17275.0,Hannah Jayne Blundell,Manchester United W,0,0,0,0,0.0,0.0,62,48,0,0,5,0,0,18,2,0,9,100.8
3912592,18153.0,Alisha Lehmann,Aston Villa W,0,0,2,0,0.31839333000000003,0.31839333000000003,13,9,0,0,0,0,0,25,2,0,3,67.0
3912592,19500.0,Sarah Emma Mayling,Aston Villa W,0,0,0,0,0.0,0.0,44,36,0,1,8,0,1,30,1,2,1,100.8
3912592,19501.0,Hayley Ladd,Manchester United W,0,0,2,0,0.118404376,0.118404376,24,23,0,0,2,0,0,22,0,2,5,81.0
3912592,22337.0,Maya Le Tissier,Manchester United W,0,0,0,0,0.0,0.0,63,56,0,0,13,1,0,6,1,0,3,100.8
3912592,25513.0,Lucía García Córdoba,Manchester United W,1,1,4,0,0.289276744,0.289276744,34,29,0,3,0,4,1,27,3,1,10,100.8
3912592,25543.0,Geyse da Silva Ferreira,Manchester United W,0,0,2,0,0.152403244,0.152403244,15,8,0,0,1,7,0,16,1,0,8,66.7
3912592,31527.0,Ebony Salmon,Aston Villa W,0,0,0,0,0.0,0.0,4,2,0,1,0,1,1,10,1,0,1,54.3
3912592,31532.0,Kirsty Hanson,Aston Villa W,0,0,1,0,0.025754403,0.025754403,30,20,0,1,3,3,0,26,1,0,4,100.8
3912592,31534.0,Ella Toone,Manchester United W,0,0,2,0,0.10119146000000001,0.10119146000000001,42,35,0,3,9,1,1,26,1,0,2,100.8
3912592,31536.0,Millie Turner,Manchester United W,0,0,4,0,0.381403556,0.381403556,70,65,0,1,10,1,0,4,0,1,3,100.8
3912592,31538.0,Mary Alexandra Earps,Manchester United W,0,0,0,0,0.0,0.0,26,23,0,0,3,0,0,0,0,0,3,100.8
3912592,31539.0,Leah Galton,Manchester United W,0,0,3,0,0.177627934,0.177627934,35,27,0,1,2,1,2,12,2,0,5,98.7
3912592,31540.0,Katie Zelem,Manchester United W,0,0,1,0,0.06617957,0.06617957,58,42,0,4,6,0,2,32,7,0,4,100.8
3912592,31563.0,Rachel Williams,Manchester United W,1,1,3,0,0.31128702,0.31128702,7,5,0,0,0,0,0,6,0,0,5,34.1
3912592,32339.0,Daphne van Domselaar,Aston Villa W,0,0,0,0,0.0,0.0,45,32,0,0,9,0,0,0,0,0,8,100.8
3912592,33675.0,Laura Madison Blindkilde Brown,Aston Villa W,0,0,0,0,0.0,0.0,16,11,0,0,0,1,0,18,1,1,1,46.0
3912592,78072.0,Anna Patten,Aston Villa W,0,0,0,0,0.0,0.0,44,33,0,0,9,2,2,7,3,0,7,100.8
3912592,135947.0,Lucy Parker,Aston Villa W,0,0,0,0,0.0,0.0,23,15,0,1,2,2,5,22,2,0,4,94.5
3912592,401932.0,Hinata Miyazawa,Manchester United W,0,0,1,0,0.028824951,0.028824951,6,3,0,0,0,0,0,9,1,0,1,19.8
3912593,5078.0,Alanna Stephanie Kennedy,Manchester City WFC,0,0,1,0,0.14416097,0.14416097,76,68,0,0,14,4,1,7,1,1,0,97.2
3912593,10163.0,Leila Ouahabi El Ouahabi,Manchester City WFC,0,0,1,0,0.026785182,0.026785182,99,92,0,0,4,2,1,9,3,2,6,95.5
3912593,10179.0,Lisa Evans,West Ham United LFC,0,0,1,0,0.03034616,0.03034616,37,24,0,2,4,1,1,27,1,1,2,97.2
3912593,10196.0,Kirsty Smith,West Ham United LFC,0,0,0,0,0.0,0.0,32,20,0,0,7,7,1,23,1,0,3,97.2
3912593,10252.0,Alex Greenwood,Manchester City WFC,0,0,0,0,0.0,0.0,116,102,0,1,7,0,0,8,1,3,12,97.2
3912593,10650.0,Jill Roord,Manchester City WFC,1,1,4,0,0.53414353,0.53414353,60,54,0,1,5,3,3,17,1,0,6,88.0
3912593,15555.0,Lauren Hemp,Manchester City WFC,1,1,5,0,0.571396852,0.571396852,24,20,0,0,0,6,2,15,1,0,3,97.2
3912593,15570.0,Chloe Kelly,Manchester City WFC,0,0,1,1,0.7835,0.0,43,30,0,3,3,4,0,15,0,0,2,74.7
3912593,15573.0,Abbey-Leigh Stringer,West Ham United LFC,0,0,0,0,0.0,0.0,26,21,0,0,3,0,1,19,1,2,2,76.0
3912593,23320.0,Melisa Filis,West Ham United LFC,0,0,0,0,0.0,0.0,22,14,0,0,2,0,0,23,0,0,2,75.8
3912593,25624.0,Risa Shimizu,West Ham United LFC,0,0,0,0,0.0,0.0,44,34,0,1,14,3,0,22,3,2,1,97.2
3912593,25632.0,Yui Hasegawa,Manchester City WFC,0,0,0,0,0.0,0.0,100,95,0,1,5,1,3,24,4,3,11,97.2
3912593,25834.0,Viviane Asseyi,West Ham United LFC,0,0,2,0,0.075260439,0.075260439,20,16,0,2,4,2,0,25,0,1,3,97.2
3912593,31157.0,Hawa Cissoko,West Ham United LFC,0,0,0,0,0.0,0.0,23,21,0,1,3,3,0,21,3,1,9,97.2
3912593,32210.0,Laia Aleixandri López,Manchester City WFC,0,0,2,0,0.144863244,0.144863244,96,85,2,1,13,5,1,16,3,1,9,97.2
3912593,35693.0,Mary Boio Fowler,Manchester City WFC,0,0,1,0,0.11610049,0.11610049,47,39,0,1,0,2,3,8,0,0,8,97.2
3912593,42787.0,Mackenzie Arnold,West Ham United LFC,0,0,0,0,0.0,0.0,42,33,0,0,12,0,0,0,0,0,6,97.2
3912593,46635.0,Emma Harries,West Ham United LFC,0,0,1,0,0.10740072,0.10740072,9,5,0,0,0,0,0,12,1,0,2,37.6
3912593,49938.0,Deyna Cristina Castellanos Naujenis,Manchester City WFC,0,0,3,0,0.103957889,0.103957889,50,40,0,3,3,0,1,26,0,0,6,82.3
3912593,50193.0,Anouk Denton,West Ham United LFC,0,0,0,0,0.0,0.0,8,7,0,1,0,1,0,12,1,0,0,21.2
3912593,62666.0,Ingrid Filippa Angeldal,Manchester City WFC,0,0,1,0,0.010822548,0.010822548,11,10,0,0,1,1,0,1,0,0,1,9.2
3912593,92248.0,Khiara Keating,Manchester City WFC,0,0,0,0,0.0,0.0,29,21,0,0,9,0,0,0,0,0,0,97.2
3912593,131653.0,Honoka Hayashi,West Ham United LFC,0,0,0,0,0.0,0.0,29,21,0,0,3,1,1,32,3,1,3,97.2
3912593,191851.0,Julie Blakstad,Manchester City WFC,0,0,0,0,0.0,0.0,14,11,0,0,1,0,0,3,1,0,4,15.0
3912593,221888.0,Kerstin Yasmijn Casparij,Manchester City WFC,0,0,0,0,0.0,0.0,14,13,0,0,0,1,1,3,0,0,0,22.6
3912593,322325.0,Keira Flannery,West Ham United LFC,0,0,0,0,0.0,0.0,10,6,0,0,0,1,0,17,3,0,4,21.4
3912593,370018.0,Shannon Cooke,West Ham United LFC,0,0,1,0,0.0045214747,0.0045214747,40,30,0,0,6,4,0,17,2,0,7,97.2
3912593,401930.0,Riko Ueki,West Ham United LFC,0,0,2,0,0.12136584,0.12136584,13,7,0,0,0,0,0,25,1,3,0,59.6
3912594,4865.0,Josie Green,Leicester City WFC,0,0,0,0,0.0,0.0,36,29,0,1,8,3,0,3,0,1,6,52.5
3912594,10100.0,Janice Cayman,Leicester City WFC,0,0,2,0,0.15814903,0.15814903,57,42,0,1,3,3,0,18,1,2,6,101.5
3912594,10260.0,Lena Petermann,Leicester City WFC,1,1,3,0,0.45642008,0.45642008,24,17,0,1,2,2,1,15,1,1,1,68.3
3912594,15629.0,Satara Murray,Bristol City WFC,0,0,1,0,0.09271169,0.09271169,21,16,0,0,1,1,0,10,0,1,3,101.5
3912594,15706.0,Rachel Furness,Bristol City WFC,0,0,0,0,0.0,0.0,21,11,0,0,1,0,1,12,2,0,2,77.9
3912594,15716.0,Emily Syme,Bristol City WFC,0,0,0,0,0.0,0.0,9,7,0,0,0,1,0,11,1,0,2,39.6
3912594,15720.0,Sophie Howard,Leicester City WFC,0,0,2,0,0.121577095,0.121577095,53,44,0,0,9,3,0,6,0,2,3,101.5
3912594,15788.0,Amalie Grønbak Thestrup,Bristol City WFC,1,0,2,1,0.846757754,0.063257754,12,8,0,0,0,0,0,16,2,2,0,89.3
3912594,16374.0,Aileen Whelan,Leicester City WFC,0,0,3,0,0.235102193,0.235102193,33,26,0,0,2,0,0,25,3,1,5,101.5
3912594,18253.0,Hannah Cain,Leicester City WFC,0,0,0,0,0.0,0.0,11,3,0,0,0,0,0,6,0,0,5,33.2
3912594,19417.0,Amy Rodgers,Bristol City WFC,0,0,0,0,0.0,0.0,13,9,0,1,0,1,0,19,2,0,3,61.9
3912594,19499.0,Shania Hayles,Bristol City WFC,0,0,0,0,0.0,0.0,1,1,0,0,0,0,0,2,0,0,2,11.5
3912594,23413.0,Megan Connolly,Bristol City WFC,0,0,0,0,0.0,0.0,32,18,0,0,3,0,1,21,3,3,8,101.5
3912594,25601.0,Deanne Cynthia Rose,Leicester City WFC,0,0,1,0,0.15089296,0.15089296,8,4,1,1,0,1,0,5,0,0,1,33.2
3912594,25662.0,Catherine Joan Bott,Leicester City WFC,0,0,0,0,0.0,0.0,29,23,0,0,2,0,0,8,1,0,3,33.2
3912594,30856.0,Julie Thibaud,Leicester City WFC,0,0,0,0,0.0,0.0,21,15,0,1,3,0,0,8,1,0,2,49.0
3912594,32169.0,Jamie-Lee Napier,Bristol City WFC,0,0,0,0,0.0,0.0,3,3,0,0,1,1,0,7,1,2,1,39.4
3912594,36801.0,Aimee Palmer,Leicester City WFC,1,1,1,0,0.043210037,0.043210037,17,14,0,1,3,0,0,18,1,2,4,49.0
3912594,42836.0,Ella Powell,Bristol City WFC,0,0,1,0,0.025673928,0.025673928,21,12,0,1,2,2,0,20,4,6,7,101.5
3912594,46741.0,Naomi Layzell,Bristol City WFC,0,0,1,0,0.09575426,0.09575426,30,19,0,0,8,1,0,18,1,3,4,101.5
3912594,46988.0,Janina Leitzig,Leicester City WFC,0,0,0,0,0.0,0.0,40,36,0,0,10,0,0,0,0,0,3,101.5
3912594,64240.0,Francesca Bentley,Bristol City WFC,0,0,0,0,0.0,0.0,40,21,0,0,14,0,0,0,0,0,8,101.5
3912594,84765.0,Carrie Jones,Bristol City WFC,1,1,3,0,0.081309229,0.081309229,19,12,0,1,1,3,0,25,3,0,4,101.5
3912594,112522.0,Missy Goodwin,Leicester City WFC,0,0,0,0,0.0,0.0,19,14,0,2,0,2,2,12,2,1,5,68.2
3912594,132033.0,Courtney Jade Nevin,Leicester City WFC,0,0,0,0,0.0,0.0,59,49,1,1,11,3,1,8,2,1,3,101.5
3912594,135753.0,Samantha Tierney,Leicester City WFC,0,0,2,0,0.47281159,0.47281159,37,28,0,1,3,0,1,15,2,2,5,101.5
3912594,135759.0,Shannon O’Brien,Leicester City WFC,1,1,2,0,0.10620813999999999,0.10620813999999999,24,17,0,1,1,3,2,7,1,0,1,68.3
3912594,185543.0,Ffion Morgan,Bristol City WFC,0,0,0,0,0.0,0.0,23,10,0,0,2,0,0,18,1,4,0,62.1
3912594,185545.0,Brooke Aspin,Bristol City WFC,0,0,0,0,0.0,0.0,17,10,0,0,2,0,0,8,1,1,1,89.9
3912594,224822.0,Jutta Rantala,Leicester City WFC,1,1,3,0,0.28049223700000003,0.28049223700000003,32,23,1,0,2,3,0,7,3,0,4,52.5
3912594,345061.0,Mari Ward,Bristol City WFC,0,0,0,0,0.0,0.0,6,2,0,0,0,0,0,5,0,0,1,23.6
3912594,410047.0,Jessica Simpson,Bristol City WFC,0,0,0,0,0.0,0.0,4,2,0,0,2,0,0,2,0,0,0,11.6
3912595,5000.0,Stephanie-Elise Catley,Arsenal WFC,0,0,0,0,0.0,0.0,70,51,0,0,14,3,0,6,2,1,3,102.3
3912595,10229.0,Emma Stina Blackstenius,Arsenal WFC,0,0,1,0,0.5017807,0.5017807,8,7,0,1,0,0,0,0,0,0,0,28.2
3912595,10237.0,Manuela Zinsberger,Arsenal WFC,0,0,0,0,0.0,0.0,29,27,0,0,9,0,0,0,0,0,4,102.3
3912595,10405.0,Lia Wälti,Arsenal WFC,0,0,0,0,0.0,0.0,52,48,0,0,9,0,0,18,3,1,8,87.1
3912595,10516.0,Frida Maanum,Arsenal WFC,0,0,4,0,0.220742667,0.220742667,26,19,0,2,0,1,0,8,1,0,5,64.9
3912595,11338.0,Caitlin Jade Foord,Arsenal WFC,0,0,5,0,0.279862243,0.279862243,42,35,0,2,5,3,2,20,1,1,9,102.3
3912595,15554.0,Gemma Bonner,Liverpool WFC,0,0,0,0,0.0,0.0,22,18,0,0,1,0,0,7,2,2,1,102.3
3912595,15616.0,Kim Little,Arsenal WFC,0,0,1,0,0.0712532,0.0712532,62,57,0,1,3,0,3,17,2,0,6,102.3
3912595,15620.0,Katie McCabe,Arsenal WFC,0,0,0,0,0.0,0.0,73,52,0,2,10,3,1,14,0,2,6,102.3
3912595,17524.0,Jennifer Patricia Beattie,Arsenal WFC,0,0,1,0,0.13681437,0.13681437,53,49,0,0,6,0,0,4,2,0,3,102.3
3912595,19687.0,Taylor Hinds,Liverpool WFC,0,0,1,0,0.12792963,0.12792963,36,30,0,0,3,2,0,5,1,1,3,82.4
3912595,24237.0,Missy Bo Kearns,Liverpool WFC,0,0,1,0,0.04681119,0.04681119,16,13,1,0,0,0,0,30,4,1,3,82.1
3912595,25697.0,Lina Mona Andréa Hurtig,Arsenal WFC,0,0,2,0,0.29030014000000004,0.29030014000000004,6,3,0,0,1,2,0,5,2,0,3,37.4
3912595,26092.0,Amanda Ilestedt,Arsenal WFC,0,0,0,0,0.0,0.0,15,11,0,0,4,0,0,4,1,0,2,36.4
3912595,32074.0,Jenna Clark,Liverpool WFC,0,0,0,0,0.0,0.0,37,26,0,0,5,1,0,11,3,0,3,102.3
3912595,32222.0,Sofie Lundgaard,Liverpool WFC,0,0,0,0,0.0,0.0,4,2,0,1,0,0,0,6,2,0,1,20.3
3912595,32403.0,Emma Wilhelmina Koivisto,Liverpool WFC,0,0,1,0,0.053820755,0.053820755,49,40,0,1,3,1,0,23,1,1,4,102.3
3912595,33664.0,Rachael Laws,Liverpool WFC,0,0,0,0,0.0,0.0,41,26,0,0,8,1,0,0,0,0,3,102.3
3912595,34232.0,Grace Fisk,Liverpool WFC,0,0,0,0,0.0,0.0,41,33,0,0,7,1,0,10,3,2,4,102.3
3912595,46974.0,Marie Therese Höbinger,Liverpool WFC,0,0,0,0,0.0,0.0,22,18,0,1,3,0,1,6,0,0,3,73.3
3912595,47521.0,Alessia Russo,Arsenal WFC,0,0,1,0,0.1545524,0.1545524,15,11,0,2,2,0,0,13,0,0,3,74.2
3912595,49697.0,Carlotte Wubben-Moy,Arsenal WFC,0,0,1,0,0.1499391,0.1499391,32,23,0,0,6,0,0,5,0,1,2,66.0
3912595,55069.0,Lucy Parry,Liverpool WFC,0,0,0,0,0.0,0.0,8,7,0,0,0,1,0,8,1,1,0,20.0
3912595,62906.0,Cloé Zoé Eyja Lacasse,Arsenal WFC,0,0,2,0,0.056634615,0.056634615,23,20,0,2,1,0,1,10,1,3,6,64.7
3912595,63788.0,Victoria Pelova,Arsenal WFC,0,0,1,0,0.061969355,0.061969355,20,16,0,2,3,2,1,4,0,1,6,37.7
3912595,131586.0,Kyra Lillee Cooney-Cross,Arsenal WFC,0,0,0,0,0.0,0.0,5,4,0,0,1,0,0,1,0,0,1,15.2
3912595,135758.0,Natasha Jane Flint,Liverpool WFC,0,0,1,0,0.06599647,0.06599647,8,6,0,0,0,0,0,10,0,0,2,33.6
3912595,225576.0,Miriael Taylor,Liverpool WFC,1,1,1,0,0.46216738,0.46216738,20,13,0,0,1,0,0,9,1,0,2,68.7
3912595,299860.0,Fuka Nagano,Liverpool WFC,0,0,1,0,0.017380785,0.017380785,28,20,0,0,2,0,0,15,2,0,8,102.3
3912595,322359.0,Ceri Holland,Liverpool WFC,0,0,1,0,0.04204125,0.04204125,40,21,0,1,2,2,1,28,4,0,1,101.9
3912595,329372.0,Mia Enderby,Liverpool WFC,0,0,1,0,0.036043894,0.036043894,1,0,0,0,0,2,0,10,0,0,2,29.1
3912596,4636.0,Maria Thorisdottir,Brighton & Hove Albion WFC,0,0,0,0,0.0,0.0,44,42,0,0,3,1,1,3,0,1,6,97.4
3912596,10088.0,Katrine Veje,Everton LFC,0,0,0,0,0.0,0.0,37,31,0,2,3,1,1,5,0,0,5,68.5
3912596,10158.0,María Victoria Losada Gómez,Brighton & Hove Albion WFC,0,0,0,0,0.0,0.0,52,46,0,2,3,0,0,21,3,0,9,97.4
3912596,10167.0,Tatiana Vanessa Ferreira Pinto,Brighton & Hove Albion WFC,0,0,1,0,0.48632035,0.48632035,10,8,0,0,1,1,1,5,0,0,4,33.6
3912596,10183.0,Toni Duggan,Everton LFC,0,0,0,0,0.0,0.0,5,5,0,1,0,0,0,2,0,0,0,7.3
3912596,10225.0,Aurora Galli,Everton LFC,0,0,1,0,0.042758875,0.042758875,56,47,0,3,11,2,0,17,2,2,10,87.5
3912596,10274.0,Nicoline Sørensen,Everton LFC,0,0,2,0,0.15955914499999999,0.15955914499999999,22,18,0,1,1,1,0,18,0,0,1,68.2
3912596,16376.0,Sophie Baggaley,Brighton & Hove Albion WFC,0,0,0,0,0.0,0.0,46,28,0,0,11,0,0,0,0,0,1,97.4
3912596,16382.0,Heather Payne,Everton LFC,0,0,1,0,0.10819372,0.10819372,10,8,0,0,2,0,1,13,3,0,1,28.9
3912596,16386.0,Lucy Hope,Everton LFC,0,0,3,0,0.201103482,0.201103482,46,32,0,0,8,3,1,18,7,0,10,97.4
3912596,17274.0,Poppy Pattinson,Brighton & Hove Albion WFC,0,0,1,0,0.11029175,0.11029175,43,28,0,0,5,2,2,18,3,0,7,97.4
3912596,18254.0,Megan Finnigan,Everton LFC,1,1,1,0,0.10419512,0.10419512,72,67,0,0,11,0,0,3,1,0,2,97.4
3912596,20725.0,Pauline Bremer,Brighton & Hove Albion WFC,0,0,1,0,0.1463913,0.1463913,37,27,0,2,1,1,1,17,4,1,8,97.4
3912596,21059.0,Katie Robinson,Brighton & Hove Albion WFC,0,0,2,0,0.213566378,0.213566378,28,20,1,1,3,3,1,11,0,2,4,77.4
3912596,25453.0,Geum-Min Lee,Brighton & Hove Albion WFC,0,0,0,0,0.0,0.0,14,9,0,0,2,0,2,7,1,1,5,63.6
3912596,26093.0,Gun Nathalie Björn,Everton LFC,0,0,0,0,0.0,0.0,86,71,0,1,8,3,0,19,1,0,6,97.4
3912596,26094.0,Julia Zigiotti-Olme,Brighton & Hove Albion WFC,0,0,1,0,0.028723111,0.028723111,37,22,0,0,2,0,0,18,1,1,5,63.4
3912596,34499.0,Hanna Ulrika Bennison,Everton LFC,0,0,1,0,0.008334368,0.008334368,42,32,1,0,5,4,0,13,4,2,7,97.4
3912596,34500.0,Emma Nanny Charlotte Kullberg,Brighton & Hove Albion WFC,0,0,0,0,0.0,0.0,68,54,0,0,12,3,0,15,5,0,7,97.4
3912596,45737.0,Martina Piemonte,Everton LFC,0,0,6,0,0.4271617815,0.4271617815,14,7,0,0,0,2,1,10,0,0,2,90.1
3912596,46641.0,Emily Ramsey,Everton LFC,0,0,0,0,0.0,0.0,33,27,0,0,4,0,0,0,0,0,4,97.4
3912596,46738.0,Emma Bissell,Everton LFC,0,0,1,0,0.09010183,0.09010183,4,4,0,1,1,0,1,7,1,0,3,29.1
3912596,63308.0,Justine Vanhaevermaet,Everton LFC,0,0,0,0,0.0,0.0,15,11,0,0,0,1,0,11,2,0,3,28.9
3912596,85004.0,Maisie Symonds,Brighton & Hove Albion WFC,0,0,1,0,0.029456805,0.029456805,9,8,0,0,1,0,0,5,2,0,2,20.2
3912596,105102.0,Veatriki Sarri,Brighton & Hove Albion WFC,0,0,0,0,0.0,0.0,16,11,0,0,0,2,1,7,1,0,4,33.8
3912596,224149.0,Elise Isolde Stenevik,Everton LFC,0,0,0,0,0.0,0.0,54,43,0,2,7,3,1,10,3,1,5,97.4
3912596,276301.0,Elisabeth Terland,Brighton & Hove Albion WFC,2,2,6,0,0.699834557,0.699834557,14,11,0,0,1,0,0,16,1,0,4,77.2
3912596,276304.0,Guro Bergsvand,Brighton & Hove Albion WFC,0,0,0,0,0.0,0.0,61,51,0,0,5,1,0,13,3,0,4,97.4
3912596,338059.0,Clare Wheeler,Everton LFC,0,0,0,0,0.0,0.0,3,2,0,0,0,0,0,1,0,0,1,9.9
3912596,405180.0,Charlize Jayde Rule,Brighton & Hove Albion WFC,0,0,0,0,0.0,0.0,20,18,0,1,2,2,3,6,3,0,2,19.9
3912596,410042.0,Karoline Olesen,Everton LFC,0,0,0,0,0.0,0.0,32,24,0,3,5,1,0,21,4,0,6,68.4
3912597,4638.0,Drew Spence,Tottenham Hotspur Women,0,0,0,0,0.0,0.0,23,15,0,1,3,2,0,20,0,0,2,65.0
3912597,4641.0,Francesca Kirby,Chelsea FCW,0,0,0,0,0.0,0.0,16,15,0,2,0,1,1,7,1,0,0,40.5
3912597,4642.0,Millie Bright,Chelsea FCW,0,0,0,0,0.0,0.0,68,61,0,0,13,1,0,14,1,0,3,103.1
3912597,4848.0,Ashleigh Neville,Tottenham Hotspur Women,0,0,1,0,0.07520317,0.07520317,53,42,0,1,7,0,2,23,6,1,3,103.1
3912597,10395.0,Maren Nævdal Mjelde,Chelsea FCW,0,0,1,0,0.025975622,0.025975622,70,63,0,0,4,1,1,12,2,1,5,88.5
3912597,10514.0,Guro Reiten,Chelsea FCW,0,0,2,0,0.6224289000000001,0.6224289000000001,38,27,0,8,3,4,1,18,0,0,9,81.1
3912597,15290.0,Ashley Elizabeth Marie Lawrence,Chelsea FCW,0,0,0,0,0.0,0.0,13,12,0,0,5,1,1,5,0,1,1,21.9
3912597,15549.0,Sophie Louise Ingle,Chelsea FCW,0,0,0,0,0.0,0.0,82,70,0,1,11,1,0,16,0,2,3,103.1
3912597,15577.0,Angharad James,Tottenham Hotspur Women,0,0,1,0,0.046714235,0.046714235,53,41,0,2,11,1,0,33,2,0,4,102.7
3912597,15631.0,Niamh Charles,Chelsea FCW,0,0,1,0,0.015427434,0.015427434,57,47,2,0,3,5,4,14,2,5,6,103.1
3912597,15648.0,Melanie Leupolz,Chelsea FCW,0,0,2,0,0.108266566,0.108266566,35,28,0,0,4,0,2,10,2,0,4,40.3
3912597,18158.0,Rebecca Leigh Spencer,Tottenham Hotspur Women,0,0,0,0,0.0,0.0,44,36,0,0,12,2,0,1,0,0,7,103.1
3912597,19422.0,Jessica Carter,Chelsea FCW,0,0,1,0,0.15764181,0.15764181,63,57,0,0,12,2,1,10,2,0,6,103.1
3912597,21021.0,Molly Bartrip,Tottenham Hotspur Women,0,0,0,0,0.0,0.0,56,52,0,0,7,2,0,21,2,0,6,101.6
3912597,21048.0,Rosella Ayane,Tottenham Hotspur Women,0,0,0,0,0.0,0.0,12,7,0,0,0,0,0,13,2,0,5,26.8
3912597,25612.0,Jessie Alexandra Fleming,Chelsea FCW,0,0,0,0,0.0,0.0,10,9,0,0,0,0,0,7,0,0,2,22.0
3912597,31531.0,Lauren James,Chelsea FCW,1,1,8,0,0.877724164,0.877724164,32,29,0,2,3,1,1,9,2,0,1,81.2
3912597,31551.0,Kit Graham,Tottenham Hotspur Women,0,0,0,0,0.0,0.0,1,0,0,0,0,0,0,3,0,0,0,6.7
3912597,31558.0,Martha Thomas,Tottenham Hotspur Women,1,1,7,0,1.298459536,1.298459536,23,13,0,0,1,2,1,25,1,0,3,103.1
3912597,46541.0,Asmita Ale,Tottenham Hotspur Women,0,0,0,0,0.0,0.0,16,10,0,0,3,1,0,8,1,0,3,37.7
3912597,46740.0,Grace Clinton,Tottenham Hotspur Women,0,0,4,0,0.220421009,0.220421009,42,36,0,0,2,1,4,35,2,1,4,96.3
3912597,46972.0,Luana Bühler,Tottenham Hotspur Women,0,0,0,0,0.0,0.0,48,41,0,0,7,2,0,17,2,1,3,103.1
3912597,47008.0,Sjoeke Nüsken,Chelsea FCW,0,0,1,0,0.05129522,0.05129522,35,28,0,0,2,1,1,13,0,3,2,62.8
3912597,61467.0,Jessica Naz,Tottenham Hotspur Women,0,0,2,0,0.15896519,0.15896519,11,7,0,0,0,2,0,15,2,0,3,37.6
3912597,62709.0,Jelena Canković,Chelsea FCW,0,0,0,0,0.0,0.0,20,18,0,0,1,0,1,2,1,0,2,14.6
3912597,62710.0,Johanna Rytting-Kaneryd,Chelsea FCW,0,0,1,0,0.15999769,0.15999769,5,2,0,0,0,3,0,17,2,1,2,62.5
3912597,62713.0,Zecira Musovic,Chelsea FCW,0,0,0,0,0.0,0.0,30,26,0,0,12,0,0,0,0,0,3,103.1
3912597,87194.0,Celin Bizet Ildhusøy,Tottenham Hotspur Women,0,0,0,0,0.0,0.0,22,19,0,1,2,3,2,23,2,3,3,76.3
3912597,191850.0,Eveliina Summanen,Tottenham Hotspur Women,0,0,0,0,0.0,0.0,51,42,0,2,4,1,0,33,2,2,6,103.1
3912597,229194.0,Olga Ahtinen,Tottenham Hotspur Women,0,0,0,0,0.0,0.0,40,35,0,2,4,1,1,26,1,2,4,64.6
3912597,361311.0,Mia Renee Fishel,Chelsea FCW,1,1,4,0,0.263788982,0.263788982,29,24,0,2,0,2,4,22,0,1,3,103.1
3912598,5000.0,Stephanie-Elise Catley,Arsenal WFC,0,0,2,0,0.119267499,0.119267499,59,42,1,1,7,3,1,4,1,3,5,101.2
3912598,5102.0,Sabrina D’Angelo,Arsenal WFC,0,0,0,0,0.0,0.0,32,26,0,0,6,0,0,0,0,0,10,101.2
3912598,10229.0,Emma Stina Blackstenius,Arsenal WFC,1,1,2,0,0.432823836,0.432823836,14,10,0,0,0,2,0,12,1,0,1,63.0
3912598,10404.0,Noelle Maritz,Arsenal WFC,0,0,0,0,0.0,0.0,46,36,0,1,6,0,0,10,1,2,4,89.8
3912598,10405.0,Lia Wälti,Arsenal WFC,0,0,0,0,0.0,0.0,44,37,1,0,7,1,3,11,2,4,3,101.2
3912598,10516.0,Frida Maanum,Arsenal WFC,0,0,1,0,0.02461121,0.02461121,15,6,0,1,0,1,0,5,0,0,1,38.8
3912598,11338.0,Caitlin Jade Foord,Arsenal WFC,0,0,2,0,0.13354939700000001,0.13354939700000001,12,9,0,0,0,0,1,6,0,1,1,38.2
3912598,15575.0,Gabrielle George,Manchester United W,0,0,0,0,0.0,0.0,55,41,1,0,9,2,1,11,2,0,2,101.2
3912598,15616.0,Kim Little,Arsenal WFC,0,0,1,0,0.044350605,0.044350605,39,33,0,4,2,1,0,15,2,1,7,101.2
3912598,15620.0,Katie McCabe,Arsenal WFC,0,0,1,0,0.024030712,0.024030712,16,11,0,0,1,0,0,4,0,1,3,38.8
3912598,17275.0,Hannah Jayne Blundell,Manchester United W,0,0,0,0,0.0,0.0,59,55,0,1,4,1,2,14,0,1,1,101.2
3912598,17524.0,Jennifer Patricia Beattie,Arsenal WFC,0,0,0,0,0.0,0.0,37,33,0,0,6,0,0,4,2,1,3,85.1
3912598,19501.0,Hayley Ladd,Manchester United W,0,0,0,0,0.0,0.0,28,25,0,0,0,0,0,17,1,3,5,100.7
3912598,22337.0,Maya Le Tissier,Manchester United W,0,0,0,0,0.0,0.0,72,64,0,0,13,2,0,9,1,1,7,101.2
3912598,25513.0,Lucía García Córdoba,Manchester United W,0,0,1,0,0.034062047,0.034062047,12,8,0,0,0,3,1,14,1,3,4,79.8
3912598,25543.0,Geyse da Silva Ferreira,Manchester United W,0,0,3,0,0.082687398,0.082687398,12,5,0,0,0,4,1,11,1,1,3,75.0
3912598,26092.0,Amanda Ilestedt,Arsenal WFC,0,0,1,0,0.015711332,0.015711332,47,33,0,1,6,2,0,5,0,1,3,101.2
3912598,31534.0,Ella Toone,Manchester United W,0,0,0,0,0.0,0.0,30,22,0,1,4,0,0,10,0,1,4,79.5
3912598,31536.0,Millie Turner,Manchester United W,0,0,1,0,0.07869408,0.07869408,78,72,0,0,10,1,0,6,1,0,3,101.2
3912598,31538.0,Mary Alexandra Earps,Manchester United W,0,0,0,0,0.0,0.0,56,43,0,0,14,1,0,0,0,0,5,101.2
3912598,31539.0,Leah Galton,Manchester United W,1,1,1,0,0.7840009,0.7840009,21,12,0,1,2,1,0,12,2,1,5,101.2
3912598,31540.0,Katie Zelem,Manchester United W,0,0,0,0,0.0,0.0,65,47,0,1,4,1,0,20,4,1,8,101.2
3912598,31563.0,Rachel Williams,Manchester United W,0,0,0,0,0.0,0.0,6,4,0,0,0,0,0,4,1,0,2,26.1
3912598,31614.0,Melvine Malard,Manchester United W,1,1,2,0,0.28797073,0.28797073,8,7,0,0,1,0,0,5,0,0,3,21.4
3912598,32694.0,Laia Codina Panedas,Arsenal WFC,0,0,0,0,0.0,0.0,30,24,0,0,7,1,0,8,4,2,4,62.4
3912598,47521.0,Alessia Russo,Arsenal WFC,0,0,4,0,0.40144687700000004,0.40144687700000004,22,12,0,0,0,2,0,9,0,0,1,101.2
3912598,49697.0,Carlotte Wubben-Moy,Arsenal WFC,0,0,0,0,0.0,0.0,12,11,0,0,2,2,0,1,0,0,0,15.2
3912598,62906.0,Cloé Zoé Eyja Lacasse,Arsenal WFC,1,1,1,0,0.027322521,0.027322521,5,5,0,1,0,0,0,3,1,0,0,11.4
3912598,63788.0,Victoria Pelova,Arsenal WFC,0,0,1,0,0.036292933,0.036292933,18,12,0,0,1,1,1,10,1,2,2,62.4
3912598,401932.0,Hinata Miyazawa,Manchester United W,0,0,1,0,0.019844413,0.019844413,7,5,1,0,1,0,0,6,0,0,2,21.7
3912599,4636.0,Maria Thorisdottir,Brighton & Hove Albion WFC,0,0,0,0,0.0,0.0,38,33,0,0,11,0,0,13,1,1,1,105.4
3912599,10158.0,María Victoria Losada Gómez,Brighton & Hove Albion WFC,0,0,0,0,0.0,0.0,39,32,0,1,4,0,0,17,3,0,3,67.3
3912599,10167.0,Tatiana Vanessa Ferreira Pinto,Brighton & Hove Albion WFC,0,0,0,0,0.0,0.0,12,10,0,1,1,0,0,6,1,0,1,37.6
3912599,10179.0,Lisa Evans,West Ham United LFC,0,0,0,0,0.0,0.0,53,36,1,1,5,6,1,17,2,2,6,105.4
3912599,10196.0,Kirsty Smith,West Ham United LFC,1,1,2,0,0.60614561,0.60614561,34,24,0,0,5,0,3,7,0,0,7,69.3
3912599,15573.0,Abbey-Leigh Stringer,West Ham United LFC,0,0,0,0,0.0,0.0,27,23,0,1,1,0,0,18,2,3,1,80.9
3912599,16376.0,Sophie Baggaley,Brighton & Hove Albion WFC,0,0,0,0,0.0,0.0,41,28,0,0,13,0,0,0,0,0,6,105.4
3912599,17274.0,Poppy Pattinson,Brighton & Hove Albion WFC,0,0,0,0,0.0,0.0,25,19,0,1,2,0,0,13,0,2,5,58.3
3912599,20725.0,Pauline Bremer,Brighton & Hove Albion WFC,0,0,1,0,0.12442597,0.12442597,29,18,0,2,3,2,0,15,0,0,7,67.8
3912599,21059.0,Katie Robinson,Brighton & Hove Albion WFC,0,0,1,0,0.035312746,0.035312746,45,32,0,2,3,3,1,25,3,2,7,105.4
3912599,23320.0,Melisa Filis,West Ham United LFC,0,0,0,0,0.0,0.0,9,7,0,0,1,0,0,7,0,0,0,24.4
3912599,25453.0,Geum-Min Lee,Brighton & Hove Albion WFC,0,0,1,0,0.0877443,0.0877443,18,14,0,1,6,1,1,14,1,0,1,58.7
3912599,25624.0,Risa Shimizu,West Ham United LFC,0,0,0,0,0.0,0.0,44,38,0,0,11,0,0,11,2,1,5,105.4
3912599,25834.0,Viviane Asseyi,West Ham United LFC,0,0,2,0,0.07134294499999999,0.07134294499999999,30,21,0,1,3,3,3,21,5,1,4,105.4
3912599,26094.0,Julia Zigiotti-Olme,Brighton & Hove Albion WFC,0,0,1,0,0.013311733,0.013311733,49,39,0,1,3,1,1,22,3,1,14,105.4
3912599,31157.0,Hawa Cissoko,West Ham United LFC,0,0,0,0,0.0,0.0,35,30,0,0,5,0,0,19,1,2,3,105.4
3912599,34500.0,Emma Nanny Charlotte Kullberg,Brighton & Hove Albion WFC,0,0,0,0,0.0,0.0,43,30,0,0,10,0,0,8,0,0,6,82.2
3912599,42787.0,Mackenzie Arnold,West Ham United LFC,0,0,0,0,0.0,0.0,58,40,0,0,12,0,0,0,0,0,8,105.4
3912599,46635.0,Emma Harries,West Ham United LFC,0,0,0,0,0.0,0.0,5,3,0,2,0,1,0,10,1,0,1,36.1
3912599,50193.0,Anouk Denton,West Ham United LFC,0,0,1,0,0.12205205,0.12205205,33,27,0,0,7,0,0,15,3,4,5,80.9
3912599,85004.0,Maisie Symonds,Brighton & Hove Albion WFC,0,0,1,0,0.018510345,0.018510345,19,16,0,1,3,1,1,9,0,0,5,38.0
3912599,105102.0,Veatriki Sarri,Brighton & Hove Albion WFC,0,0,1,0,0.03172094,0.03172094,6,4,0,0,0,0,0,10,1,0,0,23.1
3912599,131653.0,Honoka Hayashi,West Ham United LFC,0,0,0,0,0.0,0.0,48,39,0,0,7,0,0,17,2,0,4,105.4
3912599,276301.0,Elisabeth Terland,Brighton & Hove Albion WFC,0,0,6,0,0.517241749,0.517241749,16,11,0,1,2,2,0,29,3,1,3,105.4
3912599,276304.0,Guro Bergsvand,Brighton & Hove Albion WFC,0,0,0,0,0.0,0.0,47,36,0,0,8,0,0,18,1,2,4,105.4
3912599,337744.0,Isibeal Atkinson,West Ham United LFC,0,0,0,0,0.0,0.0,6,3,0,0,0,1,0,6,0,1,2,24.4
3912599,370018.0,Shannon Cooke,West Ham United LFC,0,0,1,0,0.20929155,0.20929155,41,34,0,0,9,0,0,21,3,2,8,105.4
3912599,395055.0,Princess Ademiluyi,West Ham United LFC,0,0,0,0,0.0,0.0,6,4,0,0,0,0,0,6,2,0,0,24.4
3912599,401930.0,Riko Ueki,West Ham United LFC,1,1,4,0,0.46884265700000005,0.46884265700000005,19,14,0,0,3,0,0,23,0,0,1,80.9
3912599,405180.0,Charlize Jayde Rule,Brighton & Hove Albion WFC,0,0,0,0,0.0,0.0,19,15,0,1,2,0,0,6,2,0,6,47.1
3912599,405188.0,Madison Haley,Brighton & Hove Albion WFC,0,0,2,0,0.14050489700000002,0.14050489700000002,11,6,0,0,2,1,1,7,0,0,0,46.7
3912600,4641.0,Francesca Kirby,Chelsea FCW,0,0,0,0,0.0,0.0,18,11,0,1,0,1,1,4,0,1,2,42.7
3912600,4642.0,Millie Bright,Chelsea FCW,0,0,5,0,0.447701356,0.447701356,80,61,0,0,9,2,0,5,1,0,7,106.0
3912600,4649.0,Esme Beth Morgan,Manchester City WFC,0,0,0,0,0.0,0.0,35,20,0,0,5,0,0,7,0,1,1,106.0
3912600,4660.0,Erin Cuthbert,Chelsea FCW,0,0,2,0,0.124364974,0.124364974,41,26,0,3,4,0,0,11,1,1,11,62.7
3912600,4961.0,Samantha May Kerr,Chelsea FCW,0,0,3,0,0.382536677,0.382536677,5,3,0,0,0,0,0,3,0,0,1,57.9
3912600,5078.0,Alanna Stephanie Kennedy,Manchester City WFC,0,0,0,0,0.0,0.0,32,24,0,0,3,2,0,7,0,1,9,106.0
3912600,10252.0,Alex Greenwood,Manchester City WFC,0,0,1,0,0.054509778,0.054509778,16,10,0,0,1,1,0,2,0,1,0,106.0
3912600,10418.0,Eve Perisset,Chelsea FCW,0,0,0,0,0.0,0.0,22,17,0,2,4,0,1,5,1,0,4,33.6
3912600,10514.0,Guro Reiten,Chelsea FCW,1,1,1,0,0.20530038,0.20530038,49,27,0,2,3,2,1,7,0,0,4,106.0
3912600,10650.0,Jill Roord,Manchester City WFC,0,0,1,0,0.05427469,0.05427469,32,27,0,0,1,1,0,20,4,1,4,87.9
3912600,15290.0,Ashley Elizabeth Marie Lawrence,Chelsea FCW,0,0,0,0,0.0,0.0,62,45,0,0,3,1,0,20,1,1,11,72.5
3912600,15549.0,Sophie Louise Ingle,Chelsea FCW,0,0,1,0,0.111714885,0.111714885,22,18,0,1,4,1,0,8,1,1,0,48.1
3912600,15555.0,Lauren Hemp,Manchester City WFC,0,0,2,0,0.27399093399999996,0.27399093399999996,25,18,0,0,1,2,0,15,2,1,5,104.0
3912600,15570.0,Chloe Kelly,Manchester City WFC,1,1,2,0,0.09750977400000001,0.09750977400000001,29,25,0,2,2,4,2,19,1,0,4,82.4
3912600,15631.0,Niamh Charles,Chelsea FCW,0,0,1,0,0.094084226,0.094084226,88,73,0,1,20,9,1,14,2,0,16,106.0
3912600,15648.0,Melanie Leupolz,Chelsea FCW,0,0,1,0,0.17524439,0.17524439,26,20,0,1,4,1,0,5,1,0,1,43.3
3912600,19422.0,Jessica Carter,Chelsea FCW,0,0,1,0,0.11901636,0.11901636,73,70,0,1,13,4,0,9,4,0,8,106.0
3912600,25554.0,Khadija Monifa Shaw,Manchester City WFC,0,0,1,0,0.14737459,0.14737459,3,1,0,0,0,1,0,3,1,0,3,23.6
3912600,25612.0,Jessie Alexandra Fleming,Chelsea FCW,0,0,0,0,0.0,0.0,21,18,0,0,0,1,0,16,1,0,1,63.3
3912600,25632.0,Yui Hasegawa,Manchester City WFC,0,0,0,0,0.0,0.0,39,29,0,0,3,3,1,19,3,3,9,106.0
3912600,31531.0,Lauren James,Chelsea FCW,0,0,4,0,0.215171689,0.215171689,40,30,0,2,4,4,2,10,0,0,6,106.0
3912600,32210.0,Laia Aleixandri López,Manchester City WFC,0,0,1,0,0.04238125,0.04238125,32,24,0,1,5,1,1,13,3,1,7,106.0
3912600,35693.0,Mary Boio Fowler,Manchester City WFC,0,0,0,0,0.0,0.0,18,12,0,0,1,2,1,7,0,1,5,48.1
3912600,41812.0,Ruby Mace,Manchester City WFC,0,0,0,0,0.0,0.0,9,5,0,1,0,0,0,2,1,0,4,23.8
3912600,62666.0,Ingrid Filippa Angeldal,Manchester City WFC,0,0,0,0,0.0,0.0,21,12,0,0,1,0,0,31,3,1,2,82.2
3912600,62709.0,Jelena Canković,Chelsea FCW,0,0,1,0,0.035097186,0.035097186,56,47,0,1,5,3,0,23,3,1,2,57.9
3912600,62713.0,Zecira Musovic,Chelsea FCW,0,0,0,0,0.0,0.0,17,14,0,0,5,0,0,0,0,0,4,106.0
3912600,92248.0,Khiara Keating,Manchester City WFC,0,0,0,0,0.0,0.0,38,14,0,0,9,0,0,0,0,0,10,106.0
3912600,191851.0,Julie Blakstad,Manchester City WFC,0,0,0,0,0.0,0.0,3,1,0,0,1,1,0,4,1,0,1,18.1
3912600,221888.0,Kerstin Yasmijn Casparij,Manchester City WFC,0,0,0,0,0.0,0.0,8,3,0,0,2,1,0,15,3,1,2,57.9
3912600,361311.0,Mia Renee Fishel,Chelsea FCW,0,0,1,0,0.25854093,0.25854093,8,3,0,0,0,0,0,9,0,0,1,48.1
3912601,4638.0,Drew Spence,Tottenham Hotspur Women,0,0,1,0,0.093048505,0.093048505,40,29,0,2,4,1,1,11,2,0,2,77.7
3912601,4848.0,Ashleigh Neville,Tottenham Hotspur Women,0,0,2,0,0.171868977,0.171868977,62,49,0,1,4,5,5,18,3,2,5,99.7
3912601,15577.0,Angharad James,Tottenham Hotspur Women,0,0,0,0,0.0,0.0,69,56,0,1,10,1,0,19,3,2,3,99.7
3912601,15629.0,Satara Murray,Bristol City WFC,0,0,1,0,0.025300754,0.025300754,9,7,0,0,2,2,0,3,1,2,0,17.3
3912601,15706.0,Rachel Furness,Bristol City WFC,0,0,1,0,0.0092085125,0.0092085125,8,5,0,0,1,0,0,7,1,0,2,30.4
3912601,15716.0,Emily Syme,Bristol City WFC,0,0,0,0,0.0,0.0,8,6,0,1,0,0,0,2,0,0,3,7.8
3912601,15788.0,Amalie Grønbak Thestrup,Bristol City WFC,1,0,1,1,0.7835,0.0,14,8,0,1,0,1,0,38,0,1,3,82.1
3912601,18145.0,Ria Percival,Tottenham Hotspur Women,0,0,0,0,0.0,0.0,8,7,0,0,0,0,0,2,0,1,2,11.6
3912601,18158.0,Rebecca Leigh Spencer,Tottenham Hotspur Women,0,0,0,0,0.0,0.0,45,43,0,0,11,0,0,0,0,0,3,99.7
3912601,19417.0,Amy Rodgers,Bristol City WFC,0,0,2,0,0.031307103,0.031307103,28,21,0,3,2,1,3,40,4,2,5,91.9
3912601,19499.0,Shania Hayles,Bristol City WFC,0,0,0,0,0.0,0.0,5,4,0,0,1,1,0,8,0,0,0,17.5
3912601,21021.0,Molly Bartrip,Tottenham Hotspur Women,0,0,0,0,0.0,0.0,90,83,0,0,17,6,0,2,0,1,2,99.7
3912601,21048.0,Rosella Ayane,Tottenham Hotspur Women,0,0,0,0,0.0,0.0,3,2,0,0,1,0,0,5,0,1,0,11.6
3912601,23413.0,Megan Connolly,Bristol City WFC,0,0,0,0,0.0,0.0,22,17,0,1,4,0,2,15,1,2,6,69.2
3912601,31551.0,Kit Graham,Tottenham Hotspur Women,0,0,0,0,0.0,0.0,12,8,0,0,0,2,1,7,1,0,4,21.9
3912601,31558.0,Martha Thomas,Tottenham Hotspur Women,1,1,3,0,0.526994579,0.526994579,22,18,0,2,0,0,0,20,0,0,3,99.7
3912601,32169.0,Jamie-Lee Napier,Bristol City WFC,0,0,3,0,0.29223072,0.29223072,21,16,0,0,0,1,2,35,3,2,3,99.7
3912601,40985.0,Kaylan Marckese,Bristol City WFC,0,0,0,0,0.0,0.0,35,26,0,0,8,0,0,0,0,0,3,99.7
3912601,42836.0,Ella Powell,Bristol City WFC,0,0,0,0,0.0,0.0,19,10,0,0,2,2,1,15,3,2,4,69.5
3912601,46740.0,Grace Clinton,Tottenham Hotspur Women,0,0,2,0,0.20773308000000001,0.20773308000000001,27,24,0,1,1,1,4,10,3,2,4,64.0
3912601,46741.0,Naomi Layzell,Bristol City WFC,0,0,1,0,0.02763673,0.02763673,38,23,0,0,10,4,0,14,4,4,4,99.7
3912601,46972.0,Luana Bühler,Tottenham Hotspur Women,0,0,0,0,0.0,0.0,82,77,0,0,12,0,0,16,3,0,1,99.7
3912601,61467.0,Jessica Naz,Tottenham Hotspur Women,0,0,1,0,0.022980353,0.022980353,16,14,0,0,1,2,1,6,0,0,3,35.7
3912601,84765.0,Carrie Jones,Bristol City WFC,0,0,2,0,0.62378222,0.62378222,19,13,0,2,2,0,2,39,1,1,9,99.7
3912601,87194.0,Celin Bizet Ildhusøy,Tottenham Hotspur Women,0,0,4,0,0.13437327599999999,0.13437327599999999,38,27,0,0,0,3,4,13,1,3,7,88.0
3912601,185543.0,Ffion Morgan,Bristol City WFC,0,0,3,0,0.279009724,0.279009724,34,18,0,1,4,3,0,23,0,3,4,99.7
3912601,185545.0,Brooke Aspin,Bristol City WFC,0,0,0,0,0.0,0.0,17,9,0,0,2,0,0,7,0,0,0,82.3
3912601,191850.0,Eveliina Summanen,Tottenham Hotspur Women,1,1,2,0,0.117120584,0.117120584,78,70,1,1,10,2,0,12,0,1,8,99.7
3912601,229194.0,Olga Ahtinen,Tottenham Hotspur Women,1,1,2,0,0.149003948,0.149003948,63,46,0,2,10,4,1,12,1,1,6,88.0
3912601,326618.0,Chloe Mustaki,Bristol City WFC,0,0,0,0,0.0,0.0,49,29,0,0,9,1,0,19,1,1,7,99.7
3912601,345061.0,Mari Ward,Bristol City WFC,0,0,0,0,0.0,0.0,8,5,0,0,0,0,0,16,1,0,3,30.2
3912602,4865.0,Josie Green,Leicester City WFC,0,0,1,0,0.04242531,0.04242531,48,40,0,0,7,4,0,10,2,0,8,83.2
3912602,10088.0,Katrine Veje,Everton LFC,0,0,0,0,0.0,0.0,50,39,0,0,3,3,1,7,2,2,9,104.0
3912602,10100.0,Janice Cayman,Leicester City WFC,0,0,0,0,0.0,0.0,50,39,0,1,5,1,1,15,2,0,5,104.0
3912602,10183.0,Toni Duggan,Everton LFC,0,0,0,0,0.0,0.0,3,1,0,0,0,0,0,4,0,0,0,11.1
3912602,10225.0,Aurora Galli,Everton LFC,0,0,1,0,0.031796385,0.031796385,28,21,0,1,4,1,2,13,0,1,9,79.4
3912602,10260.0,Lena Petermann,Leicester City WFC,1,1,6,0,1.15740734,1.15740734,18,14,0,1,1,0,0,30,4,0,2,75.5
3912602,10274.0,Nicoline Sørensen,Everton LFC,0,0,0,0,0.0,0.0,9,5,0,0,0,2,0,2,0,0,0,24.2
3912602,15720.0,Sophie Howard,Leicester City WFC,0,0,1,0,0.10182295,0.10182295,55,47,0,1,9,1,0,9,0,6,5,103.7
3912602,16374.0,Aileen Whelan,Leicester City WFC,0,0,0,0,0.0,0.0,24,18,0,0,4,0,0,20,0,1,3,104.0
3912602,16382.0,Heather Payne,Everton LFC,0,0,1,0,0.0949901,0.0949901,60,43,0,1,1,2,2,22,5,2,8,104.0
3912602,16386.0,Lucy Hope,Everton LFC,0,0,1,0,0.28963807,0.28963807,40,26,0,1,2,3,1,19,5,0,6,93.2
3912602,18253.0,Hannah Cain,Leicester City WFC,0,0,0,0,0.0,0.0,11,7,0,0,0,2,0,7,0,0,0,34.9
3912602,18254.0,Megan Finnigan,Everton LFC,0,0,0,0,0.0,0.0,49,45,0,0,8,0,1,11,1,1,3,104.0
3912602,23465.0,Megan Campbell,Everton LFC,0,0,0,0,0.0,0.0,3,1,0,0,0,0,0,3,0,0,0,10.8
3912602,25601.0,Deanne Cynthia Rose,Leicester City WFC,0,0,0,0,0.0,0.0,5,3,0,1,0,1,0,11,1,0,1,28.5
3912602,25662.0,Catherine Joan Bott,Leicester City WFC,0,0,0,0,0.0,0.0,11,9,0,0,1,0,0,0,0,0,2,20.7
3912602,26093.0,Gun Nathalie Björn,Everton LFC,0,0,0,0,0.0,0.0,49,43,0,0,6,1,0,14,1,2,4,104.0
3912602,30856.0,Julie Thibaud,Leicester City WFC,0,0,0,0,0.0,0.0,15,9,0,0,3,0,0,6,0,0,2,28.2
3912602,34499.0,Hanna Ulrika Bennison,Everton LFC,0,0,0,0,0.0,0.0,38,25,0,1,3,2,3,15,0,0,7,104.0
3912602,45737.0,Martina Piemonte,Everton LFC,0,0,4,0,0.685549356,0.685549356,20,15,0,1,3,0,1,12,1,0,8,79.2
3912602,46641.0,Emily Ramsey,Everton LFC,0,0,0,0,0.0,0.0,38,27,0,0,14,0,0,0,0,0,0,104.0
3912602,46738.0,Emma Bissell,Everton LFC,0,0,2,0,0.47713809,0.47713809,24,16,0,0,2,2,1,23,0,0,5,92.9
3912602,46988.0,Janina Leitzig,Leicester City WFC,0,0,0,0,0.0,0.0,44,38,0,0,9,0,0,0,0,0,5,104.0
3912602,63308.0,Justine Vanhaevermaet,Everton LFC,0,0,2,1,1.18078412,0.39728412,37,26,0,1,5,0,0,23,3,0,6,93.1
3912602,112522.0,Missy Goodwin,Leicester City WFC,0,0,2,0,0.32197802,0.32197802,27,18,0,3,0,2,2,16,0,1,6,103.0
3912602,132033.0,Courtney Jade Nevin,Leicester City WFC,0,0,1,0,0.008718256,0.008718256,50,42,0,1,7,1,0,5,2,1,3,75.8
3912602,135753.0,Samantha Tierney,Leicester City WFC,0,0,0,0,0.0,0.0,52,41,1,1,5,1,0,23,6,2,7,102.9
3912602,135759.0,Shannon O’Brien,Leicester City WFC,0,0,0,0,0.0,0.0,13,7,0,2,1,2,1,17,4,0,4,69.1
3912602,224822.0,Jutta Rantala,Leicester City WFC,0,0,4,0,0.24532415400000002,0.24532415400000002,32,19,0,1,0,0,0,19,0,0,2,104.0
3912602,338059.0,Clare Wheeler,Everton LFC,0,0,0,0,0.0,0.0,5,4,0,0,0,0,1,6,0,1,1,10.7
3912602,410042.0,Karoline Olesen,Everton LFC,0,0,0,0,0.0,0.0,16,15,0,0,4,1,1,6,0,0,2,24.6
3912603,4984.0,Rachel Corsie,Aston Villa W,0,0,0,0,0.0,0.0,87,78,0,0,10,1,0,8,1,0,3,107.7
3912603,5058.0,Rachel Daly,Aston Villa W,0,0,3,0,0.1429888983,0.1429888983,32,25,0,0,5,0,0,28,3,0,4,104.2
3912603,8297.0,Adriana Kristina Leon,Aston Villa W,0,0,0,0,0.0,0.0,19,13,0,1,0,1,0,26,1,0,10,76.4
3912603,10093.0,Yana Daniëls,Liverpool WFC,0,0,1,0,0.09576186,0.09576186,20,14,0,0,3,0,1,3,0,1,3,57.8
3912603,10192.0,Jordan Nobbs,Aston Villa W,0,0,1,0,0.38165566,0.38165566,20,17,0,2,2,0,0,17,0,0,0,66.5
3912603,15547.0,Melissa Lawley,Liverpool WFC,0,0,0,0,0.0,0.0,7,3,1,0,0,1,0,9,0,0,2,29.5
3912603,15554.0,Gemma Bonner,Liverpool WFC,0,0,0,0,0.0,0.0,36,29,0,0,5,1,1,4,0,1,4,107.7
3912603,15559.0,Simone Magill,Aston Villa W,0,0,0,0,0.0,0.0,10,7,0,2,0,1,0,3,0,0,0,31.3
3912603,15562.0,Lucy Staniforth,Aston Villa W,0,0,1,0,0.03241745,0.03241745,80,59,0,0,13,1,0,12,0,1,11,107.7
3912603,15571.0,Danielle Turner,Aston Villa W,0,0,0,0,0.0,0.0,63,57,0,1,6,3,0,8,3,0,3,107.7
3912603,15618.0,Jasmine Matthews,Liverpool WFC,0,0,0,0,0.0,0.0,10,5,0,0,1,0,0,7,1,1,1,29.5
3912603,15724.0,Mayumi Pacheco,Aston Villa W,0,0,0,0,0.0,0.0,25,22,0,0,2,1,0,8,1,0,1,41.9
3912603,18153.0,Alisha Lehmann,Aston Villa W,0,0,1,0,0.043422915,0.043422915,6,5,0,0,0,0,0,16,2,0,2,50.4
3912603,19500.0,Sarah Emma Mayling,Aston Villa W,0,0,0,0,0.0,0.0,54,45,0,1,4,2,0,9,2,0,2,65.8
3912603,19687.0,Taylor Hinds,Liverpool WFC,0,0,1,0,0.013031378,0.013031378,41,34,0,2,2,2,2,13,4,2,4,78.2
3912603,24237.0,Missy Bo Kearns,Liverpool WFC,0,0,3,0,0.13570210500000002,0.13570210500000002,22,20,0,2,0,0,1,23,1,0,1,78.2
3912603,31527.0,Ebony Salmon,Aston Villa W,0,0,2,0,0.052478231,0.052478231,12,9,0,0,1,0,0,16,1,0,5,57.3
3912603,32074.0,Jenna Clark,Liverpool WFC,0,0,0,0,0.0,0.0,39,36,0,0,7,2,0,5,3,2,4,107.7
3912603,32339.0,Daphne van Domselaar,Aston Villa W,0,0,0,0,0.0,0.0,41,33,0,0,9,0,0,0,0,0,1,107.7
3912603,32403.0,Emma Wilhelmina Koivisto,Liverpool WFC,0,0,2,0,0.192037165,0.192037165,40,35,0,3,3,1,0,5,1,2,3,85.0
3912603,33664.0,Rachael Laws,Liverpool WFC,0,0,0,0,0.0,0.0,52,30,0,0,15,1,0,0,0,0,4,107.7
3912603,33675.0,Laura Madison Blindkilde Brown,Aston Villa W,0,0,1,0,0.062112883,0.062112883,21,16,0,0,1,0,0,15,2,0,2,41.2
3912603,34232.0,Grace Fisk,Liverpool WFC,0,0,0,0,0.0,0.0,42,40,0,0,10,1,0,9,5,1,3,107.7
3912603,46974.0,Marie Therese Höbinger,Liverpool WFC,1,1,2,0,0.124031156,0.124031156,45,29,0,0,4,1,1,11,3,0,5,86.2
3912603,78072.0,Anna Patten,Aston Villa W,0,0,2,0,0.22239526,0.22239526,84,73,0,0,11,0,0,13,2,1,9,107.7
3912603,135758.0,Natasha Jane Flint,Liverpool WFC,1,1,1,0,0.08842111,0.08842111,11,6,0,0,0,0,0,8,0,1,1,49.9
3912603,135947.0,Lucy Parker,Aston Villa W,0,0,1,0,0.025982482,0.025982482,47,39,0,1,3,1,1,25,4,0,9,107.7
3912603,225576.0,Miriael Taylor,Liverpool WFC,0,0,0,0,0.0,0.0,5,4,0,0,0,0,0,9,0,1,2,21.4
3912603,299860.0,Fuka Nagano,Liverpool WFC,0,0,0,0,0.0,0.0,35,33,0,0,6,0,0,23,4,4,6,107.7
3912603,322359.0,Ceri Holland,Liverpool WFC,0,0,0,0,0.0,0.0,47,31,0,1,3,2,2,22,1,3,5,107.2
3912603,329372.0,Mia Enderby,Liverpool WFC,0,0,0,0,0.0,0.0,0,0,0,0,0,0,1,9,0,2,2,21.4
3913069,4641.0,Francesca Kirby,Chelsea FCW,0,0,1,0,0.141442,0.141442,34,31,0,1,2,0,1,18,1,1,4,57.0
3913069,4642.0,Millie Bright,Chelsea FCW,0,0,3,0,0.142481736,0.142481736,118,108,0,0,14,1,0,14,1,2,7,96.8
3913069,4660.0,Erin Cuthbert,Chelsea FCW,1,1,3,0,0.612505503,0.612505503,43,40,0,2,3,0,0,8,2,2,1,40.1
3913069,4961.0,Samantha May Kerr,Chelsea FCW,1,1,4,0,0.578403118,0.578403118,29,19,0,1,0,0,0,14,1,0,4,78.7
3913069,10179.0,Lisa Evans,West Ham United LFC,0,0,1,0,0.03955805,0.03955805,32,22,0,1,3,1,1,7,0,1,2,96.8
3913069,10196.0,Kirsty Smith,West Ham United LFC,0,0,2,0,0.079402484,0.079402484,28,19,0,1,4,0,1,10,3,1,7,96.8
3913069,10395.0,Maren Nævdal Mjelde,Chelsea FCW,0,0,1,0,0.09074399,0.09074399,131,123,0,3,4,2,0,16,1,0,3,96.8
3913069,15290.0,Ashley Elizabeth Marie Lawrence,Chelsea FCW,0,0,0,0,0.0,0.0,46,40,0,2,6,1,1,20,1,0,5,96.8
3913069,15549.0,Sophie Louise Ingle,Chelsea FCW,0,0,1,0,0.08823528,0.08823528,42,33,0,1,4,0,1,11,0,1,3,56.8
3913069,15631.0,Niamh Charles,Chelsea FCW,0,0,0,0,0.0,0.0,57,48,1,0,1,3,2,15,2,0,7,96.8
3913069,15648.0,Melanie Leupolz,Chelsea FCW,0,0,2,0,0.075933479,0.075933479,85,71,0,2,11,2,0,19,3,1,5,96.8
3913069,19422.0,Jessica Carter,Chelsea FCW,0,0,0,0,0.0,0.0,115,107,0,0,9,2,0,9,3,1,5,96.8
3913069,25612.0,Jessie Alexandra Fleming,Chelsea FCW,0,0,0,0,0.0,0.0,11,9,1,0,0,0,0,3,0,0,3,18.0
3913069,25624.0,Risa Shimizu,West Ham United LFC,0,0,0,0,0.0,0.0,31,23,0,0,4,0,0,22,2,2,0,96.8
3913069,25834.0,Viviane Asseyi,West Ham United LFC,0,0,1,0,0.10844154,0.10844154,19,15,0,0,3,0,2,26,2,0,3,96.8
3913069,31157.0,Hawa Cissoko,West Ham United LFC,0,0,0,0,0.0,0.0,21,16,0,0,5,0,0,6,1,1,4,89.3
3913069,31531.0,Lauren James,Chelsea FCW,0,0,3,0,0.59822617,0.59822617,44,38,0,2,4,0,2,18,0,0,4,78.3
3913069,42787.0,Mackenzie Arnold,West Ham United LFC,0,0,0,0,0.0,0.0,35,26,0,0,10,0,0,0,0,0,2,96.8
3913069,46635.0,Emma Harries,West Ham United LFC,0,0,2,0,0.32584198,0.32584198,18,15,0,3,3,3,1,18,3,0,5,66.0
3913069,47008.0,Sjoeke Nüsken,Chelsea FCW,0,0,1,0,0.06869917,0.06869917,22,20,0,1,1,0,1,8,0,1,1,39.8
3913069,50193.0,Anouk Denton,West Ham United LFC,0,0,0,0,0.0,0.0,28,22,0,1,6,2,0,19,2,0,1,96.8
3913069,62713.0,Zecira Musovic,Chelsea FCW,0,0,0,0,0.0,0.0,21,14,0,0,4,0,0,0,0,0,2,96.8
3913069,81580.0,Agnes Beever-Jones,Chelsea FCW,0,0,1,0,0.01721389,0.01721389,5,4,0,0,0,2,0,4,0,0,1,18.1
3913069,131653.0,Honoka Hayashi,West Ham United LFC,0,0,1,0,0.06339882,0.06339882,35,27,0,2,5,0,0,21,1,1,8,96.8
3913069,276907.0,Amber Tysiak,West Ham United LFC,0,0,0,0,0.0,0.0,2,1,0,0,0,0,0,2,0,0,1,7.5
3913069,337744.0,Isibeal Atkinson,West Ham United LFC,0,0,0,0,0.0,0.0,5,4,0,0,0,0,0,7,0,0,0,30.8
3913069,370018.0,Shannon Cooke,West Ham United LFC,0,0,1,0,0.0032438582,0.0032438582,42,22,0,0,7,0,0,14,2,1,7,96.8
3913069,401930.0,Riko Ueki,West Ham United LFC,0,0,5,0,0.238945525,0.238945525,23,16,0,0,2,2,1,26,3,0,2,96.8
3913070,10088.0,Katrine Veje,Everton LFC,0,0,0,0,0.0,0.0,65,47,1,2,5,3,0,5,1,0,7,101.9
3913070,10183.0,Toni Duggan,Everton LFC,0,0,0,0,0.0,0.0,15,12,0,0,0,1,0,8,0,0,2,25.1
3913070,10225.0,Aurora Galli,Everton LFC,0,0,1,0,0.008840697,0.008840697,35,27,0,0,4,2,1,14,0,1,9,77.0
3913070,10274.0,Nicoline Sørensen,Everton LFC,0,0,2,0,0.07178032,0.07178032,18,13,0,1,1,5,2,8,0,1,3,76.8
3913070,15547.0,Melissa Lawley,Liverpool WFC,0,0,1,0,0.02769051,0.02769051,13,9,0,2,2,3,0,11,1,0,2,37.1
3913070,15554.0,Gemma Bonner,Liverpool WFC,0,0,2,0,0.161871135,0.161871135,27,24,0,0,5,0,0,8,3,0,2,64.3
3913070,15618.0,Jasmine Matthews,Liverpool WFC,0,0,0,0,0.0,0.0,28,23,0,0,8,1,0,8,0,0,8,37.4
3913070,16382.0,Heather Payne,Everton LFC,0,0,0,0,0.0,0.0,55,39,0,0,2,3,3,31,7,1,8,101.7
3913070,16386.0,Lucy Hope,Everton LFC,0,0,0,0,0.0,0.0,0,0,0,0,0,0,0,0,1,0,1,2.9
3913070,18254.0,Megan Finnigan,Everton LFC,1,1,1,0,0.17650793,0.17650793,51,48,0,0,8,1,0,7,0,0,0,101.9
3913070,19687.0,Taylor Hinds,Liverpool WFC,0,0,0,0,0.0,0.0,67,49,0,0,6,2,1,10,3,2,6,101.9
3913070,24237.0,Missy Bo Kearns,Liverpool WFC,0,0,1,0,0.04058746,0.04058746,22,17,0,0,1,0,0,27,1,0,3,64.9
3913070,24706.0,Sophie Roman Haug,Liverpool WFC,0,0,1,0,0.29142326,0.29142326,14,7,0,0,0,0,0,15,0,0,2,64.8
3913070,26093.0,Gun Nathalie Björn,Everton LFC,0,0,0,0,0.0,0.0,72,64,0,0,11,1,2,7,3,0,7,101.9
3913070,31555.0,Courtney Brosnan,Everton LFC,0,0,0,0,0.0,0.0,42,30,0,0,13,0,0,0,0,0,6,101.9
3913070,32074.0,Jenna Clark,Liverpool WFC,0,0,1,0,0.06767661,0.06767661,75,60,0,1,11,4,1,6,1,0,4,101.9
3913070,32222.0,Sofie Lundgaard,Liverpool WFC,0,0,2,0,0.17974883,0.17974883,6,4,0,0,0,0,0,1,0,0,2,16.5
3913070,32230.0,Karen Holmgaard,Everton LFC,0,0,0,0,0.0,0.0,13,10,0,2,4,2,0,8,0,0,3,24.9
3913070,32403.0,Emma Wilhelmina Koivisto,Liverpool WFC,0,0,0,0,0.0,0.0,26,22,0,0,2,0,0,13,2,0,4,64.5
3913070,33664.0,Rachael Laws,Liverpool WFC,0,0,0,0,0.0,0.0,55,45,0,0,21,1,0,0,0,0,6,101.9
3913070,34232.0,Grace Fisk,Liverpool WFC,0,0,2,0,0.15009661600000002,0.15009661600000002,80,72,0,0,20,4,0,11,3,0,2,101.9
3913070,34499.0,Hanna Ulrika Bennison,Everton LFC,0,0,0,0,0.0,0.0,24,16,0,0,2,2,0,9,0,2,4,76.6
3913070,46459.0,Katja Snoeijs,Everton LFC,0,0,2,0,0.15973306999999998,0.15973306999999998,13,10,0,0,1,1,1,16,3,0,1,42.0
3913070,46738.0,Emma Bissell,Everton LFC,0,0,2,0,0.059970817,0.059970817,7,5,0,0,0,0,0,17,1,0,1,59.9
3913070,46974.0,Marie Therese Höbinger,Liverpool WFC,0,0,1,0,0.03569776,0.03569776,41,32,0,2,6,0,0,12,1,0,4,84.7
3913070,63308.0,Justine Vanhaevermaet,Everton LFC,0,0,1,0,0.14908102,0.14908102,50,40,0,0,5,1,1,14,1,1,8,101.6
3913070,135758.0,Natasha Jane Flint,Liverpool WFC,0,0,2,0,0.09826145,0.09826145,6,4,0,0,0,0,0,2,0,0,2,37.5
3913070,299860.0,Fuka Nagano,Liverpool WFC,0,0,0,0,0.0,0.0,53,44,0,1,8,1,0,20,4,3,5,101.9
3913070,322359.0,Ceri Holland,Liverpool WFC,0,0,2,0,0.19381098,0.19381098,44,25,0,4,2,2,0,19,3,0,4,101.9
3913070,329372.0,Mia Enderby,Liverpool WFC,0,0,1,0,0.03997127,0.03997127,4,3,0,0,0,1,1,5,0,0,3,37.0
3913070,338059.0,Clare Wheeler,Everton LFC,0,0,1,0,0.038156357,0.038156357,38,26,0,1,5,0,0,13,0,3,5,99.0
3913070,410042.0,Karoline Olesen,Everton LFC,0,0,0,0,0.0,0.0,13,12,0,1,1,0,0,9,0,0,3,25.3
3913071,4654.0,Nikita Parris,Manchester United W,0,0,4,0,0.589341483,0.589341483,19,14,0,2,2,4,2,23,0,0,0,108.3
3913071,4865.0,Josie Green,Leicester City WFC,0,0,0,0,0.0,0.0,31,25,0,0,8,1,1,5,1,2,7,90.1
3913071,10100.0,Janice Cayman,Leicester City WFC,0,0,1,0,0.14052011,0.14052011,9,5,0,0,0,1,0,8,1,1,1,52.8
3913071,10260.0,Lena Petermann,Leicester City WFC,0,0,1,0,0.054249864,0.054249864,35,23,0,0,0,2,1,31,3,0,3,101.1
3913071,15575.0,Gabrielle George,Manchester United W,0,0,0,0,0.0,0.0,2,2,0,0,1,0,0,1,0,0,0,8.4
3913071,15720.0,Sophie Howard,Leicester City WFC,0,0,0,0,0.0,0.0,36,25,0,0,6,0,0,6,1,2,1,108.3
3913071,16374.0,Aileen Whelan,Leicester City WFC,1,1,2,0,0.14986048999999999,0.14986048999999999,19,11,0,0,0,0,1,22,3,0,4,108.3
3913071,16381.0,Gemma Evans,Manchester United W,0,0,0,0,0.0,0.0,21,16,0,0,1,0,0,3,0,1,0,25.6
3913071,17275.0,Hannah Jayne Blundell,Manchester United W,0,0,1,0,0.058142677,0.058142677,78,64,0,0,8,1,1,24,1,3,6,108.3
3913071,18253.0,Hannah Cain,Leicester City WFC,0,0,0,0,0.0,0.0,16,9,0,0,1,3,1,9,1,0,6,55.6
3913071,19501.0,Hayley Ladd,Manchester United W,0,0,0,0,0.0,0.0,15,12,0,1,2,0,0,17,2,1,3,63.8
3913071,22337.0,Maya Le Tissier,Manchester United W,1,1,1,0,0.102719545,0.102719545,91,76,0,0,10,5,0,16,1,1,7,108.3
3913071,25513.0,Lucía García Córdoba,Manchester United W,0,0,3,0,0.702632362,0.702632362,13,10,0,2,0,1,2,26,1,0,4,64.0
3913071,25601.0,Deanne Cynthia Rose,Leicester City WFC,0,0,0,0,0.0,0.0,12,9,0,0,1,1,0,7,0,0,4,55.6
3913071,25662.0,Catherine Joan Bott,Leicester City WFC,0,0,0,0,0.0,0.0,39,24,0,0,4,1,0,19,2,5,5,108.3
3913071,25785.0,Jayde Yuk Fun Riviere,Manchester United W,0,0,0,0,0.0,0.0,38,31,0,1,4,1,2,14,7,2,3,74.3
3913071,30856.0,Julie Thibaud,Leicester City WFC,0,0,0,0,0.0,0.0,11,9,0,0,4,2,0,0,0,0,2,18.2
3913071,31534.0,Ella Toone,Manchester United W,0,0,0,0,0.0,0.0,26,21,0,0,4,1,0,10,1,0,2,44.9
3913071,31536.0,Millie Turner,Manchester United W,0,0,0,0,0.0,0.0,83,78,0,0,4,1,0,10,0,1,7,108.3
3913071,31538.0,Mary Alexandra Earps,Manchester United W,0,0,0,0,0.0,0.0,48,40,0,0,11,1,0,0,0,0,3,108.3
3913071,31539.0,Leah Galton,Manchester United W,0,0,2,0,0.23353080999999998,0.23353080999999998,21,14,0,0,1,0,2,6,0,0,3,44.4
3913071,31540.0,Katie Zelem,Manchester United W,0,0,3,0,0.16328437299999998,0.16328437299999998,69,53,1,4,13,0,2,25,6,1,11,108.3
3913071,31563.0,Rachel Williams,Manchester United W,0,0,1,0,0.2219069,0.2219069,10,7,0,0,0,0,0,10,1,0,1,44.6
3913071,31614.0,Melvine Malard,Manchester United W,0,0,2,0,0.24605708,0.24605708,23,16,0,2,1,1,1,15,2,1,9,63.5
3913071,46988.0,Janina Leitzig,Leicester City WFC,0,0,0,0,0.0,0.0,42,32,0,0,13,0,0,0,0,0,6,108.3
3913071,112522.0,Missy Goodwin,Leicester City WFC,0,0,0,0,0.0,0.0,6,4,0,0,0,0,1,7,0,0,4,52.8
3913071,132033.0,Courtney Jade Nevin,Leicester City WFC,0,0,0,0,0.0,0.0,29,21,0,1,4,2,0,9,1,3,2,108.3
3913071,135753.0,Samantha Tierney,Leicester City WFC,0,0,0,0,0.0,0.0,31,24,0,1,5,0,0,19,0,0,7,106.9
3913071,135759.0,Shannon O’Brien,Leicester City WFC,0,0,0,0,0.0,0.0,15,10,0,1,1,2,0,17,9,1,6,52.0
3913071,224822.0,Jutta Rantala,Leicester City WFC,0,0,0,0,0.0,0.0,19,12,0,0,5,1,0,10,1,0,3,55.6
3913071,401932.0,Hinata Miyazawa,Manchester United W,0,0,3,0,0.40180068399999996,0.40180068399999996,42,31,0,1,2,2,2,26,2,3,10,108.3
3913071,410668.0,Denny Draper,Leicester City WFC,0,0,0,0,0.0,0.0,1,1,0,0,0,0,0,2,1,0,0,6.7
3913072,4649.0,Esme Beth Morgan,Manchester City WFC,0,0,0,0,0.0,0.0,83,81,0,0,15,6,0,12,1,0,5,76.0
3913072,5078.0,Alanna Stephanie Kennedy,Manchester City WFC,0,0,1,0,0.056236055,0.056236055,126,121,0,0,23,3,1,6,2,0,8,101.6
3913072,10185.0,Stephanie Houghton,Manchester City WFC,0,0,0,0,0.0,0.0,19,18,0,0,2,0,0,1,0,0,0,12.0
3913072,10252.0,Alex Greenwood,Manchester City WFC,0,0,0,0,0.0,0.0,160,145,1,4,13,3,1,5,0,0,8,101.6
3913072,10650.0,Jill Roord,Manchester City WFC,2,2,4,0,0.970620486,0.970620486,45,42,0,1,1,0,2,8,1,0,8,89.4
3913072,15570.0,Chloe Kelly,Manchester City WFC,0,0,6,0,0.257877174,0.257877174,64,48,0,1,1,0,1,17,1,0,7,101.6
3913072,15706.0,Rachel Furness,Bristol City WFC,0,0,1,0,0.020050148,0.020050148,25,12,0,0,1,0,0,25,2,2,6,101.6
3913072,15716.0,Emily Syme,Bristol City WFC,0,0,0,0,0.0,0.0,2,2,0,0,0,0,0,2,0,0,0,11.3
3913072,15788.0,Amalie Grønbak Thestrup,Bristol City WFC,0,0,0,0,0.0,0.0,14,8,0,1,0,0,0,43,2,0,3,84.9
3913072,19416.0,Laura Coombs,Manchester City WFC,0,0,1,0,0.09198725,0.09198725,12,11,0,0,0,0,0,2,0,0,4,11.8
3913072,19417.0,Amy Rodgers,Bristol City WFC,0,0,0,0,0.0,0.0,18,11,0,0,1,1,0,50,4,1,2,101.6
3913072,19498.0,Jessica Park,Manchester City WFC,0,0,0,0,0.0,0.0,14,12,0,0,0,0,0,2,0,0,2,25.6
3913072,23413.0,Megan Connolly,Bristol City WFC,0,0,0,0,0.0,0.0,23,18,0,0,5,0,1,21,1,2,2,101.6
3913072,25554.0,Khadija Monifa Shaw,Manchester City WFC,2,2,8,0,1.314226425,1.314226425,11,6,0,1,0,3,2,10,0,0,5,100.7
3913072,25632.0,Yui Hasegawa,Manchester City WFC,0,0,2,0,0.14939557599999997,0.14939557599999997,71,65,0,1,3,2,2,13,3,1,7,89.8
3913072,32169.0,Jamie-Lee Napier,Bristol City WFC,0,0,0,0,0.0,0.0,15,5,0,0,1,0,0,34,2,2,4,101.6
3913072,32210.0,Laia Aleixandri López,Manchester City WFC,1,1,1,0,0.15407231,0.15407231,103,101,0,1,6,1,1,12,3,0,6,89.6
3913072,35693.0,Mary Boio Fowler,Manchester City WFC,0,0,1,0,0.038753342,0.038753342,65,52,2,0,5,1,4,10,2,0,7,101.6
3913072,40985.0,Kaylan Marckese,Bristol City WFC,0,0,0,0,0.0,0.0,24,20,0,0,6,0,0,0,0,0,2,101.6
3913072,41812.0,Ruby Mace,Manchester City WFC,0,0,0,0,0.0,0.0,22,20,0,0,0,0,0,1,0,0,2,25.6
3913072,42836.0,Ella Powell,Bristol City WFC,0,0,0,0,0.0,0.0,6,2,0,0,0,0,0,10,1,1,3,33.4
3913072,46741.0,Naomi Layzell,Bristol City WFC,0,0,0,0,0.0,0.0,28,20,0,0,14,0,0,30,1,3,3,101.6
3913072,49938.0,Deyna Cristina Castellanos Naujenis,Manchester City WFC,0,0,0,0,0.0,0.0,2,1,0,0,0,0,0,4,0,0,1,12.2
3913072,62666.0,Ingrid Filippa Angeldal,Manchester City WFC,0,0,1,0,0.029809313,0.029809313,57,44,0,2,6,1,1,19,2,0,5,76.1
3913072,84765.0,Carrie Jones,Bristol City WFC,0,0,0,0,0.0,0.0,6,5,0,0,1,0,0,23,1,0,2,51.5
3913072,92248.0,Khiara Keating,Manchester City WFC,0,0,0,0,0.0,0.0,14,14,0,0,5,0,0,0,0,0,0,101.6
3913072,185543.0,Ffion Morgan,Bristol City WFC,0,0,1,0,0.06685441,0.06685441,5,3,0,0,0,1,0,13,0,2,0,50.1
3913072,185545.0,Brooke Aspin,Bristol City WFC,0,0,0,0,0.0,0.0,20,13,0,0,2,2,0,11,1,1,1,90.3
3913072,326618.0,Chloe Mustaki,Bristol City WFC,0,0,0,0,0.0,0.0,13,6,0,0,1,0,0,17,1,0,0,51.5
3913072,326622.0,Tianna Teisar,Bristol City WFC,0,0,0,0,0.0,0.0,1,1,0,0,0,0,0,8,0,0,1,16.8
3913072,337710.0,Cecilie Maag Struck,Bristol City WFC,0,0,0,0,0.0,0.0,10,8,0,0,3,0,0,7,0,1,0,68.1
3913072,345061.0,Mari Ward,Bristol City WFC,0,0,0,0,0.0,0.0,8,4,0,0,1,1,1,16,0,1,3,50.1
3913073,4984.0,Rachel Corsie,Aston Villa W,0,0,0,0,0.0,0.0,29,22,0,0,5,0,0,10,1,0,4,108.0
3913073,5000.0,Stephanie-Elise Catley,Arsenal WFC,0,0,1,0,0.029847296,0.029847296,88,75,0,4,20,1,0,6,1,0,10,109.3
3913073,5058.0,Rachel Daly,Aston Villa W,0,0,2,0,0.0583792645,0.0583792645,22,16,0,0,2,2,0,15,0,1,4,108.7
3913073,8297.0,Adriana Kristina Leon,Aston Villa W,0,0,0,0,0.0,0.0,3,1,0,0,0,0,0,2,1,0,0,7.3
3913073,10192.0,Jordan Nobbs,Aston Villa W,0,0,0,0,0.0,0.0,7,7,0,0,0,0,0,3,0,0,1,31.8
3913073,10229.0,Emma Stina Blackstenius,Arsenal WFC,0,0,7,0,0.8344621569999999,0.8344621569999999,6,4,0,0,1,1,0,1,0,0,1,28.7
3913073,10237.0,Manuela Zinsberger,Arsenal WFC,0,0,0,0,0.0,0.0,21,18,0,0,7,0,0,0,0,0,3,109.3
3913073,10404.0,Noelle Maritz,Arsenal WFC,0,0,0,0,0.0,0.0,53,43,0,2,5,1,0,10,1,0,1,92.8
3913073,10405.0,Lia Wälti,Arsenal WFC,0,0,3,0,0.248831114,0.248831114,74,66,0,0,11,0,0,18,4,1,4,80.7
3913073,10516.0,Frida Maanum,Arsenal WFC,0,0,3,0,0.1003467334,0.1003467334,31,20,0,1,1,1,0,13,2,1,5,66.9
3913073,11338.0,Caitlin Jade Foord,Arsenal WFC,0,0,4,0,0.2884929,0.2884929,46,33,0,3,3,4,2,15,3,0,10,109.3
3913073,15559.0,Simone Magill,Aston Villa W,0,0,1,0,0.07773509,0.07773509,17,8,0,0,0,1,0,27,5,0,2,77.5
3913073,15562.0,Lucy Staniforth,Aston Villa W,0,0,1,0,0.012567664,0.012567664,45,31,1,1,3,0,1,29,4,1,7,109.0
3913073,15571.0,Danielle Turner,Aston Villa W,0,0,0,0,0.0,0.0,31,24,0,0,8,0,0,8,2,1,0,102.0
3913073,15616.0,Kim Little,Arsenal WFC,0,0,0,0,0.0,0.0,63,58,0,2,12,1,1,18,2,1,9,108.9
3913073,15619.0,Bethany Mead,Arsenal WFC,0,0,0,0,0.0,0.0,6,4,1,1,2,0,0,0,0,0,0,16.5
3913073,15620.0,Katie McCabe,Arsenal WFC,1,1,7,0,0.45922301899999995,0.45922301899999995,57,41,0,4,7,2,2,10,4,0,14,109.3
3913073,15724.0,Mayumi Pacheco,Aston Villa W,1,1,1,0,0.12733008,0.12733008,34,26,0,0,2,1,0,14,0,1,3,91.5
3913073,18153.0,Alisha Lehmann,Aston Villa W,0,0,0,0,0.0,0.0,0,0,0,0,0,0,0,2,0,0,0,7.3
3913073,19500.0,Sarah Emma Mayling,Aston Villa W,0,0,0,0,0.0,0.0,24,17,0,0,0,0,0,26,2,3,6,102.0
3913073,26092.0,Amanda Ilestedt,Arsenal WFC,0,0,0,0,0.0,0.0,61,53,0,0,11,0,0,3,1,0,4,67.9
3913073,31527.0,Ebony Salmon,Aston Villa W,0,0,0,0,0.0,0.0,0,0,0,0,0,0,0,2,0,0,1,17.0
3913073,32339.0,Daphne van Domselaar,Aston Villa W,0,0,0,0,0.0,0.0,54,37,0,0,8,0,0,0,0,0,10,109.3
3913073,33675.0,Laura Madison Blindkilde Brown,Aston Villa W,0,0,0,0,0.0,0.0,18,15,0,0,0,1,0,28,3,1,4,92.4
3913073,47521.0,Alessia Russo,Arsenal WFC,1,1,3,0,0.150176286,0.150176286,32,23,0,1,5,2,1,26,4,0,9,109.3
3913073,49697.0,Carlotte Wubben-Moy,Arsenal WFC,0,0,0,0,0.0,0.0,95,86,0,1,22,3,1,7,1,1,6,109.3
3913073,62906.0,Cloé Zoé Eyja Lacasse,Arsenal WFC,0,0,1,0,0.01688052,0.01688052,19,15,0,1,1,0,0,5,1,0,3,41.6
3913073,63788.0,Victoria Pelova,Arsenal WFC,0,0,0,0,0.0,0.0,20,16,1,0,1,1,0,8,2,0,3,41.4
3913073,77717.0,Olivia McLoughlin,Aston Villa W,0,0,0,0,0.0,0.0,5,4,0,0,0,0,0,2,1,0,3,17.8
3913073,78072.0,Anna Patten,Aston Villa W,0,0,0,0,0.0,0.0,32,26,0,0,7,1,1,6,0,2,5,109.3
3913073,135947.0,Lucy Parker,Aston Villa W,0,0,0,0,0.0,0.0,25,19,0,1,3,1,1,27,2,0,10,109.3
3913074,4636.0,Maria Thorisdottir,Brighton & Hove Albion WFC,0,0,0,0,0.0,0.0,55,45,0,0,9,4,1,8,0,2,4,98.9
3913074,4638.0,Drew Spence,Tottenham Hotspur Women,0,0,4,0,0.307351465,0.307351465,30,23,0,2,4,2,0,8,2,0,8,65.4
3913074,4848.0,Ashleigh Neville,Tottenham Hotspur Women,0,0,2,0,0.15697786,0.15697786,71,55,0,0,7,2,0,24,5,2,14,98.9
3913074,10158.0,María Victoria Losada Gómez,Brighton & Hove Albion WFC,0,0,1,0,0.007609495,0.007609495,41,31,0,0,4,1,0,28,4,1,6,75.4
3913074,10167.0,Tatiana Vanessa Ferreira Pinto,Brighton & Hove Albion WFC,0,0,0,0,0.0,0.0,15,13,0,0,3,0,0,7,1,0,1,23.5
3913074,15577.0,Angharad James,Tottenham Hotspur Women,0,0,0,0,0.0,0.0,59,50,0,2,14,0,0,12,3,0,5,98.9
3913074,17274.0,Poppy Pattinson,Brighton & Hove Albion WFC,0,0,0,0,0.0,0.0,22,16,0,0,3,0,0,10,5,0,3,48.2
3913074,18145.0,Ria Percival,Tottenham Hotspur Women,1,1,1,0,0.1276078,0.1276078,4,3,0,0,0,0,0,0,0,0,1,6.7
3913074,18158.0,Rebecca Leigh Spencer,Tottenham Hotspur Women,0,0,0,0,0.0,0.0,41,40,0,0,15,0,0,0,0,0,2,98.9
3913074,20725.0,Pauline Bremer,Brighton & Hove Albion WFC,0,0,0,0,0.0,0.0,28,25,0,1,1,2,1,17,4,1,4,98.9
3913074,21021.0,Molly Bartrip,Tottenham Hotspur Women,0,0,0,0,0.0,0.0,63,59,0,0,6,3,0,14,1,2,1,98.9
3913074,21048.0,Rosella Ayane,Tottenham Hotspur Women,0,0,1,0,0.039922718,0.039922718,7,7,0,1,0,1,0,7,3,0,2,19.7
3913074,21059.0,Katie Robinson,Brighton & Hove Albion WFC,0,0,0,0,0.0,0.0,37,27,0,1,3,5,0,16,2,2,4,98.9
3913074,25453.0,Geum-Min Lee,Brighton & Hove Albion WFC,0,0,0,0,0.0,0.0,27,20,0,0,6,0,1,7,0,0,5,50.7
3913074,26094.0,Julia Zigiotti-Olme,Brighton & Hove Albion WFC,0,0,1,0,0.053317536,0.053317536,40,31,0,1,3,2,0,33,5,2,4,98.9
3913074,31551.0,Kit Graham,Tottenham Hotspur Women,0,0,0,0,0.0,0.0,14,9,0,1,4,1,1,3,2,0,3,20.1
3913074,31558.0,Martha Thomas,Tottenham Hotspur Women,1,1,4,0,0.516301644,0.516301644,21,12,0,0,2,2,3,19,0,0,4,92.2
3913074,34500.0,Emma Nanny Charlotte Kullberg,Brighton & Hove Albion WFC,0,0,0,0,0.0,0.0,23,20,0,0,6,0,0,12,3,0,1,50.7
3913074,46740.0,Grace Clinton,Tottenham Hotspur Women,1,1,3,0,0.119245635,0.119245635,32,23,0,1,0,2,4,18,1,0,7,79.2
3913074,46972.0,Luana Bühler,Tottenham Hotspur Women,0,0,1,0,0.20264708,0.20264708,66,61,0,0,10,1,1,10,1,1,3,98.9
3913074,61467.0,Jessica Naz,Tottenham Hotspur Women,0,0,0,0,0.0,0.0,17,12,1,1,1,6,0,4,1,0,2,33.5
3913074,85004.0,Maisie Symonds,Brighton & Hove Albion WFC,0,0,0,0,0.0,0.0,20,16,1,0,2,1,0,12,0,0,5,48.2
3913074,87194.0,Celin Bizet Ildhusøy,Tottenham Hotspur Women,0,0,4,0,0.247878526,0.247878526,33,23,0,0,1,2,3,17,1,0,7,78.8
3913074,191850.0,Eveliina Summanen,Tottenham Hotspur Women,0,0,0,0,0.0,0.0,78,67,0,2,13,1,0,21,5,1,9,98.9
3913074,229194.0,Olga Ahtinen,Tottenham Hotspur Women,0,0,0,0,0.0,0.0,74,68,1,0,7,1,1,18,5,1,3,98.9
3913074,276301.0,Elisabeth Terland,Brighton & Hove Albion WFC,1,1,2,0,0.241341392,0.241341392,10,8,0,0,0,0,0,13,0,0,1,48.2
3913074,276304.0,Guro Bergsvand,Brighton & Hove Albion WFC,0,0,0,0,0.0,0.0,71,62,0,0,13,2,0,17,3,0,5,98.9
3913074,276896.0,Nicky Evrard,Brighton & Hove Albion WFC,0,0,0,0,0.0,0.0,48,37,0,0,7,0,0,0,0,0,9,98.9
3913074,405180.0,Charlize Jayde Rule,Brighton & Hove Albion WFC,0,0,0,0,0.0,0.0,50,40,0,1,3,1,0,15,2,3,7,98.9
3913074,405188.0,Madison Haley,Brighton & Hove Albion WFC,0,0,4,0,0.56697734,0.56697734,16,12,0,0,0,1,0,10,0,0,4,50.7
3913075,4638.0,Drew Spence,Tottenham Hotspur Women,0,0,2,0,0.1504027,0.1504027,17,15,0,1,2,0,1,11,0,1,3,43.5
3913075,4848.0,Ashleigh Neville,Tottenham Hotspur Women,1,1,1,0,0.119569995,0.119569995,55,49,0,3,6,2,1,26,4,3,9,103.6
3913075,4984.0,Rachel Corsie,Aston Villa W,0,0,1,0,0.27738953,0.27738953,86,78,0,2,17,6,0,11,1,0,5,103.6
3913075,5058.0,Rachel Daly,Aston Villa W,1,0,3,1,0.857501416,0.074001416,27,22,0,0,0,0,1,27,0,1,0,103.6
3913075,8297.0,Adriana Kristina Leon,Aston Villa W,0,0,1,0,0.08602634,0.08602634,20,10,0,1,0,3,2,11,1,0,6,68.6
3913075,10192.0,Jordan Nobbs,Aston Villa W,0,0,1,0,0.07487485,0.07487485,28,21,0,0,1,0,0,14,1,0,5,69.4
3913075,15559.0,Simone Magill,Aston Villa W,0,0,0,0,0.0,0.0,10,4,0,0,0,0,0,16,1,1,1,34.2
3913075,15562.0,Lucy Staniforth,Aston Villa W,0,0,1,0,0.006859329,0.006859329,70,59,0,3,7,0,0,19,3,3,5,87.1
3913075,15571.0,Danielle Turner,Aston Villa W,0,0,1,0,0.025811272,0.025811272,64,53,0,0,8,0,0,11,3,0,6,103.6
3913075,15577.0,Angharad James,Tottenham Hotspur Women,0,0,0,0,0.0,0.0,54,44,0,0,12,1,0,16,3,2,6,90.3
3913075,15724.0,Mayumi Pacheco,Aston Villa W,0,0,0,0,0.0,0.0,20,14,0,0,1,0,0,11,1,1,5,33.9
3913075,18158.0,Rebecca Leigh Spencer,Tottenham Hotspur Women,0,0,0,0,0.0,0.0,41,39,0,0,10,2,0,0,0,0,5,103.6
3913075,19500.0,Sarah Emma Mayling,Aston Villa W,0,0,0,0,0.0,0.0,16,11,0,0,2,0,0,9,2,1,0,34.5
3913075,21021.0,Molly Bartrip,Tottenham Hotspur Women,0,0,0,0,0.0,0.0,50,45,0,0,6,0,0,5,0,0,6,103.6
3913075,31527.0,Ebony Salmon,Aston Villa W,0,0,2,0,0.16303296,0.16303296,19,11,0,1,0,1,1,11,0,2,3,69.7
3913075,31551.0,Kit Graham,Tottenham Hotspur Women,0,0,0,0,0.0,0.0,2,2,0,0,1,0,0,2,0,0,0,7.6
3913075,31558.0,Martha Thomas,Tottenham Hotspur Women,3,3,4,0,0.335989352,0.335989352,23,15,0,1,1,2,0,18,2,2,3,94.8
3913075,32339.0,Daphne van Domselaar,Aston Villa W,0,0,0,0,0.0,0.0,56,49,0,0,12,0,0,0,0,0,4,103.6
3913075,33675.0,Laura Madison Blindkilde Brown,Aston Villa W,0,0,1,0,0.14064106,0.14064106,50,41,0,1,4,1,0,29,3,3,9,103.6
3913075,46541.0,Asmita Ale,Tottenham Hotspur Women,0,0,0,0,0.0,0.0,11,6,0,0,1,1,0,2,1,0,2,13.3
3913075,46740.0,Grace Clinton,Tottenham Hotspur Women,0,0,4,0,0.21571927400000002,0.21571927400000002,39,31,1,2,2,4,4,27,5,0,6,96.0
3913075,46972.0,Luana Bühler,Tottenham Hotspur Women,0,0,0,0,0.0,0.0,67,62,0,0,12,1,1,11,1,1,4,103.2
3913075,61467.0,Jessica Naz,Tottenham Hotspur Women,0,0,2,0,0.086257876,0.086257876,22,17,1,1,1,5,0,12,0,0,3,60.1
3913075,77717.0,Olivia McLoughlin,Aston Villa W,0,0,0,0,0.0,0.0,5,4,0,0,1,0,0,6,0,0,1,16.6
3913075,78072.0,Anna Patten,Aston Villa W,0,0,0,0,0.0,0.0,70,66,0,0,15,3,0,9,2,2,4,103.6
3913075,87194.0,Celin Bizet Ildhusøy,Tottenham Hotspur Women,0,0,1,0,0.061489817,0.061489817,39,30,0,1,4,4,2,27,5,1,6,103.6
3913075,135947.0,Lucy Parker,Aston Villa W,1,1,3,0,0.24031091000000002,0.24031091000000002,51,39,0,1,8,5,1,19,2,1,10,103.6
3913075,191850.0,Eveliina Summanen,Tottenham Hotspur Women,0,0,2,0,0.17979135000000002,0.17979135000000002,70,53,0,0,7,2,1,22,3,2,7,103.6
3913075,229194.0,Olga Ahtinen,Tottenham Hotspur Women,0,0,1,0,0.050655648,0.050655648,71,65,1,3,16,2,1,21,1,2,3,103.6
3913075,402025.0,Linyan Zhang,Tottenham Hotspur Women,0,0,1,0,0.17119224,0.17119224,2,1,0,0,0,0,1,1,1,0,0,7.8
3913076,4649.0,Esme Beth Morgan,Manchester City WFC,0,0,2,0,0.142675084,0.142675084,38,33,0,0,4,0,0,14,4,1,3,99.0
3913076,5078.0,Alanna Stephanie Kennedy,Manchester City WFC,0,0,0,0,0.0,0.0,41,34,0,0,7,1,0,8,1,1,7,99.0
3913076,10252.0,Alex Greenwood,Manchester City WFC,0,0,0,0,0.0,0.0,64,48,0,1,12,0,0,4,1,1,12,99.0
3913076,10260.0,Lena Petermann,Leicester City WFC,0,0,2,0,0.29891981300000003,0.29891981300000003,22,12,0,0,1,1,0,21,0,0,5,99.0
3913076,10650.0,Jill Roord,Manchester City WFC,0,0,1,0,0.24839309,0.24839309,33,28,1,1,7,3,1,23,0,1,3,99.0
3913076,15555.0,Lauren Hemp,Manchester City WFC,0,0,2,0,0.17713573,0.17713573,6,2,0,0,0,2,0,7,0,0,1,35.9
3913076,15570.0,Chloe Kelly,Manchester City WFC,1,1,3,0,0.40918943999999996,0.40918943999999996,17,14,0,0,0,0,0,17,0,1,2,63.2
3913076,15720.0,Sophie Howard,Leicester City WFC,0,0,1,0,0.12250527,0.12250527,54,41,0,0,7,1,0,24,6,3,5,98.0
3913076,16374.0,Aileen Whelan,Leicester City WFC,0,0,1,0,0.1453454,0.1453454,26,17,0,1,2,1,1,28,1,3,3,74.6
3913076,18253.0,Hannah Cain,Leicester City WFC,0,0,1,0,0.028663442,0.028663442,16,7,0,1,1,1,0,21,0,0,4,99.0
3913076,19498.0,Jessica Park,Manchester City WFC,0,0,1,0,0.39031667,0.39031667,17,11,0,1,1,3,0,10,1,0,2,35.9
3913076,25554.0,Khadija Monifa Shaw,Manchester City WFC,0,0,6,0,0.65334474,0.65334474,38,24,0,4,2,3,3,17,1,1,6,98.2
3913076,25601.0,Deanne Cynthia Rose,Leicester City WFC,0,0,0,0,0.0,0.0,6,4,0,0,1,1,0,4,0,1,1,24.5
3913076,25632.0,Yui Hasegawa,Manchester City WFC,0,0,1,0,0.06338739,0.06338739,53,44,0,3,6,0,0,29,1,3,12,99.0
3913076,25662.0,Catherine Joan Bott,Leicester City WFC,0,0,0,0,0.0,0.0,68,49,0,0,6,1,2,22,5,3,11,99.0
3913076,30856.0,Julie Thibaud,Leicester City WFC,0,0,0,0,0.0,0.0,66,42,0,0,6,0,1,21,1,2,8,99.0
3913076,32210.0,Laia Aleixandri López,Manchester City WFC,0,0,0,0,0.0,0.0,67,57,0,1,4,0,0,14,6,3,5,99.0
3913076,35693.0,Mary Boio Fowler,Manchester City WFC,0,0,1,0,0.027144464,0.027144464,20,15,0,0,2,1,0,19,2,2,5,63.2
3913076,46988.0,Janina Leitzig,Leicester City WFC,0,0,0,0,0.0,0.0,54,47,0,0,17,0,0,0,0,0,6,99.0
3913076,62666.0,Ingrid Filippa Angeldal,Manchester City WFC,0,0,1,0,0.39839396,0.39839396,39,26,0,2,1,1,2,26,4,0,9,99.0
3913076,92248.0,Khiara Keating,Manchester City WFC,0,0,0,0,0.0,0.0,41,19,0,0,13,0,0,2,0,0,2,99.0
3913076,112522.0,Missy Goodwin,Leicester City WFC,0,0,0,0,0.0,0.0,1,0,0,0,0,0,0,4,0,0,0,11.2
3913076,132033.0,Courtney Jade Nevin,Leicester City WFC,0,0,0,0,0.0,0.0,44,34,0,1,12,0,0,14,2,1,8,99.0
3913076,135753.0,Samantha Tierney,Leicester City WFC,0,0,3,0,0.479975706,0.479975706,41,22,0,1,4,0,2,28,3,1,8,99.0
3913076,135759.0,Shannon O’Brien,Leicester City WFC,0,0,2,0,0.18640611999999998,0.18640611999999998,23,17,0,1,1,4,3,32,3,0,5,87.8
3913076,224822.0,Jutta Rantala,Leicester City WFC,0,0,2,0,0.118427793,0.118427793,40,22,0,1,1,2,0,28,4,0,4,99.0
3913077,4636.0,Maria Thorisdottir,Brighton & Hove Albion WFC,0,0,0,0,0.0,0.0,24,19,0,0,1,0,0,12,3,5,6,99.5
3913077,4641.0,Francesca Kirby,Chelsea FCW,0,0,3,0,0.6430360900000001,0.6430360900000001,35,29,0,2,3,0,1,19,3,0,2,58.8
3913077,4642.0,Millie Bright,Chelsea FCW,0,0,1,0,0.027034031,0.027034031,91,78,0,1,16,1,0,5,2,0,4,99.5
3913077,4961.0,Samantha May Kerr,Chelsea FCW,0,0,2,0,0.18031629200000002,0.18031629200000002,27,22,1,3,2,0,0,4,0,1,0,82.5
3913077,10158.0,María Victoria Losada Gómez,Brighton & Hove Albion WFC,0,0,0,0,0.0,0.0,46,34,0,1,8,0,0,25,3,2,12,99.5
3913077,10167.0,Tatiana Vanessa Ferreira Pinto,Brighton & Hove Albion WFC,0,0,0,0,0.0,0.0,21,17,0,0,1,3,0,16,0,0,5,61.9
3913077,10418.0,Eve Perisset,Chelsea FCW,0,0,1,0,0.12574351,0.12574351,70,60,0,7,11,2,1,21,3,2,6,99.5
3913077,15357.0,Kadeisha Buchanan,Chelsea FCW,0,0,0,0,0.0,0.0,50,48,0,0,9,0,0,6,1,1,3,48.9
3913077,15549.0,Sophie Louise Ingle,Chelsea FCW,0,0,0,0,0.0,0.0,61,45,0,2,10,1,0,13,1,0,3,82.2
3913077,15560.0,Ann-Katrin Berger,Chelsea FCW,0,0,0,0,0.0,0.0,28,25,0,0,9,1,0,0,0,0,2,99.5
3913077,15631.0,Niamh Charles,Chelsea FCW,0,0,4,0,0.302232743,0.302232743,70,52,0,0,5,3,0,13,2,2,8,99.5
3913077,16376.0,Sophie Baggaley,Brighton & Hove Albion WFC,0,0,0,0,0.0,0.0,45,27,0,0,16,0,0,0,0,0,3,99.5
3913077,19422.0,Jessica Carter,Chelsea FCW,0,0,1,0,0.06311296,0.06311296,92,82,1,0,10,0,0,12,4,0,7,99.5
3913077,20725.0,Pauline Bremer,Brighton & Hove Albion WFC,1,1,4,0,0.924405503,0.924405503,24,16,0,0,1,1,0,20,0,2,3,81.3
3913077,21059.0,Katie Robinson,Brighton & Hove Albion WFC,0,0,0,0,0.0,0.0,21,16,1,2,3,2,1,9,0,0,4,70.6
3913077,25453.0,Geum-Min Lee,Brighton & Hove Albion WFC,0,0,0,0,0.0,0.0,16,14,0,0,0,0,2,6,0,1,1,62.2
3913077,25612.0,Jessie Alexandra Fleming,Chelsea FCW,0,0,2,0,0.55833391,0.55833391,21,16,0,0,0,1,2,11,1,1,3,40.4
3913077,31531.0,Lauren James,Chelsea FCW,0,0,3,0,0.13947205999999998,0.13947205999999998,26,19,0,1,1,2,1,11,1,0,2,59.0
3913077,34500.0,Emma Nanny Charlotte Kullberg,Brighton & Hove Albion WFC,0,0,0,0,0.0,0.0,30,25,0,0,2,2,0,12,1,2,6,99.5
3913077,47008.0,Sjoeke Nüsken,Chelsea FCW,2,2,7,0,1.5035851613,1.5035851613,51,38,1,3,4,0,0,24,2,1,7,99.5
3913077,62709.0,Jelena Canković,Chelsea FCW,0,0,0,0,0.0,0.0,34,30,0,1,2,0,2,7,1,1,5,40.7
3913077,62710.0,Johanna Rytting-Kaneryd,Chelsea FCW,0,0,3,0,0.506290254,0.506290254,18,16,0,1,3,5,2,14,0,2,4,50.5
3913077,81580.0,Agnes Beever-Jones,Chelsea FCW,1,1,3,0,0.8870604950000001,0.8870604950000001,5,4,0,0,0,1,0,5,0,0,3,17.2
3913077,85004.0,Maisie Symonds,Brighton & Hove Albion WFC,0,0,0,0,0.0,0.0,18,13,1,0,3,1,1,13,1,0,6,37.5
3913077,105102.0,Veatriki Sarri,Brighton & Hove Albion WFC,0,0,1,0,0.08905119,0.08905119,9,7,0,1,0,1,2,13,2,0,3,28.9
3913077,131575.0,Mengwen Li,Brighton & Hove Albion WFC,0,0,0,0,0.0,0.0,26,19,0,0,9,1,0,16,0,0,4,70.8
3913077,276301.0,Elisabeth Terland,Brighton & Hove Albion WFC,1,1,1,0,0.3192088,0.3192088,7,5,0,0,0,1,1,9,1,0,0,37.2
3913077,276304.0,Guro Bergsvand,Brighton & Hove Albion WFC,0,0,0,0,0.0,0.0,31,29,0,0,9,0,0,13,0,2,3,99.5
3913077,361311.0,Mia Renee Fishel,Chelsea FCW,0,0,0,0,0.0,0.0,3,2,0,0,0,1,0,4,0,0,0,17.0
3913077,388473.0,Jorelyn Andrea Daniela Carabalí Martínez,Brighton & Hove Albion WFC,0,0,1,0,0.055721488,0.055721488,43,29,0,0,9,1,1,22,3,5,2,99.5
3913077,405180.0,Charlize Jayde Rule,Brighton & Hove Albion WFC,0,0,0,0,0.0,0.0,15,13,0,0,3,0,0,2,0,2,0,28.7
3913077,405188.0,Madison Haley,Brighton & Hove Albion WFC,0,0,0,0,0.0,0.0,3,3,0,0,0,0,0,1,1,0,0,18.1
3913078,4654.0,Nikita Parris,Manchester United W,2,2,5,0,0.88569135,0.88569135,22,18,1,2,3,0,0,39,4,0,4,94.8
3913078,10088.0,Katrine Veje,Everton LFC,0,0,1,0,0.03162231,0.03162231,68,61,0,1,9,5,0,7,1,1,5,96.2
3913078,10183.0,Toni Duggan,Everton LFC,0,0,0,0,0.0,0.0,5,5,0,0,0,0,0,3,1,0,2,17.1
3913078,10225.0,Aurora Galli,Everton LFC,0,0,0,0,0.0,0.0,26,18,0,0,0,2,0,14,2,0,2,53.0
3913078,10274.0,Nicoline Sørensen,Everton LFC,0,0,3,0,0.23908030800000002,0.23908030800000002,31,21,0,1,4,4,1,17,1,0,4,79.2
3913078,16381.0,Gemma Evans,Manchester United W,0,0,0,0,0.0,0.0,12,8,0,0,5,0,0,8,2,0,2,22.1
3913078,16382.0,Heather Payne,Everton LFC,0,0,0,0,0.0,0.0,43,31,0,1,1,5,4,33,3,3,5,96.2
3913078,17275.0,Hannah Jayne Blundell,Manchester United W,0,0,2,0,0.046357664,0.046357664,80,69,0,1,10,2,2,14,0,3,3,74.1
3913078,18254.0,Megan Finnigan,Everton LFC,0,0,1,0,0.06860885,0.06860885,56,55,0,1,9,2,3,7,0,0,1,96.2
3913078,22337.0,Maya Le Tissier,Manchester United W,0,0,0,0,0.0,0.0,67,58,1,0,20,4,0,11,1,1,4,96.2
3913078,25513.0,Lucía García Córdoba,Manchester United W,0,0,1,0,0.08243291,0.08243291,29,22,0,2,2,5,1,26,0,1,6,96.2
3913078,25785.0,Jayde Yuk Fun Riviere,Manchester United W,0,0,0,0,0.0,0.0,40,31,1,0,2,2,2,17,2,1,3,96.2
3913078,26093.0,Gun Nathalie Björn,Everton LFC,0,0,0,0,0.0,0.0,66,63,0,0,18,0,1,10,1,1,2,96.2
3913078,31534.0,Ella Toone,Manchester United W,0,0,1,0,0.102291964,0.102291964,49,38,0,1,6,3,0,20,0,1,5,82.9
3913078,31536.0,Millie Turner,Manchester United W,0,0,0,0,0.0,0.0,55,54,0,0,8,0,0,9,1,1,2,96.2
3913078,31538.0,Mary Alexandra Earps,Manchester United W,0,0,0,0,0.0,0.0,36,32,0,0,10,1,0,0,0,0,4,96.2
3913078,31540.0,Katie Zelem,Manchester United W,0,0,0,0,0.0,0.0,53,41,1,0,4,0,0,26,2,0,4,96.2
3913078,31555.0,Courtney Brosnan,Everton LFC,0,0,0,0,0.0,0.0,45,39,0,0,8,0,0,0,0,0,1,96.2
3913078,31563.0,Rachel Williams,Manchester United W,2,2,2,0,0.7688879,0.7688879,6,4,0,0,0,0,0,8,0,0,0,22.5
3913078,31614.0,Melvine Malard,Manchester United W,1,1,3,0,0.506703936,0.506703936,9,7,0,0,0,2,1,40,1,0,1,73.7
3913078,32230.0,Karen Holmgaard,Everton LFC,0,0,0,0,0.0,0.0,18,16,0,1,2,0,0,6,2,0,1,29.6
3913078,34499.0,Hanna Ulrika Bennison,Everton LFC,0,0,3,0,0.13685478,0.13685478,18,13,0,1,2,1,1,10,0,0,5,66.7
3913078,45737.0,Martina Piemonte,Everton LFC,0,0,0,0,0.0,0.0,3,3,0,0,0,0,0,0,0,0,0,16.9
3913078,46459.0,Katja Snoeijs,Everton LFC,0,0,1,0,0.06203178,0.06203178,13,8,0,0,0,0,0,12,1,1,0,79.0
3913078,46738.0,Emma Bissell,Everton LFC,0,0,0,0,0.0,0.0,6,5,0,0,0,1,1,7,0,0,2,29.4
3913078,50150.0,Irene Guerrero Sanmartín,Manchester United W,0,0,0,0,0.0,0.0,6,5,1,2,3,1,0,5,0,0,0,13.3
3913078,63308.0,Justine Vanhaevermaet,Everton LFC,0,0,0,0,0.0,0.0,45,31,0,0,3,2,1,10,1,1,3,66.5
3913078,338059.0,Clare Wheeler,Everton LFC,0,0,1,0,0.0815197,0.0815197,54,40,0,0,9,6,1,14,4,2,4,96.2
3913078,401932.0,Hinata Miyazawa,Manchester United W,0,0,4,0,0.556720535,0.556720535,36,30,0,1,5,2,0,37,2,2,5,96.2
3913078,410042.0,Karoline Olesen,Everton LFC,0,0,0,0,0.0,0.0,18,11,0,0,0,2,0,14,1,0,3,43.2
3913079,5000.0,Stephanie-Elise Catley,Arsenal WFC,0,0,1,0,0.085453235,0.085453235,108,93,0,2,9,1,0,1,1,0,4,101.3
3913079,10237.0,Manuela Zinsberger,Arsenal WFC,0,0,0,0,0.0,0.0,14,13,0,0,1,0,0,0,0,0,2,101.3
3913079,10404.0,Noelle Maritz,Arsenal WFC,0,0,0,0,0.0,0.0,73,61,0,1,5,2,0,12,2,0,3,101.3
3913079,10405.0,Lia Wälti,Arsenal WFC,0,0,1,0,0.043077853,0.043077853,84,79,0,1,16,1,1,13,3,1,7,101.3
3913079,10516.0,Frida Maanum,Arsenal WFC,0,0,3,0,0.140332831,0.140332831,18,17,0,0,1,1,0,2,1,0,5,33.5
3913079,11338.0,Caitlin Jade Foord,Arsenal WFC,0,0,5,0,0.548735891,0.548735891,52,43,0,4,2,3,6,16,1,0,6,101.3
3913079,15616.0,Kim Little,Arsenal WFC,0,0,3,0,0.19315314,0.19315314,51,42,0,1,4,1,1,18,1,0,9,101.3
3913079,15619.0,Bethany Mead,Arsenal WFC,0,0,2,0,0.27670708,0.27670708,13,9,0,0,0,0,1,8,1,1,2,33.2
3913079,15620.0,Katie McCabe,Arsenal WFC,2,2,6,0,0.6198758249999999,0.6198758249999999,61,47,0,2,3,2,0,8,2,1,6,101.3
3913079,15623.0,Vivianne Miedema,Arsenal WFC,0,0,0,0,0.0,0.0,4,4,0,0,1,0,0,1,0,0,1,4.6
3913079,15629.0,Satara Murray,Bristol City WFC,0,0,0,0,0.0,0.0,4,3,0,0,1,0,1,8,2,0,4,35.6
3913079,15706.0,Rachel Furness,Bristol City WFC,1,1,1,0,0.10825147,0.10825147,17,9,0,0,2,0,0,23,2,3,1,101.3
3913079,15716.0,Emily Syme,Bristol City WFC,0,0,0,0,0.0,0.0,2,1,0,0,0,0,0,6,0,0,0,21.2
3913079,15788.0,Amalie Grønbak Thestrup,Bristol City WFC,0,0,0,0,0.0,0.0,10,7,0,0,0,0,1,28,1,0,2,80.2
3913079,19417.0,Amy Rodgers,Bristol City WFC,0,0,0,0,0.0,0.0,19,13,0,0,3,0,1,18,0,1,5,80.2
3913079,19499.0,Shania Hayles,Bristol City WFC,0,0,0,0,0.0,0.0,2,2,0,0,0,0,0,8,0,0,1,21.1
3913079,23413.0,Megan Connolly,Bristol City WFC,0,0,0,0,0.0,0.0,17,9,0,0,3,0,0,10,3,0,3,101.3
3913079,32169.0,Jamie-Lee Napier,Bristol City WFC,0,0,0,0,0.0,0.0,21,13,1,0,4,1,1,21,3,2,3,101.3
3913079,32694.0,Laia Codina Panedas,Arsenal WFC,0,0,1,0,0.06823719,0.06823719,76,71,0,0,10,4,0,2,0,1,4,68.1
3913079,42836.0,Ella Powell,Bristol City WFC,0,0,0,0,0.0,0.0,21,8,0,0,1,0,1,20,1,1,4,101.3
3913079,46741.0,Naomi Layzell,Bristol City WFC,0,0,0,0,0.0,0.0,29,10,0,0,5,1,0,20,2,2,4,101.3
3913079,47521.0,Alessia Russo,Arsenal WFC,0,0,1,0,0.034241993,0.034241993,45,37,0,3,3,2,1,14,3,0,5,95.3
3913079,49697.0,Carlotte Wubben-Moy,Arsenal WFC,0,0,1,0,0.15833583,0.15833583,133,118,0,0,34,4,0,2,1,1,9,101.3
3913079,63788.0,Victoria Pelova,Arsenal WFC,0,0,1,0,0.06184358,0.06184358,44,33,0,1,1,1,1,11,2,0,6,67.9
3913079,84765.0,Carrie Jones,Bristol City WFC,0,0,0,0,0.0,0.0,10,7,0,0,1,0,0,36,3,2,6,72.8
3913079,185543.0,Ffion Morgan,Bristol City WFC,0,0,0,0,0.0,0.0,15,7,0,0,0,1,1,20,3,1,4,101.3
3913079,185545.0,Brooke Aspin,Bristol City WFC,0,0,0,0,0.0,0.0,10,7,0,0,2,0,0,6,1,1,1,65.0
3913079,326619.0,Olivia Clarke,Bristol City WFC,0,0,0,0,0.0,0.0,27,21,0,0,9,1,0,1,0,0,7,101.3
3913079,345061.0,Mari Ward,Bristol City WFC,0,0,0,0,0.0,0.0,6,3,0,0,1,0,1,11,2,0,2,28.6
3913080,10093.0,Yana Daniëls,Liverpool WFC,0,0,0,0,0.0,0.0,8,4,0,0,0,0,0,2,1,0,0,28.1
3913080,10179.0,Lisa Evans,West Ham United LFC,0,0,0,0,0.0,0.0,34,17,0,0,0,0,0,9,2,0,4,78.6
3913080,10196.0,Kirsty Smith,West Ham United LFC,0,0,0,0,0.0,0.0,49,34,0,0,7,1,0,14,3,0,5,98.3
3913080,15554.0,Gemma Bonner,Liverpool WFC,0,0,2,0,0.134492163,0.134492163,68,63,0,0,8,0,0,10,0,0,4,85.0
3913080,15618.0,Jasmine Matthews,Liverpool WFC,0,0,0,0,0.0,0.0,4,3,0,0,0,0,0,3,1,0,2,27.7
3913080,19687.0,Taylor Hinds,Liverpool WFC,0,0,1,0,0.024406904,0.024406904,72,59,0,2,11,5,1,13,4,3,9,98.3
3913080,23320.0,Melisa Filis,West Ham United LFC,0,0,0,0,0.0,0.0,26,19,0,0,1,0,0,7,0,0,7,52.1
3913080,24237.0,Missy Bo Kearns,Liverpool WFC,0,0,1,0,0.07198467,0.07198467,9,6,0,0,1,0,0,6,0,1,1,22.1
3913080,24706.0,Sophie Roman Haug,Liverpool WFC,0,0,3,0,0.43524048,0.43524048,25,18,0,0,1,0,0,14,2,0,1,84.3
3913080,25624.0,Risa Shimizu,West Ham United LFC,0,0,0,0,0.0,0.0,43,31,0,0,7,2,0,13,1,2,3,98.3
3913080,25834.0,Viviane Asseyi,West Ham United LFC,0,0,1,0,0.012546078,0.012546078,19,14,0,1,1,2,1,15,1,4,3,98.3
3913080,31157.0,Hawa Cissoko,West Ham United LFC,0,0,0,0,0.0,0.0,40,32,0,0,11,1,0,9,0,4,6,98.3
3913080,32074.0,Jenna Clark,Liverpool WFC,0,0,0,0,0.0,0.0,53,45,0,0,4,1,0,4,1,2,2,98.3
3913080,32403.0,Emma Wilhelmina Koivisto,Liverpool WFC,0,0,0,0,0.0,0.0,37,25,0,0,3,0,0,24,3,0,7,70.5
3913080,33664.0,Rachael Laws,Liverpool WFC,0,0,0,0,0.0,0.0,67,46,0,0,24,0,0,0,0,0,6,98.3
3913080,34232.0,Grace Fisk,Liverpool WFC,0,0,0,0,0.0,0.0,80,71,0,0,12,3,0,16,2,2,7,98.3
3913080,42787.0,Mackenzie Arnold,West Ham United LFC,0,0,0,0,0.0,0.0,46,38,0,0,22,0,0,0,0,0,1,98.3
3913080,46635.0,Emma Harries,West Ham United LFC,0,0,0,0,0.0,0.0,8,5,0,0,1,1,0,4,0,0,0,46.2
3913080,46974.0,Marie Therese Höbinger,Liverpool WFC,1,1,3,0,0.133348181,0.133348181,48,33,0,3,5,2,0,14,2,4,3,76.2
3913080,50193.0,Anouk Denton,West Ham United LFC,0,0,0,0,0.0,0.0,35,27,0,0,4,3,1,14,1,4,6,85.3
3913080,55069.0,Lucy Parry,Liverpool WFC,0,0,0,0,0.0,0.0,4,2,0,0,0,1,0,3,1,0,2,13.3
3913080,131653.0,Honoka Hayashi,West Ham United LFC,0,0,2,0,0.16903706,0.16903706,43,35,0,0,4,1,1,13,1,4,12,98.3
3913080,135758.0,Natasha Jane Flint,Liverpool WFC,0,0,1,0,0.07807374,0.07807374,22,17,0,1,1,1,0,9,1,2,2,70.2
3913080,299860.0,Fuka Nagano,Liverpool WFC,0,0,1,0,0.032317374,0.032317374,63,53,0,1,4,1,0,18,4,4,5,98.3
3913080,322325.0,Keira Flannery,West Ham United LFC,0,0,0,0,0.0,0.0,5,4,0,0,0,0,0,2,0,0,1,13.0
3913080,322359.0,Ceri Holland,Liverpool WFC,0,0,2,0,0.063919002,0.063919002,51,39,1,2,8,1,0,23,2,4,6,98.3
3913080,329372.0,Mia Enderby,Liverpool WFC,0,0,0,0,0.0,0.0,1,0,0,0,0,0,0,4,1,0,0,13.7
3913080,337744.0,Isibeal Atkinson,West Ham United LFC,0,0,2,0,0.060923015999999997,0.060923015999999997,8,3,0,0,1,0,0,0,0,0,5,19.7
3913080,370018.0,Shannon Cooke,West Ham United LFC,0,0,0,0,0.0,0.0,49,36,0,0,10,2,0,14,1,1,1,98.3
3913080,401930.0,Riko Ueki,West Ham United LFC,1,1,1,0,0.8067089,0.8067089,28,20,0,1,3,1,0,24,0,0,4,98.3
3913081,4641.0,Francesca Kirby,Chelsea FCW,1,1,6,0,1.48317971,1.48317971,20,14,0,1,1,0,0,11,2,1,6,60.1
3913081,4642.0,Millie Bright,Chelsea FCW,1,1,1,0,0.11048354,0.11048354,56,46,0,0,10,0,0,4,1,0,8,80.8
3913081,4660.0,Erin Cuthbert,Chelsea FCW,0,0,3,0,0.152083987,0.152083987,35,27,0,0,6,3,0,11,3,3,5,66.7
3913081,4984.0,Rachel Corsie,Aston Villa W,0,0,0,0,0.0,0.0,15,13,0,0,2,0,0,2,0,0,2,25.0
3913081,5058.0,Rachel Daly,Aston Villa W,0,0,3,0,0.28392432,0.28392432,35,22,0,1,3,1,0,23,1,0,6,97.3
3913081,10192.0,Jordan Nobbs,Aston Villa W,0,0,1,0,0.022446183,0.022446183,24,17,0,1,3,1,0,14,2,0,4,73.3
3913081,10395.0,Maren Nævdal Mjelde,Chelsea FCW,0,0,0,0,0.0,0.0,23,21,0,0,2,0,0,2,1,0,2,17.5
3913081,10418.0,Eve Perisset,Chelsea FCW,0,0,0,0,0.0,0.0,79,63,0,2,18,0,0,16,6,1,3,80.8
3913081,15290.0,Ashley Elizabeth Marie Lawrence,Chelsea FCW,1,1,1,0,0.5197363,0.5197363,9,8,0,0,1,0,0,6,1,0,0,38.2
3913081,15357.0,Kadeisha Buchanan,Chelsea FCW,0,0,0,0,0.0,0.0,15,15,0,0,2,0,0,1,0,0,1,17.5
3913081,15560.0,Ann-Katrin Berger,Chelsea FCW,0,0,0,0,0.0,0.0,50,39,0,0,13,1,0,0,0,0,2,98.3
3913081,15562.0,Lucy Staniforth,Aston Villa W,0,0,1,0,0.0036300698,0.0036300698,56,41,0,2,2,0,0,21,2,8,7,81.7
3913081,15571.0,Danielle Turner,Aston Villa W,0,0,0,0,0.0,0.0,74,64,0,0,8,0,0,10,0,6,9,98.3
3913081,15631.0,Niamh Charles,Chelsea FCW,1,1,4,0,0.362780731,0.362780731,76,68,0,3,8,3,2,8,2,1,16,98.3
3913081,15724.0,Mayumi Pacheco,Aston Villa W,0,0,0,0,0.0,0.0,55,44,0,0,12,3,0,22,2,1,2,98.3
3913081,18153.0,Alisha Lehmann,Aston Villa W,0,0,1,0,0.112501845,0.112501845,16,13,0,0,1,0,0,13,0,0,5,73.3
3913081,19422.0,Jessica Carter,Chelsea FCW,0,0,1,0,0.09573079,0.09573079,73,65,0,0,7,7,0,11,3,1,5,98.3
3913081,19500.0,Sarah Emma Mayling,Aston Villa W,0,0,0,0,0.0,0.0,64,51,0,0,8,2,0,10,3,1,3,98.3
3913081,25612.0,Jessie Alexandra Fleming,Chelsea FCW,0,0,2,0,0.72581301,0.72581301,35,31,1,2,4,2,0,16,2,0,7,98.3
3913081,31527.0,Ebony Salmon,Aston Villa W,0,0,0,0,0.0,0.0,1,1,0,0,0,1,1,10,0,0,1,25.0
3913081,31532.0,Kirsty Hanson,Aston Villa W,0,0,0,0,0.0,0.0,27,16,0,0,4,2,1,33,1,2,6,98.3
3913081,32339.0,Daphne van Domselaar,Aston Villa W,0,0,0,0,0.0,0.0,58,46,0,0,11,0,0,0,0,0,5,98.3
3913081,33675.0,Laura Madison Blindkilde Brown,Aston Villa W,0,0,1,0,0.010549597,0.010549597,24,22,0,0,2,3,0,34,3,2,6,98.3
3913081,47008.0,Sjoeke Nüsken,Chelsea FCW,0,0,2,0,0.44014697,0.44014697,59,50,0,2,5,1,1,14,2,0,4,98.3
3913081,62709.0,Jelena Canković,Chelsea FCW,0,0,1,0,0.045136526,0.045136526,21,16,1,1,1,1,0,5,0,0,4,31.7
3913081,62710.0,Johanna Rytting-Kaneryd,Chelsea FCW,1,1,2,0,0.56613912,0.56613912,47,36,0,4,3,4,2,21,2,2,9,98.3
3913081,77717.0,Olivia McLoughlin,Aston Villa W,0,0,0,0,0.0,0.0,6,5,0,0,2,0,0,6,1,1,2,16.6
3913081,78072.0,Anna Patten,Aston Villa W,0,0,0,0,0.0,0.0,64,51,0,1,16,4,0,6,0,0,1,98.3
3913081,81580.0,Agnes Beever-Jones,Chelsea FCW,1,1,1,0,0.28775942,0.28775942,8,7,0,0,1,1,0,9,0,0,2,38.4
3913081,361311.0,Mia Renee Fishel,Chelsea FCW,0,0,3,0,0.39708742599999997,0.39708742599999997,14,8,0,1,0,0,0,14,0,0,4,59.9
3913082,4636.0,Maria Thorisdottir,Brighton & Hove Albion WFC,0,0,0,0,0.0,0.0,18,11,0,0,2,0,1,11,0,0,5,102.2
3913082,4654.0,Nikita Parris,Manchester United W,0,0,0,0,0.0,0.0,4,4,0,2,1,0,0,2,0,0,0,11.6
3913082,10158.0,María Victoria Losada Gómez,Brighton & Hove Albion WFC,0,0,0,0,0.0,0.0,19,11,0,0,1,0,0,9,2,2,5,45.3
3913082,10167.0,Tatiana Vanessa Ferreira Pinto,Brighton & Hove Albion WFC,0,0,0,0,0.0,0.0,2,1,0,0,0,0,0,1,0,0,0,4.7
3913082,16376.0,Sophie Baggaley,Brighton & Hove Albion WFC,0,0,0,0,0.0,0.0,42,22,0,0,19,0,0,0,0,0,3,102.2
3913082,17275.0,Hannah Jayne Blundell,Manchester United W,0,0,0,0,0.0,0.0,85,74,0,1,17,3,0,10,1,0,7,102.2
3913082,20725.0,Pauline Bremer,Brighton & Hove Albion WFC,0,0,1,0,0.0946391,0.0946391,27,14,0,0,0,1,2,15,1,3,6,97.5
3913082,21059.0,Katie Robinson,Brighton & Hove Albion WFC,0,0,0,0,0.0,0.0,20,11,0,1,2,2,0,15,1,0,7,70.2
3913082,22337.0,Maya Le Tissier,Manchester United W,0,0,0,0,0.0,0.0,74,62,0,0,13,0,0,4,0,1,5,102.2
3913082,25453.0,Geum-Min Lee,Brighton & Hove Albion WFC,0,0,0,0,0.0,0.0,17,11,0,2,3,1,1,7,0,0,3,55.1
3913082,25513.0,Lucía García Córdoba,Manchester United W,0,0,1,0,0.040407408,0.040407408,3,1,0,0,0,0,1,3,0,0,2,26.0
3913082,25543.0,Geyse da Silva Ferreira,Manchester United W,0,0,5,0,0.670150829,0.670150829,14,8,0,0,1,4,2,22,1,2,2,90.6
3913082,25785.0,Jayde Yuk Fun Riviere,Manchester United W,0,0,0,0,0.0,0.0,53,40,0,1,4,3,0,12,3,2,4,102.2
3913082,26094.0,Julia Zigiotti-Olme,Brighton & Hove Albion WFC,0,0,1,0,0.022999084,0.022999084,22,15,0,0,2,1,0,21,3,2,8,98.2
3913082,31534.0,Ella Toone,Manchester United W,1,1,2,0,0.109841048,0.109841048,58,47,0,1,11,2,2,15,1,1,4,102.2
3913082,31536.0,Millie Turner,Manchester United W,0,0,6,0,0.56392177,0.56392177,82,73,0,0,14,2,0,7,0,0,7,102.2
3913082,31538.0,Mary Alexandra Earps,Manchester United W,0,0,0,0,0.0,0.0,43,37,0,0,5,1,0,0,0,0,2,102.2
3913082,31539.0,Leah Galton,Manchester United W,0,0,2,0,0.34639044,0.34639044,37,25,1,0,4,2,3,13,1,0,4,100.8
3913082,31540.0,Katie Zelem,Manchester United W,0,0,2,0,0.041783706999999996,0.041783706999999996,63,43,0,4,4,0,5,23,3,1,7,102.2
3913082,31563.0,Rachel Williams,Manchester United W,1,1,2,0,0.96244536,0.96244536,5,2,0,0,0,0,0,4,0,0,1,25.5
3913082,31614.0,Melvine Malard,Manchester United W,0,0,1,0,0.26903507,0.26903507,23,19,0,2,2,1,1,12,0,1,2,76.2
3913082,34500.0,Emma Nanny Charlotte Kullberg,Brighton & Hove Albion WFC,0,0,1,0,0.023224553,0.023224553,33,22,0,0,8,3,0,10,1,2,6,102.2
3913082,85004.0,Maisie Symonds,Brighton & Hove Albion WFC,0,0,1,0,0.042489067,0.042489067,22,16,0,2,2,0,1,13,1,0,4,56.9
3913082,105102.0,Veatriki Sarri,Brighton & Hove Albion WFC,0,0,1,0,0.0639447,0.0639447,7,4,1,0,0,0,0,14,1,0,0,31.9
3913082,276301.0,Elisabeth Terland,Brighton & Hove Albion WFC,1,1,3,0,0.656248215,0.656248215,10,8,0,1,2,0,0,19,0,0,3,102.2
3913082,276304.0,Guro Bergsvand,Brighton & Hove Albion WFC,1,1,1,0,0.13976637,0.13976637,30,22,0,0,7,0,0,19,3,0,10,102.2
3913082,388473.0,Jorelyn Andrea Daniela Carabalí Martínez,Brighton & Hove Albion WFC,0,0,1,0,0.065711476,0.065711476,44,29,0,0,9,0,0,9,2,4,5,101.6
3913082,401932.0,Hinata Miyazawa,Manchester United W,0,0,1,0,0.039368678,0.039368678,26,22,0,2,2,1,0,15,3,1,3,76.7
3913082,405180.0,Charlize Jayde Rule,Brighton & Hove Albion WFC,0,0,0,0,0.0,0.0,2,1,0,0,0,0,0,1,0,1,0,4.0
3913082,405188.0,Madison Haley,Brighton & Hove Albion WFC,0,0,1,0,0.12423736,0.12423736,13,6,0,1,0,0,0,5,0,0,2,47.0
3913083,4649.0,Esme Beth Morgan,Manchester City WFC,0,0,0,0,0.0,0.0,43,38,0,1,5,1,0,11,2,0,0,64.6
3913083,5000.0,Stephanie-Elise Catley,Arsenal WFC,1,1,1,0,0.110652134,0.110652134,28,25,0,0,7,1,0,8,2,0,2,93.4
3913083,5078.0,Alanna Stephanie Kennedy,Manchester City WFC,0,0,0,0,0.0,0.0,59,51,0,0,11,2,0,9,0,1,7,112.0
3913083,10163.0,Leila Ouahabi El Ouahabi,Manchester City WFC,0,0,1,0,0.027345743,0.027345743,28,25,0,0,2,0,0,7,3,1,3,64.6
3913083,10229.0,Emma Stina Blackstenius,Arsenal WFC,1,1,1,0,0.95710653,0.95710653,4,4,0,1,1,0,0,4,0,0,1,33.3
3913083,10237.0,Manuela Zinsberger,Arsenal WFC,0,0,0,0,0.0,0.0,36,21,0,0,7,0,0,0,0,0,5,112.0
3913083,10404.0,Noelle Maritz,Arsenal WFC,0,0,0,0,0.0,0.0,5,0,0,0,0,0,0,1,0,0,1,18.2
3913083,10405.0,Lia Wälti,Arsenal WFC,0,0,0,0,0.0,0.0,38,31,0,0,3,0,1,25,2,1,3,112.0
3913083,10516.0,Frida Maanum,Arsenal WFC,0,0,2,0,0.034055714599999995,0.034055714599999995,7,4,0,0,0,1,1,9,0,0,0,48.3
3913083,10650.0,Jill Roord,Manchester City WFC,0,0,1,0,0.045836456,0.045836456,44,40,0,1,5,0,0,24,1,1,5,112.0
3913083,11338.0,Caitlin Jade Foord,Arsenal WFC,0,0,1,0,0.027435496,0.027435496,31,17,1,1,1,3,0,15,0,0,6,93.7
3913083,15555.0,Lauren Hemp,Manchester City WFC,0,0,0,0,0.0,0.0,42,33,0,2,2,3,5,14,2,0,5,92.2
3913083,15570.0,Chloe Kelly,Manchester City WFC,1,1,5,0,0.341771447,0.341771447,37,22,0,2,2,3,0,14,1,1,4,92.3
3913083,15616.0,Kim Little,Arsenal WFC,0,0,1,1,0.7835,0.0,34,25,0,1,1,2,1,24,2,1,6,112.0
3913083,15619.0,Bethany Mead,Arsenal WFC,0,0,0,0,0.0,0.0,11,7,0,0,0,1,0,10,0,0,0,48.5
3913083,15620.0,Katie McCabe,Arsenal WFC,0,0,1,0,0.017112998,0.017112998,64,40,0,2,10,1,1,20,4,1,11,112.0
3913083,17524.0,Jennifer Patricia Beattie,Arsenal WFC,0,0,0,0,0.0,0.0,3,3,0,0,2,0,0,0,0,0,0,18.5
3913083,19498.0,Jessica Park,Manchester City WFC,0,0,0,0,0.0,0.0,7,5,0,0,1,1,1,4,2,0,0,19.6
3913083,25554.0,Khadija Monifa Shaw,Manchester City WFC,0,0,8,0,0.605387832,0.605387832,14,8,1,0,2,4,4,9,1,0,6,111.7
3913083,25632.0,Yui Hasegawa,Manchester City WFC,0,0,0,0,0.0,0.0,74,67,0,1,10,0,2,17,1,3,8,112.0
3913083,26092.0,Amanda Ilestedt,Arsenal WFC,0,0,1,0,0.13897786,0.13897786,37,32,0,0,9,0,0,8,1,0,1,112.0
3913083,32210.0,Laia Aleixandri López,Manchester City WFC,0,0,0,0,0.0,0.0,75,68,0,0,18,4,0,12,0,5,11,111.7
3913083,35693.0,Mary Boio Fowler,Manchester City WFC,0,0,1,0,0.034119036,0.034119036,43,31,0,1,2,1,3,8,0,0,5,112.0
3913083,47521.0,Alessia Russo,Arsenal WFC,0,0,1,0,0.013744596,0.013744596,16,8,0,0,1,2,0,24,2,0,3,78.7
3913083,49697.0,Carlotte Wubben-Moy,Arsenal WFC,0,0,0,0,0.0,0.0,36,26,0,1,19,2,1,9,1,1,3,112.0
3913083,49938.0,Deyna Cristina Castellanos Naujenis,Manchester City WFC,0,0,0,0,0.0,0.0,6,5,0,2,0,0,0,2,1,0,0,19.7
3913083,62906.0,Cloé Zoé Eyja Lacasse,Arsenal WFC,0,0,1,0,0.01873791,0.01873791,16,10,0,1,0,3,1,17,2,1,3,63.5
3913083,63788.0,Victoria Pelova,Arsenal WFC,0,0,0,0,0.0,0.0,18,11,0,0,3,2,1,10,2,0,1,63.6
3913083,92248.0,Khiara Keating,Manchester City WFC,0,0,0,0,0.0,0.0,39,31,0,1,17,0,0,0,0,0,6,112.0
3913083,191851.0,Julie Blakstad,Manchester City WFC,0,0,1,0,0.07077587,0.07077587,18,16,0,0,2,1,0,6,2,2,3,47.3
3913083,221888.0,Kerstin Yasmijn Casparij,Manchester City WFC,0,0,0,0,0.0,0.0,26,21,0,0,2,2,1,8,3,0,5,47.3
3913084,4865.0,Josie Green,Leicester City WFC,0,0,0,0,0.0,0.0,44,37,0,0,6,3,0,12,3,0,9,82.5
3913084,10093.0,Yana Daniëls,Liverpool WFC,0,0,0,0,0.0,0.0,3,2,0,0,1,0,0,0,0,0,0,13.2
3913084,10100.0,Janice Cayman,Leicester City WFC,0,0,0,0,0.0,0.0,10,5,0,0,1,0,0,9,1,0,0,28.8
3913084,10260.0,Lena Petermann,Leicester City WFC,0,0,1,0,0.052725073,0.052725073,29,14,0,0,0,2,2,23,1,0,3,101.3
3913084,10648.0,Shanice van de Sanden,Liverpool WFC,0,0,0,0,0.0,0.0,9,6,0,0,0,0,1,4,1,1,1,30.2
3913084,15547.0,Melissa Lawley,Liverpool WFC,1,1,5,0,0.13970655799999998,0.13970655799999998,23,14,0,2,0,6,3,17,2,0,3,70.8
3913084,15554.0,Gemma Bonner,Liverpool WFC,0,0,0,0,0.0,0.0,40,33,0,0,7,0,1,13,1,2,2,101.3
3913084,15618.0,Jasmine Matthews,Liverpool WFC,0,0,0,0,0.0,0.0,51,36,0,1,7,1,2,10,0,0,12,101.3
3913084,15720.0,Sophie Howard,Leicester City WFC,0,0,0,0,0.0,0.0,52,44,0,0,16,1,0,13,5,0,4,101.2
3913084,18253.0,Hannah Cain,Leicester City WFC,0,0,0,0,0.0,0.0,17,10,0,0,2,1,0,25,2,0,5,72.4
3913084,19687.0,Taylor Hinds,Liverpool WFC,0,0,1,0,0.0215699,0.0215699,52,38,0,1,4,1,1,15,3,1,7,101.3
3913084,24237.0,Missy Bo Kearns,Liverpool WFC,0,0,3,0,0.20357763499999998,0.20357763499999998,31,21,0,1,4,0,0,19,2,0,3,71.0
3913084,24706.0,Sophie Roman Haug,Liverpool WFC,0,0,7,0,0.697984078,0.697984078,32,19,0,0,3,0,0,20,1,0,4,91.0
3913084,25601.0,Deanne Cynthia Rose,Leicester City WFC,0,0,0,0,0.0,0.0,8,4,0,0,1,1,0,7,1,0,0,28.8
3913084,25662.0,Catherine Joan Bott,Leicester City WFC,0,0,0,0,0.0,0.0,57,39,0,0,8,5,2,24,4,1,16,101.3
3913084,30856.0,Julie Thibaud,Leicester City WFC,0,0,1,0,0.024357406,0.024357406,46,38,0,2,7,1,1,22,0,3,8,100.9
3913084,32074.0,Jenna Clark,Liverpool WFC,0,0,1,0,0.05336727,0.05336727,31,23,0,0,6,2,1,18,1,5,6,101.3
3913084,32222.0,Sofie Lundgaard,Liverpool WFC,0,0,0,0,0.0,0.0,5,2,0,0,1,0,0,1,0,0,2,10.3
3913084,33664.0,Rachael Laws,Liverpool WFC,0,0,0,0,0.0,0.0,49,32,0,0,16,1,0,0,0,0,4,101.3
3913084,34232.0,Grace Fisk,Liverpool WFC,0,0,0,0,0.0,0.0,43,37,1,1,5,3,0,6,0,3,5,88.0
3913084,36801.0,Aimee Palmer,Leicester City WFC,0,0,1,0,0.04336943,0.04336943,11,7,0,1,3,0,0,6,0,0,4,18.7
3913084,46974.0,Marie Therese Höbinger,Liverpool WFC,1,1,2,0,0.162623954,0.162623954,49,32,0,7,1,1,0,12,0,0,9,87.8
3913084,46988.0,Janina Leitzig,Leicester City WFC,0,0,0,0,0.0,0.0,57,40,0,0,23,0,0,0,0,0,5,101.3
3913084,112522.0,Missy Goodwin,Leicester City WFC,1,1,1,0,0.0105968835,0.0105968835,20,12,0,1,1,2,0,17,0,0,6,87.5
3913084,132033.0,Courtney Jade Nevin,Leicester City WFC,0,0,1,0,0.02676835,0.02676835,46,31,0,1,4,1,1,16,2,1,13,101.3
3913084,135753.0,Samantha Tierney,Leicester City WFC,0,0,1,0,0.055857934,0.055857934,29,19,0,0,0,0,3,30,3,1,6,101.3
3913084,182500.0,Ava Baker,Leicester City WFC,0,0,1,0,0.009775403,0.009775403,2,0,0,0,0,0,0,4,0,0,0,13.8
3913084,224822.0,Jutta Rantala,Leicester City WFC,0,0,1,0,0.12078248,0.12078248,23,14,1,0,1,0,1,13,2,0,1,72.4
3913084,225576.0,Miriael Taylor,Liverpool WFC,0,0,0,0,0.0,0.0,5,4,0,0,1,0,1,0,0,0,0,13.5
3913084,299860.0,Fuka Nagano,Liverpool WFC,0,0,0,0,0.0,0.0,36,28,0,1,2,1,1,16,4,3,8,101.3
3913084,329372.0,Mia Enderby,Liverpool WFC,0,0,0,0,0.0,0.0,4,4,1,0,0,0,0,9,2,0,1,30.5
3913085,4638.0,Drew Spence,Tottenham Hotspur Women,0,0,4,0,0.23912118999999998,0.23912118999999998,44,39,1,1,3,2,0,20,1,0,4,81.9
3913085,4848.0,Ashleigh Neville,Tottenham Hotspur Women,0,0,0,0,0.0,0.0,53,40,0,1,6,5,0,25,7,2,8,99.5
3913085,10088.0,Katrine Veje,Everton LFC,0,0,0,0,0.0,0.0,71,61,0,0,8,7,0,7,4,0,7,81.7
3913085,10183.0,Toni Duggan,Everton LFC,0,0,1,0,0.044608496,0.044608496,25,18,0,0,2,0,0,12,0,0,5,51.5
3913085,10225.0,Aurora Galli,Everton LFC,1,0,1,1,0.7835,0.0,50,41,0,0,5,4,2,17,0,1,9,99.5
3913085,15577.0,Angharad James,Tottenham Hotspur Women,0,0,2,0,0.103424676,0.103424676,59,47,0,0,7,2,0,14,1,4,5,99.5
3913085,16382.0,Heather Payne,Everton LFC,0,0,0,0,0.0,0.0,42,32,0,0,2,4,3,27,2,2,6,99.5
3913085,18158.0,Rebecca Leigh Spencer,Tottenham Hotspur Women,0,0,0,0,0.0,0.0,33,26,0,0,9,0,0,0,0,0,4,99.5
3913085,18254.0,Megan Finnigan,Everton LFC,0,0,0,0,0.0,0.0,70,61,0,1,15,4,0,5,0,1,2,99.5
3913085,21021.0,Molly Bartrip,Tottenham Hotspur Women,0,0,0,0,0.0,0.0,51,45,0,1,9,0,1,9,2,3,2,99.5
3913085,23465.0,Megan Campbell,Everton LFC,0,0,0,0,0.0,0.0,8,4,0,1,3,1,1,1,0,0,1,17.9
3913085,31551.0,Kit Graham,Tottenham Hotspur Women,0,0,0,0,0.0,0.0,8,4,0,0,0,1,0,2,0,0,1,17.6
3913085,31555.0,Courtney Brosnan,Everton LFC,0,0,0,0,0.0,0.0,51,49,0,0,9,0,0,0,0,0,7,99.5
3913085,31558.0,Martha Thomas,Tottenham Hotspur Women,0,0,5,0,0.9411927200000001,0.9411927200000001,31,22,0,2,0,2,0,18,1,0,5,99.5
3913085,32230.0,Karen Holmgaard,Everton LFC,0,0,0,0,0.0,0.0,12,9,0,0,1,2,0,16,2,0,2,35.6
3913085,34499.0,Hanna Ulrika Bennison,Everton LFC,0,0,0,0,0.0,0.0,27,22,0,1,2,0,1,4,1,0,2,63.9
3913085,45737.0,Martina Piemonte,Everton LFC,0,0,1,0,0.23685397,0.23685397,10,7,0,0,0,0,4,5,1,0,2,35.8
3913085,46459.0,Katja Snoeijs,Everton LFC,0,0,3,0,0.408628217,0.408628217,20,14,0,1,1,2,1,22,0,0,3,99.5
3913085,46738.0,Emma Bissell,Everton LFC,0,0,0,0,0.0,0.0,11,8,0,0,0,3,1,17,1,0,2,48.0
3913085,46740.0,Grace Clinton,Tottenham Hotspur Women,1,1,4,0,0.52450279,0.52450279,46,37,0,1,8,3,7,42,9,2,9,99.5
3913085,46972.0,Luana Bühler,Tottenham Hotspur Women,0,0,0,0,0.0,0.0,67,65,0,0,11,3,0,12,0,3,9,99.5
3913085,61467.0,Jessica Naz,Tottenham Hotspur Women,0,0,1,0,0.08293409,0.08293409,7,4,0,0,1,0,0,4,1,0,2,36.5
3913085,63308.0,Justine Vanhaevermaet,Everton LFC,0,0,0,0,0.0,0.0,66,60,0,0,11,5,0,7,1,1,4,99.5
3913085,87194.0,Celin Bizet Ildhusøy,Tottenham Hotspur Women,0,0,2,0,0.49127528,0.49127528,27,23,0,1,1,1,0,14,3,1,2,63.1
3913085,191850.0,Eveliina Summanen,Tottenham Hotspur Women,0,0,2,0,0.084957483,0.084957483,61,48,0,2,9,1,1,13,0,2,7,99.5
3913085,229194.0,Olga Ahtinen,Tottenham Hotspur Women,0,0,0,0,0.0,0.0,55,45,0,1,10,1,0,22,0,3,2,99.5
3913085,338059.0,Clare Wheeler,Everton LFC,0,0,0,0,0.0,0.0,47,35,0,0,7,1,1,14,1,2,1,99.5
3913085,410042.0,Karoline Olesen,Everton LFC,0,0,0,0,0.0,0.0,23,19,0,0,2,0,2,24,2,0,5,63.7
3913086,10179.0,Lisa Evans,West Ham United LFC,0,0,1,0,0.025202647,0.025202647,58,40,0,1,4,3,2,11,0,0,9,101.2
3913086,10196.0,Kirsty Smith,West Ham United LFC,0,0,0,0,0.0,0.0,65,53,0,2,8,3,1,10,1,0,5,101.2
3913086,15573.0,Abbey-Leigh Stringer,West Ham United LFC,0,0,0,0,0.0,0.0,20,15,0,0,4,0,0,6,0,1,3,33.6
3913086,15706.0,Rachel Furness,Bristol City WFC,0,0,1,0,0.0105828885,0.0105828885,26,14,1,0,2,0,2,14,2,1,8,74.5
3913086,15716.0,Emily Syme,Bristol City WFC,0,0,0,0,0.0,0.0,8,2,0,0,1,0,0,4,0,1,0,26.7
3913086,15788.0,Amalie Grønbak Thestrup,Bristol City WFC,1,1,3,0,0.503057906,0.503057906,12,10,0,1,0,0,0,37,0,0,2,93.8
3913086,19417.0,Amy Rodgers,Bristol City WFC,0,0,1,0,0.06438854,0.06438854,32,24,0,1,4,2,1,27,3,1,6,101.2
3913086,23320.0,Melisa Filis,West Ham United LFC,0,0,2,0,0.053452778,0.053452778,17,13,0,1,3,0,0,2,0,0,7,29.7
3913086,23412.0,Abigail Harrison,Bristol City WFC,0,0,0,0,0.0,0.0,8,4,0,0,0,0,0,8,2,0,3,26.3
3913086,23413.0,Megan Connolly,Bristol City WFC,0,0,0,0,0.0,0.0,40,26,1,0,9,1,0,7,3,0,6,101.2
3913086,25624.0,Risa Shimizu,West Ham United LFC,0,0,1,0,0.013438302,0.013438302,56,48,0,1,13,1,0,10,2,2,4,101.2
3913086,25834.0,Viviane Asseyi,West Ham United LFC,1,0,3,1,0.928229324,0.144729324,25,19,0,0,3,0,1,16,5,3,2,101.2
3913086,31157.0,Hawa Cissoko,West Ham United LFC,0,0,0,0,0.0,0.0,78,73,0,0,17,3,2,10,0,0,8,101.2
3913086,32169.0,Jamie-Lee Napier,Bristol City WFC,0,0,0,0,0.0,0.0,34,23,0,0,6,3,1,30,6,1,5,100.5
3913086,40985.0,Kaylan Marckese,Bristol City WFC,0,0,0,0,0.0,0.0,48,39,0,0,10,0,0,0,0,0,3,101.2
3913086,42787.0,Mackenzie Arnold,West Ham United LFC,0,0,0,0,0.0,0.0,55,49,0,0,15,6,0,0,0,0,8,101.2
3913086,42836.0,Ella Powell,Bristol City WFC,1,1,1,0,0.38297254,0.38297254,17,12,0,0,4,0,1,9,1,0,5,74.9
3913086,46741.0,Naomi Layzell,Bristol City WFC,0,0,0,0,0.0,0.0,60,40,0,0,10,2,0,28,3,0,6,101.2
3913086,50193.0,Anouk Denton,West Ham United LFC,0,0,1,0,0.012112362,0.012112362,60,55,0,0,8,0,0,24,3,1,8,86.3
3913086,84765.0,Carrie Jones,Bristol City WFC,0,0,1,0,0.14276452,0.14276452,29,16,0,0,2,3,2,37,3,0,8,101.2
3913086,131653.0,Honoka Hayashi,West Ham United LFC,0,0,1,0,0.033200067,0.033200067,37,30,1,0,5,1,1,10,2,0,5,67.5
3913086,185543.0,Ffion Morgan,Bristol City WFC,0,0,0,0,0.0,0.0,20,13,0,1,2,1,0,35,0,1,4,101.2
3913086,185545.0,Brooke Aspin,Bristol City WFC,1,1,2,0,0.202271565,0.202271565,40,31,0,0,7,1,1,6,0,2,2,101.2
3913086,322322.0,Jessica Ziu,West Ham United LFC,0,0,0,0,0.0,0.0,10,9,0,0,1,0,0,4,0,0,2,14.9
3913086,337744.0,Isibeal Atkinson,West Ham United LFC,0,0,2,0,0.08746447199999999,0.08746447199999999,26,15,0,0,2,4,2,16,2,0,4,86.4
3913086,345061.0,Mari Ward,Bristol City WFC,0,0,0,0,0.0,0.0,0,0,0,0,0,0,0,0,0,0,0,7.4
3913086,370018.0,Shannon Cooke,West Ham United LFC,0,0,0,0,0.0,0.0,87,77,0,0,26,6,0,5,0,1,4,101.2
3913086,395055.0,Princess Ademiluyi,West Ham United LFC,0,0,0,0,0.0,0.0,2,2,0,0,0,1,0,2,0,0,0,14.8
3913086,401930.0,Riko Ueki,West Ham United LFC,1,1,3,0,0.3742232,0.3742232,26,17,0,0,3,0,1,19,1,0,4,70.7
3913087,4984.0,Rachel Corsie,Aston Villa W,0,0,2,0,0.20211690699999998,0.20211690699999998,69,60,0,1,4,0,2,11,2,1,6,105.2
3913087,5058.0,Rachel Daly,Aston Villa W,0,0,6,0,0.34117117199999997,0.34117117199999997,24,16,0,0,2,0,1,27,4,0,4,105.0
3913087,8297.0,Adriana Kristina Leon,Aston Villa W,0,0,0,0,0.0,0.0,21,18,0,1,1,3,1,16,1,4,3,74.8
3913087,10192.0,Jordan Nobbs,Aston Villa W,0,0,1,0,0.10023323,0.10023323,23,19,0,0,0,0,0,9,1,0,1,30.8
3913087,15421.0,Kenza Dali,Aston Villa W,0,0,1,0,0.061184254,0.061184254,90,69,0,5,7,6,0,10,1,0,5,91.4
3913087,15562.0,Lucy Staniforth,Aston Villa W,0,0,0,0,0.0,0.0,11,7,0,0,0,1,0,2,1,0,3,13.8
3913087,15571.0,Danielle Turner,Aston Villa W,0,0,2,0,0.068963633,0.068963633,98,92,0,0,9,2,0,2,1,2,2,105.2
3913087,15706.0,Rachel Furness,Bristol City WFC,0,0,1,0,0.017721485,0.017721485,21,14,0,0,5,0,1,12,1,0,5,71.4
3913087,15716.0,Emily Syme,Bristol City WFC,0,0,1,0,0.04616297,0.04616297,7,6,0,0,0,1,0,7,0,0,3,33.8
3913087,15724.0,Mayumi Pacheco,Aston Villa W,0,0,0,0,0.0,0.0,90,79,0,2,5,2,0,23,7,0,4,105.2
3913087,15788.0,Amalie Grønbak Thestrup,Bristol City WFC,0,0,1,0,0.01948876,0.01948876,9,8,0,1,0,1,0,26,1,0,3,96.0
3913087,19417.0,Amy Rodgers,Bristol City WFC,0,0,0,0,0.0,0.0,27,20,0,0,0,1,1,42,7,2,6,105.2
3913087,19499.0,Shania Hayles,Bristol City WFC,0,0,0,0,0.0,0.0,1,1,0,1,1,0,1,4,0,0,0,9.2
3913087,19500.0,Sarah Emma Mayling,Aston Villa W,0,0,1,0,0.030885756,0.030885756,69,62,0,0,5,0,0,16,2,1,2,105.2
3913087,23412.0,Abigail Harrison,Bristol City WFC,0,0,0,0,0.0,0.0,24,15,0,1,1,3,1,7,0,1,3,71.1
3913087,23413.0,Megan Connolly,Bristol City WFC,0,0,0,0,0.0,0.0,34,21,0,1,5,2,2,5,0,0,6,105.2
3913087,31527.0,Ebony Salmon,Aston Villa W,1,1,1,0,0.04530139,0.04530139,5,2,0,0,0,1,1,3,0,2,2,30.4
3913087,31532.0,Kirsty Hanson,Aston Villa W,0,0,3,0,0.135172625,0.135172625,44,26,0,1,1,7,1,25,1,2,10,105.2
3913087,32339.0,Daphne van Domselaar,Aston Villa W,0,0,0,0,0.0,0.0,36,29,0,0,5,0,0,0,0,0,3,105.2
3913087,33675.0,Laura Madison Blindkilde Brown,Aston Villa W,0,0,1,0,0.40115383,0.40115383,34,29,0,2,0,2,0,22,3,0,3,74.4
3913087,40985.0,Kaylan Marckese,Bristol City WFC,0,0,0,0,0.0,0.0,20,17,0,0,8,0,0,0,0,0,1,52.3
3913087,42836.0,Ella Powell,Bristol City WFC,0,0,0,0,0.0,0.0,37,26,0,1,4,3,1,14,2,2,3,105.2
3913087,46741.0,Naomi Layzell,Bristol City WFC,0,0,1,0,0.114262626,0.114262626,55,36,0,0,14,5,0,23,6,1,4,105.2
3913087,78072.0,Anna Patten,Aston Villa W,0,0,1,0,0.040773742,0.040773742,100,90,0,1,15,2,2,3,1,1,8,105.2
3913087,84765.0,Carrie Jones,Bristol City WFC,0,0,0,0,0.0,0.0,17,12,0,0,1,3,1,29,2,1,6,105.2
3913087,185543.0,Ffion Morgan,Bristol City WFC,0,0,1,0,0.056785177,0.056785177,33,17,0,0,3,5,1,21,2,7,5,105.2
3913087,185545.0,Brooke Aspin,Bristol City WFC,0,0,1,0,0.07383677,0.07383677,34,25,0,0,9,0,0,6,2,2,0,104.8
3913087,326619.0,Olivia Clarke,Bristol City WFC,0,0,0,0,0.0,0.0,16,13,0,0,8,0,0,0,0,0,3,52.9
3913087,345061.0,Mari Ward,Bristol City WFC,0,0,0,0,0.0,0.0,8,5,0,0,0,1,1,4,0,0,2,34.1
3913088,4636.0,Maria Thorisdottir,Brighton & Hove Albion WFC,0,0,0,0,0.0,0.0,23,21,0,0,3,0,0,11,1,0,2,99.1
3913088,4649.0,Esme Beth Morgan,Manchester City WFC,0,0,1,0,0.04189623,0.04189623,75,70,0,0,13,1,0,9,1,0,6,99.1
3913088,5078.0,Alanna Stephanie Kennedy,Manchester City WFC,0,0,4,0,0.360263844,0.360263844,84,74,0,0,18,7,0,9,0,0,7,99.1
3913088,10158.0,María Victoria Losada Gómez,Brighton & Hove Albion WFC,0,0,1,0,0.0543632,0.0543632,24,16,0,0,1,0,0,27,4,3,4,63.3
3913088,10167.0,Tatiana Vanessa Ferreira Pinto,Brighton & Hove Albion WFC,0,0,1,0,0.07803949,0.07803949,14,8,0,1,1,1,0,15,1,1,3,46.1
3913088,10650.0,Jill Roord,Manchester City WFC,0,0,4,0,0.851219864,0.851219864,33,27,0,4,5,4,0,15,4,0,4,76.9
3913088,15555.0,Lauren Hemp,Manchester City WFC,0,0,5,0,0.760061408,0.760061408,20,13,0,4,1,3,1,7,0,1,3,52.8
3913088,15570.0,Chloe Kelly,Manchester City WFC,0,0,14,0,0.672391525,0.672391525,56,38,0,7,2,7,4,19,3,1,2,99.1
3913088,16376.0,Sophie Baggaley,Brighton & Hove Albion WFC,0,0,0,0,0.0,0.0,36,23,0,0,16,3,0,0,0,0,3,99.1
3913088,19498.0,Jessica Park,Manchester City WFC,0,0,1,0,0.12396435,0.12396435,11,9,0,1,1,0,0,9,0,0,3,36.1
3913088,20725.0,Pauline Bremer,Brighton & Hove Albion WFC,0,0,1,0,0.0591381,0.0591381,26,13,1,1,1,5,2,30,1,2,8,99.1
3913088,21059.0,Katie Robinson,Brighton & Hove Albion WFC,0,0,0,0,0.0,0.0,29,24,0,1,1,4,0,20,1,0,8,96.4
3913088,25453.0,Geum-Min Lee,Brighton & Hove Albion WFC,1,1,1,0,0.64531815,0.64531815,13,10,0,0,0,1,0,16,1,0,3,35.6
3913088,25554.0,Khadija Monifa Shaw,Manchester City WFC,0,0,1,0,0.2016041,0.2016041,13,10,0,2,0,0,0,5,0,0,4,63.0
3913088,25632.0,Yui Hasegawa,Manchester City WFC,0,0,0,0,0.0,0.0,64,58,0,1,2,2,1,25,4,2,10,99.1
3913088,26094.0,Julia Zigiotti-Olme,Brighton & Hove Albion WFC,0,0,0,0,0.0,0.0,30,26,0,0,5,1,0,29,2,1,7,99.1
3913088,32210.0,Laia Aleixandri López,Manchester City WFC,0,0,0,0,0.0,0.0,77,70,0,1,10,3,0,13,1,3,7,99.1
3913088,34500.0,Emma Nanny Charlotte Kullberg,Brighton & Hove Albion WFC,0,0,0,0,0.0,0.0,33,24,0,0,8,1,0,25,3,1,4,99.1
3913088,35693.0,Mary Boio Fowler,Manchester City WFC,0,0,4,0,0.174920171,0.174920171,58,52,0,2,3,6,2,11,0,0,16,99.1
3913088,49938.0,Deyna Cristina Castellanos Naujenis,Manchester City WFC,0,0,1,0,0.16803198,0.16803198,6,3,0,1,1,0,0,3,0,0,1,22.2
3913088,62666.0,Ingrid Filippa Angeldal,Manchester City WFC,0,0,1,0,0.067927726,0.067927726,39,31,0,2,3,0,1,11,1,0,4,46.1
3913088,85004.0,Maisie Symonds,Brighton & Hove Albion WFC,0,0,0,0,0.0,0.0,19,15,0,0,1,0,2,22,5,1,6,35.8
3913088,92248.0,Khiara Keating,Manchester City WFC,0,0,0,0,0.0,0.0,39,33,0,1,9,3,0,0,0,0,3,99.1
3913088,105102.0,Veatriki Sarri,Brighton & Hove Albion WFC,0,0,0,0,0.0,0.0,0,0,0,0,0,0,0,2,0,0,0,2.7
3913088,131575.0,Mengwen Li,Brighton & Hove Albion WFC,0,0,1,0,0.04878378,0.04878378,26,17,0,0,2,1,0,24,3,3,1,78.2
3913088,191851.0,Julie Blakstad,Manchester City WFC,0,0,0,0,0.0,0.0,52,43,0,1,6,2,0,20,2,0,7,69.6
3913088,221888.0,Kerstin Yasmijn Casparij,Manchester City WFC,0,0,0,0,0.0,0.0,19,14,0,0,1,3,0,11,4,0,0,29.5
3913088,276301.0,Elisabeth Terland,Brighton & Hove Albion WFC,0,0,1,0,0.1682523,0.1682523,9,5,0,0,0,0,0,26,0,0,2,63.5
3913088,276304.0,Guro Bergsvand,Brighton & Hove Albion WFC,0,0,0,0,0.0,0.0,33,23,0,0,6,0,0,14,4,2,6,99.1
3913088,388473.0,Jorelyn Andrea Daniela Carabalí Martínez,Brighton & Hove Albion WFC,0,0,0,0,0.0,0.0,15,12,0,0,2,0,0,6,0,0,0,53.0
3913088,405180.0,Charlize Jayde Rule,Brighton & Hove Albion WFC,0,0,0,0,0.0,0.0,7,4,0,0,1,0,0,8,0,1,2,20.9
3913089,4641.0,Francesca Kirby,Chelsea FCW,0,0,0,0,0.0,0.0,27,25,1,2,6,2,0,9,1,0,1,31.3
3913089,4642.0,Millie Bright,Chelsea FCW,0,0,0,0,0.0,0.0,83,78,0,0,8,2,1,14,2,6,4,101.0
3913089,4660.0,Erin Cuthbert,Chelsea FCW,0,0,2,0,0.098808404,0.098808404,96,79,0,0,6,1,3,42,4,4,12,100.3
3913089,4961.0,Samantha May Kerr,Chelsea FCW,1,1,4,0,0.433615878,0.433615878,21,17,0,1,0,0,0,18,1,1,1,83.0
3913089,10088.0,Katrine Veje,Everton LFC,0,0,0,0,0.0,0.0,62,51,0,0,10,1,0,18,1,3,9,101.0
3913089,10225.0,Aurora Galli,Everton LFC,0,0,0,0,0.0,0.0,31,23,0,0,2,1,1,17,0,2,9,101.0
3913089,10274.0,Nicoline Sørensen,Everton LFC,0,0,0,0,0.0,0.0,28,18,0,2,2,0,0,14,2,0,4,92.7
3913089,10418.0,Eve Perisset,Chelsea FCW,0,0,0,0,0.0,0.0,129,114,0,4,28,2,0,14,1,1,5,101.0
3913089,15549.0,Sophie Louise Ingle,Chelsea FCW,0,0,0,0,0.0,0.0,29,27,0,0,8,0,0,7,1,0,1,31.1
3913089,15560.0,Ann-Katrin Berger,Chelsea FCW,0,0,0,0,0.0,0.0,41,29,0,0,10,0,0,0,0,0,5,101.0
3913089,15631.0,Niamh Charles,Chelsea FCW,0,0,1,0,0.030719573,0.030719573,82,73,0,0,9,3,2,29,5,0,9,100.1
3913089,16382.0,Heather Payne,Everton LFC,0,0,2,0,0.14103605600000002,0.14103605600000002,29,19,0,2,1,3,1,35,2,1,4,101.0
3913089,18254.0,Megan Finnigan,Everton LFC,0,0,1,0,0.05405298,0.05405298,21,18,0,1,2,0,0,20,2,1,4,101.0
3913089,19422.0,Jessica Carter,Chelsea FCW,0,0,0,0,0.0,0.0,94,86,0,0,13,1,0,18,5,1,4,101.0
3913089,25612.0,Jessie Alexandra Fleming,Chelsea FCW,1,1,1,0,0.06213729,0.06213729,33,24,0,0,1,1,1,29,0,1,8,69.7
3913089,31531.0,Lauren James,Chelsea FCW,0,0,1,0,0.067401074,0.067401074,14,11,0,0,2,3,0,4,0,0,1,31.3
3913089,31555.0,Courtney Brosnan,Everton LFC,0,0,0,0,0.0,0.0,43,38,0,0,10,0,0,0,0,0,10,101.0
3913089,32229.0,Sara Holmgaard,Everton LFC,0,0,1,0,0.20796505,0.20796505,23,17,0,0,2,1,1,11,1,1,5,59.8
3913089,32230.0,Karen Holmgaard,Everton LFC,0,0,0,0,0.0,0.0,51,40,0,0,12,4,0,9,1,1,3,79.2
3913089,34499.0,Hanna Ulrika Bennison,Everton LFC,0,0,0,0,0.0,0.0,5,4,0,1,1,0,0,11,0,1,0,21.7
3913089,45737.0,Martina Piemonte,Everton LFC,0,0,2,0,0.35642169,0.35642169,19,12,0,1,1,1,1,20,1,1,5,77.7
3913089,46459.0,Katja Snoeijs,Everton LFC,0,0,0,0,0.0,0.0,5,2,0,0,0,0,0,10,0,0,1,23.3
3913089,46738.0,Emma Bissell,Everton LFC,0,0,1,0,0.040317174,0.040317174,6,6,0,0,0,0,1,14,1,0,0,41.1
3913089,47008.0,Sjoeke Nüsken,Chelsea FCW,0,0,1,0,0.041418254,0.041418254,43,33,0,0,3,0,1,26,1,0,1,69.7
3913089,62709.0,Jelena Canković,Chelsea FCW,0,0,0,0,0.0,0.0,53,50,0,2,4,1,0,30,1,0,3,69.9
3913089,62710.0,Johanna Rytting-Kaneryd,Chelsea FCW,0,0,2,0,0.20577474,0.20577474,41,34,1,1,1,4,1,18,0,2,6,89.2
3913089,63308.0,Justine Vanhaevermaet,Everton LFC,0,0,2,0,0.18326542,0.18326542,45,32,0,0,5,0,1,23,5,3,7,101.0
3913089,81580.0,Agnes Beever-Jones,Chelsea FCW,1,1,2,0,0.219811876,0.219811876,2,2,0,0,0,0,2,2,1,0,0,11.8
3913089,338059.0,Clare Wheeler,Everton LFC,0,0,0,0,0.0,0.0,59,38,0,0,13,3,1,32,1,3,10,101.0
3913089,361311.0,Mia Renee Fishel,Chelsea FCW,0,0,0,0,0.0,0.0,9,7,0,0,0,1,1,9,0,0,1,18.0
3913089,410042.0,Karoline Olesen,Everton LFC,0,0,0,0,0.0,0.0,1,0,0,0,0,0,0,4,0,0,0,8.2
3913090,4654.0,Nikita Parris,Manchester United W,1,1,2,0,0.2830737,0.2830737,16,14,0,1,1,1,0,9,2,1,2,72.7
3913090,10179.0,Lisa Evans,West Ham United LFC,0,0,0,0,0.0,0.0,31,23,0,2,3,2,1,10,1,0,7,97.4
3913090,10196.0,Kirsty Smith,West Ham United LFC,0,0,0,0,0.0,0.0,50,39,0,1,14,3,1,24,1,0,8,106.3
3913090,15573.0,Abbey-Leigh Stringer,West Ham United LFC,0,0,0,0,0.0,0.0,44,36,0,0,2,0,0,25,0,0,10,106.3
3913090,16381.0,Gemma Evans,Manchester United W,0,0,0,0,0.0,0.0,6,6,0,0,0,0,0,1,0,1,1,16.7
3913090,17275.0,Hannah Jayne Blundell,Manchester United W,0,0,0,0,0.0,0.0,108,104,0,2,19,2,0,19,1,3,6,106.3
3913090,22337.0,Maya Le Tissier,Manchester United W,0,0,0,0,0.0,0.0,68,60,0,0,15,1,0,13,2,1,1,106.3
3913090,23320.0,Melisa Filis,West Ham United LFC,0,0,1,0,0.0804736,0.0804736,29,20,0,0,7,0,0,15,1,0,8,86.5
3913090,25513.0,Lucía García Córdoba,Manchester United W,1,1,3,0,0.554203912,0.554203912,7,6,0,0,2,5,4,2,0,2,3,16.1
3913090,25543.0,Geyse da Silva Ferreira,Manchester United W,1,1,2,0,0.3251488,0.3251488,20,14,0,0,1,3,3,20,2,0,3,73.2
3913090,25624.0,Risa Shimizu,West Ham United LFC,0,0,0,0,0.0,0.0,37,25,0,0,4,0,0,17,3,3,6,106.3
3913090,25785.0,Jayde Yuk Fun Riviere,Manchester United W,0,0,1,0,0.013141575,0.013141575,48,37,0,1,2,3,1,18,5,0,4,104.7
3913090,25834.0,Viviane Asseyi,West Ham United LFC,0,0,0,0,0.0,0.0,3,2,0,1,0,2,1,6,1,1,0,33.6
3913090,31157.0,Hawa Cissoko,West Ham United LFC,0,0,0,0,0.0,0.0,26,18,0,0,4,2,0,17,1,3,7,97.6
3913090,31534.0,Ella Toone,Manchester United W,0,0,4,0,0.135161906,0.135161906,90,68,1,1,14,0,2,14,0,2,3,106.3
3913090,31536.0,Millie Turner,Manchester United W,1,1,1,0,0.104981124,0.104981124,72,71,0,0,2,2,0,11,1,4,2,89.6
3913090,31538.0,Mary Alexandra Earps,Manchester United W,0,0,0,0,0.0,0.0,57,48,0,0,8,0,0,0,0,0,2,106.3
3913090,31539.0,Leah Galton,Manchester United W,0,0,1,0,0.21057193,0.21057193,40,32,1,1,3,1,0,13,2,2,7,90.2
3913090,31540.0,Katie Zelem,Manchester United W,0,0,1,0,0.044523545,0.044523545,93,82,0,1,11,1,0,19,2,3,7,105.8
3913090,31563.0,Rachel Williams,Manchester United W,0,0,0,0,0.0,0.0,4,4,0,1,0,0,0,10,0,0,1,33.1
3913090,31614.0,Melvine Malard,Manchester United W,1,1,1,0,0.5944465,0.5944465,13,12,0,0,2,4,0,5,2,0,5,33.6
3913090,42787.0,Mackenzie Arnold,West Ham United LFC,0,0,0,0,0.0,0.0,58,43,0,0,22,0,0,2,0,0,7,106.3
3913090,46635.0,Emma Harries,West Ham United LFC,0,0,2,0,0.4068701,0.4068701,13,6,0,0,0,2,1,21,3,1,2,72.7
3913090,50193.0,Anouk Denton,West Ham United LFC,0,0,0,0,0.0,0.0,36,28,0,1,8,1,0,39,4,1,3,106.3
3913090,131653.0,Honoka Hayashi,West Ham United LFC,0,0,0,0,0.0,0.0,6,6,0,0,1,0,0,3,0,0,0,17.9
3913090,276907.0,Amber Tysiak,West Ham United LFC,0,0,2,0,0.27118619,0.27118619,30,27,0,0,2,1,0,9,0,1,3,106.3
3913090,337744.0,Isibeal Atkinson,West Ham United LFC,0,0,0,0,0.0,0.0,2,2,0,0,0,0,0,4,0,0,1,8.9
3913090,370018.0,Shannon Cooke,West Ham United LFC,0,0,0,0,0.0,0.0,3,2,0,0,1,0,0,3,1,0,1,8.7
3913090,386105.0,Lisa Fjeldstad Naalsund,Manchester United W,0,0,0,0,0.0,0.0,18,15,1,0,2,2,0,9,0,0,1,33.9
3913090,401930.0,Riko Ueki,West Ham United LFC,0,0,3,0,0.155601934,0.155601934,30,23,0,1,1,1,2,33,1,0,1,106.3
3913090,401932.0,Hinata Miyazawa,Manchester United W,0,0,2,0,0.052575756,0.052575756,29,26,0,1,1,0,0,10,1,1,2,72.4
3913091,4865.0,Josie Green,Leicester City WFC,0,0,0,0,0.0,0.0,8,8,0,0,0,1,0,4,0,0,1,22.0
3913091,5000.0,Stephanie-Elise Catley,Arsenal WFC,0,0,0,0,0.0,0.0,71,51,0,0,11,1,0,8,1,2,7,108.5
3913091,10100.0,Janice Cayman,Leicester City WFC,1,1,3,0,0.377367333,0.377367333,30,26,0,1,3,1,0,23,6,0,3,108.5
3913091,10229.0,Emma Stina Blackstenius,Arsenal WFC,1,1,3,0,0.8085350499999999,0.8085350499999999,5,4,0,0,0,0,0,1,0,0,1,34.1
3913091,10237.0,Manuela Zinsberger,Arsenal WFC,0,0,0,0,0.0,0.0,33,30,0,0,7,0,0,0,0,0,0,108.5
3913091,10260.0,Lena Petermann,Leicester City WFC,0,0,2,0,0.108987623,0.108987623,35,28,0,0,3,0,0,37,0,0,2,107.4
3913091,10404.0,Noelle Maritz,Arsenal WFC,0,0,0,0,0.0,0.0,3,2,0,0,0,0,0,1,0,0,0,5.6
3913091,10516.0,Frida Maanum,Arsenal WFC,0,0,3,0,0.111016006,0.111016006,13,8,0,0,2,1,1,10,1,1,1,74.5
3913091,11338.0,Caitlin Jade Foord,Arsenal WFC,1,1,2,0,0.23269325,0.23269325,18,11,1,1,4,2,4,16,1,0,3,74.4
3913091,15619.0,Bethany Mead,Arsenal WFC,0,0,3,0,0.72804543,0.72804543,15,13,0,0,0,0,0,8,1,0,5,34.1
3913091,15620.0,Katie McCabe,Arsenal WFC,0,0,0,0,0.0,0.0,47,38,1,2,8,4,1,13,4,0,10,108.5
3913091,15720.0,Sophie Howard,Leicester City WFC,0,0,0,0,0.0,0.0,35,26,0,0,11,0,1,8,0,1,2,84.8
3913091,16374.0,Aileen Whelan,Leicester City WFC,0,0,0,0,0.0,0.0,8,6,0,0,1,1,0,10,1,0,0,31.0
3913091,18253.0,Hannah Cain,Leicester City WFC,0,0,1,0,0.03740001,0.03740001,17,11,1,1,3,3,0,12,2,1,1,86.3
3913091,25601.0,Deanne Cynthia Rose,Leicester City WFC,0,0,0,0,0.0,0.0,8,5,0,0,0,2,0,6,1,1,3,52.3
3913091,25662.0,Catherine Joan Bott,Leicester City WFC,0,0,0,0,0.0,0.0,28,23,0,1,3,2,0,27,4,2,7,86.7
3913091,25697.0,Lina Mona Andréa Hurtig,Arsenal WFC,1,1,3,0,0.69380862,0.69380862,8,8,0,1,2,0,0,4,1,0,3,34.1
3913091,26092.0,Amanda Ilestedt,Arsenal WFC,0,0,0,0,0.0,0.0,56,49,0,0,12,3,0,7,1,3,3,108.2
3913091,30856.0,Julie Thibaud,Leicester City WFC,0,0,0,0,0.0,0.0,50,42,0,0,11,3,0,15,6,5,3,108.5
3913091,36801.0,Aimee Palmer,Leicester City WFC,0,0,0,0,0.0,0.0,11,9,0,0,1,0,0,6,0,0,1,21.8
3913091,46988.0,Janina Leitzig,Leicester City WFC,0,0,0,0,0.0,0.0,43,38,0,0,10,0,0,0,0,0,3,108.5
3913091,47521.0,Alessia Russo,Arsenal WFC,1,1,4,0,0.54046859,0.54046859,35,27,1,1,4,1,1,14,0,0,6,98.6
3913091,49697.0,Carlotte Wubben-Moy,Arsenal WFC,0,0,2,0,0.125662305,0.125662305,64,58,0,1,18,0,2,4,0,1,8,108.5
3913091,62906.0,Cloé Zoé Eyja Lacasse,Arsenal WFC,1,1,1,0,0.32284686,0.32284686,25,18,1,1,4,2,1,15,3,0,4,74.5
3913091,63788.0,Victoria Pelova,Arsenal WFC,1,1,3,0,1.062640015,1.062640015,44,34,2,2,8,2,2,10,1,4,6,108.5
3913091,112522.0,Missy Goodwin,Leicester City WFC,0,0,1,0,0.02864756,0.02864756,6,4,0,0,0,0,0,22,2,0,3,56.1
3913091,131586.0,Kyra Lillee Cooney-Cross,Arsenal WFC,0,0,0,0,0.0,0.0,44,40,0,4,5,2,1,10,2,1,3,103.0
3913091,132033.0,Courtney Jade Nevin,Leicester City WFC,0,0,0,0,0.0,0.0,37,21,0,1,5,1,1,19,3,3,2,108.5
3913091,135753.0,Samantha Tierney,Leicester City WFC,1,1,1,0,0.350783,0.350783,37,29,0,0,2,1,1,25,1,5,9,108.5
3913091,182500.0,Ava Baker,Leicester City WFC,0,0,0,0,0.0,0.0,9,5,0,0,0,0,0,4,0,0,0,22.2
3913091,224822.0,Jutta Rantala,Leicester City WFC,0,0,0,0,0.0,0.0,32,23,0,2,2,0,1,15,4,0,4,77.6
3913091,276443.0,Kathrine Møller Kühl,Arsenal WFC,0,0,0,0,0.0,0.0,6,5,0,0,1,0,2,2,0,2,0,9.9
3913092,4848.0,Ashleigh Neville,Tottenham Hotspur Women,0,0,1,0,0.116659015,0.116659015,53,48,0,2,8,2,2,21,5,3,7,102.4
3913092,10093.0,Yana Daniëls,Liverpool WFC,0,0,0,0,0.0,0.0,7,4,1,0,1,1,0,2,1,0,4,35.5
3913092,10648.0,Shanice van de Sanden,Liverpool WFC,0,0,0,0,0.0,0.0,14,7,0,0,1,1,0,10,0,0,1,59.8
3913092,15547.0,Melissa Lawley,Liverpool WFC,0,0,0,0,0.0,0.0,19,11,0,1,0,2,1,12,1,0,8,66.8
3913092,15554.0,Gemma Bonner,Liverpool WFC,0,0,5,0,0.30978874300000003,0.30978874300000003,50,38,0,0,11,4,2,11,3,1,5,102.4
3913092,15577.0,Angharad James,Tottenham Hotspur Women,0,0,1,0,0.026172305,0.026172305,65,51,0,0,4,1,0,12,0,1,3,102.4
3913092,16393.0,Ellie Brazil,Tottenham Hotspur Women,0,0,0,0,0.0,0.0,5,4,0,0,0,0,0,3,0,0,2,15.2
3913092,18158.0,Rebecca Leigh Spencer,Tottenham Hotspur Women,0,0,0,0,0.0,0.0,40,31,0,0,9,0,0,0,0,0,5,102.4
3913092,19687.0,Taylor Hinds,Liverpool WFC,0,0,1,0,0.0069637983,0.0069637983,47,34,0,0,6,1,0,13,3,5,6,102.4
3913092,21021.0,Molly Bartrip,Tottenham Hotspur Women,0,0,0,0,0.0,0.0,74,71,0,0,13,0,0,9,1,0,4,102.4
3913092,24237.0,Missy Bo Kearns,Liverpool WFC,0,0,0,0,0.0,0.0,17,11,0,3,5,1,1,13,0,1,2,23.3
3913092,24706.0,Sophie Roman Haug,Liverpool WFC,1,1,3,0,0.38933557,0.38933557,31,20,0,1,2,0,0,14,0,0,2,78.7
3913092,31533.0,Amy Turner,Tottenham Hotspur Women,0,0,0,0,0.0,0.0,29,28,0,0,5,1,0,4,1,1,1,53.3
3913092,31551.0,Kit Graham,Tottenham Hotspur Women,0,0,2,0,0.068106667,0.068106667,20,15,0,1,2,1,1,8,1,0,3,64.4
3913092,31558.0,Martha Thomas,Tottenham Hotspur Women,0,0,3,0,0.179055062,0.179055062,26,20,0,1,3,1,4,11,4,0,5,102.4
3913092,32074.0,Jenna Clark,Liverpool WFC,0,0,0,0,0.0,0.0,41,33,0,0,10,1,0,9,1,0,2,102.4
3913092,33664.0,Rachael Laws,Liverpool WFC,0,0,0,0,0.0,0.0,41,34,0,0,15,0,0,0,0,0,7,102.4
3913092,34232.0,Grace Fisk,Liverpool WFC,0,0,0,0,0.0,0.0,54,44,0,1,4,2,1,25,7,2,1,102.4
3913092,46541.0,Asmita Ale,Tottenham Hotspur Women,0,0,0,0,0.0,0.0,0,0,0,0,0,0,0,0,0,0,0,2.8
3913092,46740.0,Grace Clinton,Tottenham Hotspur Women,0,0,1,0,0.04059531,0.04059531,46,35,0,2,3,1,3,17,0,2,10,102.4
3913092,46972.0,Luana Bühler,Tottenham Hotspur Women,0,0,0,0,0.0,0.0,40,34,0,0,5,1,0,4,1,0,1,49.1
3913092,46974.0,Marie Therese Höbinger,Liverpool WFC,0,0,3,0,0.10209654400000001,0.10209654400000001,43,33,0,5,7,1,1,13,0,1,5,79.0
3913092,61467.0,Jessica Naz,Tottenham Hotspur Women,0,0,1,0,0.114102356,0.114102356,10,6,0,1,0,3,0,2,1,0,2,38.0
3913092,87194.0,Celin Bizet Ildhusøy,Tottenham Hotspur Women,1,1,4,0,0.29290447799999997,0.29290447799999997,23,16,0,0,0,2,1,9,3,2,8,87.2
3913092,135758.0,Natasha Jane Flint,Liverpool WFC,0,0,0,0,0.0,0.0,7,3,0,0,0,0,0,4,0,0,3,23.7
3913092,191850.0,Eveliina Summanen,Tottenham Hotspur Women,0,0,0,0,0.0,0.0,71,61,0,0,9,1,0,12,2,2,11,102.4
3913092,229194.0,Olga Ahtinen,Tottenham Hotspur Women,0,0,1,0,0.019466802,0.019466802,67,51,0,3,10,1,1,12,3,1,6,99.6
3913092,299860.0,Fuka Nagano,Liverpool WFC,0,0,0,0,0.0,0.0,28,23,0,0,2,0,1,18,4,2,5,102.4
3913092,322359.0,Ceri Holland,Liverpool WFC,0,0,3,0,0.116676061,0.116676061,34,22,0,1,3,1,0,27,5,2,9,102.4
3913092,329372.0,Mia Enderby,Liverpool WFC,0,0,0,0,0.0,0.0,6,4,0,0,0,0,0,8,2,0,1,100.8
3913093,4641.0,Francesca Kirby,Chelsea FCW,0,0,0,0,0.0,0.0,17,13,0,0,1,2,1,5,0,0,2,17.4
3913093,4660.0,Erin Cuthbert,Chelsea FCW,0,0,2,0,0.066213511,0.066213511,42,37,0,0,3,0,1,32,1,1,14,84.8
3913093,4961.0,Samantha May Kerr,Chelsea FCW,0,0,2,0,0.70619696,0.70619696,23,18,1,1,0,1,0,16,0,0,3,78.9
3913093,10395.0,Maren Nævdal Mjelde,Chelsea FCW,0,0,0,0,0.0,0.0,62,55,0,0,2,1,0,11,0,1,7,102.2
3913093,10418.0,Eve Perisset,Chelsea FCW,0,0,1,0,0.031158885,0.031158885,89,71,0,1,12,3,0,12,3,1,7,102.2
3913093,10648.0,Shanice van de Sanden,Liverpool WFC,0,0,2,0,0.06374787600000001,0.06374787600000001,19,7,0,0,1,3,0,22,1,0,2,77.4
3913093,15290.0,Ashley Elizabeth Marie Lawrence,Chelsea FCW,0,0,1,0,0.086713865,0.086713865,12,12,0,0,0,1,0,3,0,0,3,23.3
3913093,15547.0,Melissa Lawley,Liverpool WFC,0,0,0,0,0.0,0.0,1,0,0,0,0,1,0,7,0,0,1,12.3
3913093,15549.0,Sophie Louise Ingle,Chelsea FCW,0,0,2,0,0.272100936,0.272100936,60,51,1,0,10,0,0,13,1,2,7,102.2
3913093,15554.0,Gemma Bonner,Liverpool WFC,0,0,0,0,0.0,0.0,44,29,0,0,9,0,0,9,2,0,7,101.8
3913093,15631.0,Niamh Charles,Chelsea FCW,0,0,0,0,0.0,0.0,58,47,0,1,8,3,1,9,2,3,6,78.9
3913093,18146.0,Leanne Kiernan,Liverpool WFC,0,0,0,0,0.0,0.0,5,2,0,0,0,0,0,10,0,1,1,24.8
3913093,19422.0,Jessica Carter,Chelsea FCW,0,0,0,0,0.0,0.0,61,52,0,0,5,1,1,13,1,4,6,102.2
3913093,19687.0,Taylor Hinds,Liverpool WFC,0,0,2,0,0.044909982,0.044909982,45,28,0,0,3,1,1,17,2,1,9,102.2
3913093,24237.0,Missy Bo Kearns,Liverpool WFC,0,0,0,0,0.0,0.0,22,16,0,1,1,0,0,24,2,0,2,53.1
3913093,24706.0,Sophie Roman Haug,Liverpool WFC,0,0,2,0,0.47696045,0.47696045,43,28,0,0,1,0,0,31,1,1,3,89.9
3913093,25612.0,Jessie Alexandra Fleming,Chelsea FCW,0,0,0,0,0.0,0.0,28,23,0,0,3,1,1,3,0,0,4,17.4
3913093,31531.0,Lauren James,Chelsea FCW,3,3,5,0,0.543019763,0.543019763,58,46,1,1,6,6,2,17,2,1,4,102.2
3913093,32074.0,Jenna Clark,Liverpool WFC,0,0,0,0,0.0,0.0,38,27,0,0,8,0,0,13,3,1,6,102.2
3913093,32403.0,Emma Wilhelmina Koivisto,Liverpool WFC,0,0,1,0,0.017278787,0.017278787,25,18,0,0,3,0,0,19,2,0,2,77.5
3913093,33664.0,Rachael Laws,Liverpool WFC,0,0,0,0,0.0,0.0,59,42,0,0,23,0,1,1,0,0,9,102.2
3913093,34232.0,Grace Fisk,Liverpool WFC,0,0,1,0,0.08539913,0.08539913,41,37,0,0,9,1,0,11,1,2,4,102.2
3913093,46974.0,Marie Therese Höbinger,Liverpool WFC,0,0,0,0,0.0,0.0,24,16,0,1,3,1,3,13,0,1,2,49.1
3913093,47008.0,Sjoeke Nüsken,Chelsea FCW,1,1,3,0,0.846749,0.846749,41,28,0,1,3,1,2,17,2,0,5,84.3
3913093,55069.0,Lucy Parry,Liverpool WFC,0,0,1,0,0.024477802,0.024477802,3,2,0,0,1,0,0,4,1,0,2,24.8
3913093,62710.0,Johanna Rytting-Kaneryd,Chelsea FCW,0,0,0,0,0.0,0.0,7,6,2,0,0,2,1,6,0,0,3,34.9
3913093,62713.0,Zecira Musovic,Chelsea FCW,0,0,0,0,0.0,0.0,40,21,0,0,11,0,0,0,0,0,4,102.2
3913093,81580.0,Agnes Beever-Jones,Chelsea FCW,1,1,4,0,0.35856385300000004,0.35856385300000004,19,13,0,0,0,1,0,14,2,0,5,67.3
3913093,299860.0,Fuka Nagano,Liverpool WFC,0,0,0,0,0.0,0.0,49,37,0,0,6,1,0,28,2,0,8,102.2
3913093,322359.0,Ceri Holland,Liverpool WFC,0,0,1,0,0.04673898,0.04673898,21,16,0,0,3,3,1,44,9,1,7,102.2
3913093,361311.0,Mia Renee Fishel,Chelsea FCW,0,0,0,0,0.0,0.0,7,6,0,0,0,0,0,6,0,0,1,23.3
3913094,10088.0,Katrine Veje,Everton LFC,0,0,0,0,0.0,0.0,98,84,0,1,7,4,2,9,2,3,7,98.1
3913094,10183.0,Toni Duggan,Everton LFC,0,0,1,0,0.08280181,0.08280181,4,4,0,0,0,0,0,11,2,0,2,30.7
3913094,10225.0,Aurora Galli,Everton LFC,0,0,2,0,0.060871247999999996,0.060871247999999996,62,52,0,0,5,1,0,28,4,0,6,98.1
3913094,10274.0,Nicoline Sørensen,Everton LFC,0,0,2,0,0.105449047,0.105449047,25,17,0,0,1,2,0,19,2,1,3,67.4
3913094,15716.0,Emily Syme,Bristol City WFC,0,0,0,0,0.0,0.0,6,5,0,1,1,1,0,1,0,0,0,20.9
3913094,15788.0,Amalie Grønbak Thestrup,Bristol City WFC,1,1,4,0,0.3841074374,0.3841074374,22,18,0,0,1,0,0,41,0,0,2,98.1
3913094,16382.0,Heather Payne,Everton LFC,0,0,0,0,0.0,0.0,9,5,0,0,0,1,0,5,1,0,3,30.6
3913094,18254.0,Megan Finnigan,Everton LFC,1,1,1,0,0.058933742,0.058933742,48,43,0,0,9,1,1,10,3,0,5,98.1
3913094,19417.0,Amy Rodgers,Bristol City WFC,1,1,2,0,0.106037978,0.106037978,45,38,0,0,8,0,0,39,0,0,12,98.1
3913094,23412.0,Abigail Harrison,Bristol City WFC,0,0,2,0,0.050570371,0.050570371,17,10,0,0,2,0,0,24,0,0,6,77.2
3913094,23413.0,Megan Connolly,Bristol City WFC,0,0,0,0,0.0,0.0,57,44,0,1,11,0,0,11,0,2,5,98.1
3913094,26093.0,Gun Nathalie Björn,Everton LFC,0,0,0,0,0.0,0.0,7,6,0,1,4,1,0,1,0,1,0,14.7
3913094,31555.0,Courtney Brosnan,Everton LFC,0,0,0,0,0.0,0.0,32,26,0,0,3,0,0,0,0,0,4,98.1
3913094,32169.0,Jamie-Lee Napier,Bristol City WFC,0,0,0,0,0.0,0.0,27,20,0,0,2,3,1,19,3,2,8,98.1
3913094,32229.0,Sara Holmgaard,Everton LFC,0,0,0,0,0.0,0.0,38,30,0,0,2,1,0,10,2,1,4,67.5
3913094,32230.0,Karen Holmgaard,Everton LFC,0,0,0,0,0.0,0.0,59,52,0,0,4,4,1,9,3,3,2,83.4
3913094,34499.0,Hanna Ulrika Bennison,Everton LFC,0,0,0,0,0.0,0.0,3,2,0,0,0,0,0,3,0,0,1,8.3
3913094,42836.0,Ella Powell,Bristol City WFC,0,0,0,0,0.0,0.0,56,35,0,0,6,3,4,24,1,3,7,98.1
3913094,45737.0,Martina Piemonte,Everton LFC,1,1,3,0,0.70806493,0.70806493,24,21,0,1,1,1,1,16,0,1,5,83.8
3913094,46459.0,Katja Snoeijs,Everton LFC,0,0,0,0,0.0,0.0,36,27,0,2,3,3,0,20,0,0,4,89.8
3913094,46738.0,Emma Bissell,Everton LFC,0,0,0,0,0.0,0.0,2,1,0,0,0,1,0,5,0,0,0,14.2
3913094,46741.0,Naomi Layzell,Bristol City WFC,0,0,2,0,0.132114676,0.132114676,57,39,1,0,9,1,1,17,4,1,6,98.1
3913094,63308.0,Justine Vanhaevermaet,Everton LFC,0,0,1,0,0.4208811,0.4208811,59,47,0,0,7,1,0,17,1,1,6,98.1
3913094,84765.0,Carrie Jones,Bristol City WFC,0,0,0,0,0.0,0.0,33,27,0,0,1,1,0,49,3,3,8,98.1
3913094,185543.0,Ffion Morgan,Bristol City WFC,0,0,1,0,0.06824455,0.06824455,37,23,0,1,3,3,0,42,1,2,1,98.1
3913094,185545.0,Brooke Aspin,Bristol City WFC,0,0,0,0,0.0,0.0,53,44,0,1,8,1,0,15,2,2,3,98.1
3913094,326619.0,Olivia Clarke,Bristol City WFC,0,0,0,0,0.0,0.0,25,13,0,0,5,0,0,0,0,0,4,98.1
3913094,338059.0,Clare Wheeler,Everton LFC,0,0,0,0,0.0,0.0,55,33,0,1,5,2,2,27,10,3,5,98.1
3913095,4848.0,Ashleigh Neville,Tottenham Hotspur Women,0,0,1,0,0.09389896,0.09389896,55,44,0,1,10,2,2,26,6,2,4,100.0
3913095,4865.0,Josie Green,Leicester City WFC,0,0,0,0,0.0,0.0,39,25,0,0,3,3,0,19,1,2,1,99.1
3913095,10100.0,Janice Cayman,Leicester City WFC,1,1,1,0,0.41111287,0.41111287,34,21,0,2,1,2,0,14,2,0,3,100.0
3913095,10260.0,Lena Petermann,Leicester City WFC,0,0,3,0,0.163979351,0.163979351,35,25,0,3,1,1,1,30,5,0,9,100.0
3913095,15577.0,Angharad James,Tottenham Hotspur Women,0,0,3,0,0.127580177,0.127580177,76,58,0,1,10,0,0,28,3,2,6,100.0
3913095,15720.0,Sophie Howard,Leicester City WFC,0,0,2,0,0.159293934,0.159293934,45,39,0,0,7,2,0,12,2,3,5,100.0
3913095,16374.0,Aileen Whelan,Leicester City WFC,0,0,0,0,0.0,0.0,16,13,0,0,0,0,0,13,2,0,4,50.4
3913095,16393.0,Ellie Brazil,Tottenham Hotspur Women,0,0,2,0,0.09304159799999999,0.09304159799999999,3,3,0,0,0,0,1,12,0,0,2,23.7
3913095,18145.0,Ria Percival,Tottenham Hotspur Women,0,0,0,0,0.0,0.0,38,33,0,1,5,0,0,21,2,2,1,63.1
3913095,18158.0,Rebecca Leigh Spencer,Tottenham Hotspur Women,0,0,0,0,0.0,0.0,32,29,0,0,5,0,0,0,0,0,2,100.0
3913095,18253.0,Hannah Cain,Leicester City WFC,0,0,1,0,0.1127491,0.1127491,20,11,1,0,0,7,3,15,1,1,6,77.4
3913095,21021.0,Molly Bartrip,Tottenham Hotspur Women,0,0,0,0,0.0,0.0,88,81,0,0,6,3,0,8,0,1,4,100.0
3913095,21048.0,Rosella Ayane,Tottenham Hotspur Women,0,0,2,0,0.18562037,0.18562037,13,7,0,0,0,0,0,13,0,1,3,36.8
3913095,25662.0,Catherine Joan Bott,Leicester City WFC,0,0,0,0,0.0,0.0,43,31,0,0,5,3,4,20,3,3,7,92.3
3913095,31558.0,Martha Thomas,Tottenham Hotspur Women,0,0,3,0,0.3669014,0.3669014,33,23,1,1,1,1,2,32,0,0,4,100.0
3913095,36801.0,Aimee Palmer,Leicester City WFC,0,0,0,0,0.0,0.0,9,7,0,0,2,1,1,2,1,0,2,23.5
3913095,46541.0,Asmita Ale,Tottenham Hotspur Women,0,0,0,0,0.0,0.0,17,15,0,2,3,0,2,5,0,1,1,36.9
3913095,46740.0,Grace Clinton,Tottenham Hotspur Women,0,0,1,0,0.024568293,0.024568293,34,24,0,1,3,2,2,36,3,1,9,76.3
3913095,46972.0,Luana Bühler,Tottenham Hotspur Women,0,0,1,0,0.036860485,0.036860485,78,62,0,0,20,1,0,10,2,0,3,100.0
3913095,46988.0,Janina Leitzig,Leicester City WFC,0,0,0,0,0.0,0.0,36,29,0,0,8,0,0,0,0,0,7,100.0
3913095,61467.0,Jessica Naz,Tottenham Hotspur Women,0,0,2,0,0.5801314399999999,0.5801314399999999,17,10,0,1,0,4,3,17,1,0,2,63.2
3913095,87194.0,Celin Bizet Ildhusøy,Tottenham Hotspur Women,1,1,3,0,0.28041800400000005,0.28041800400000005,41,29,0,5,5,4,3,27,0,2,10,98.6
3913095,112522.0,Missy Goodwin,Leicester City WFC,0,0,1,0,0.051301025,0.051301025,8,7,0,0,0,2,1,9,0,0,5,49.6
3913095,132033.0,Courtney Jade Nevin,Leicester City WFC,0,0,0,0,0.0,0.0,50,38,0,2,10,0,0,17,4,0,6,100.0
3913095,135753.0,Samantha Tierney,Leicester City WFC,0,0,2,0,0.10071561600000001,0.10071561600000001,38,28,0,0,5,0,0,26,2,2,2,100.0
3913095,182500.0,Ava Baker,Leicester City WFC,0,0,0,0,0.0,0.0,4,3,0,0,1,0,1,3,0,0,3,22.6
3913095,191850.0,Eveliina Summanen,Tottenham Hotspur Women,0,0,1,0,0.039684635,0.039684635,67,55,0,0,8,2,2,20,3,1,15,99.9
3913095,224822.0,Jutta Rantala,Leicester City WFC,0,0,2,0,0.103076783,0.103076783,24,18,0,2,4,0,3,12,2,0,3,76.5
3913095,410668.0,Denny Draper,Leicester City WFC,0,0,0,0,0.0,0.0,1,0,0,0,0,2,1,4,2,0,1,7.7
3913096,4984.0,Rachel Corsie,Aston Villa W,0,0,0,0,0.0,0.0,51,46,0,1,5,0,0,22,2,2,6,99.2
3913096,5058.0,Rachel Daly,Aston Villa W,1,1,4,0,0.37320159399999997,0.37320159399999997,24,14,0,0,0,0,0,30,1,0,6,99.2
3913096,8297.0,Adriana Kristina Leon,Aston Villa W,1,1,3,0,0.22169027000000002,0.22169027000000002,23,16,0,1,3,2,2,22,2,2,12,89.6
3913096,10179.0,Lisa Evans,West Ham United LFC,1,1,1,0,0.031289704,0.031289704,21,12,0,0,2,2,0,1,0,0,3,23.8
3913096,10192.0,Jordan Nobbs,Aston Villa W,0,0,0,0,0.0,0.0,26,21,0,0,1,1,0,9,0,0,2,51.9
3913096,10196.0,Kirsty Smith,West Ham United LFC,0,0,0,0,0.0,0.0,62,32,0,2,7,5,1,16,3,0,8,99.2
3913096,15421.0,Kenza Dali,Aston Villa W,0,0,0,0,0.0,0.0,67,47,0,4,6,4,0,14,1,3,14,96.4
3913096,15562.0,Lucy Staniforth,Aston Villa W,0,0,0,0,0.0,0.0,1,0,0,0,0,0,0,0,0,0,0,2.8
3913096,15571.0,Danielle Turner,Aston Villa W,0,0,1,0,0.054125544,0.054125544,71,57,0,0,10,1,0,9,0,0,4,99.2
3913096,15573.0,Abbey-Leigh Stringer,West Ham United LFC,0,0,1,0,0.045688063,0.045688063,30,24,0,1,2,0,1,32,3,4,6,99.2
3913096,15724.0,Mayumi Pacheco,Aston Villa W,0,0,0,0,0.0,0.0,55,44,1,0,4,1,1,14,2,2,7,99.2
3913096,18153.0,Alisha Lehmann,Aston Villa W,0,0,0,0,0.0,0.0,2,2,0,0,0,0,0,2,0,0,1,9.6
3913096,19500.0,Sarah Emma Mayling,Aston Villa W,0,0,0,0,0.0,0.0,43,32,0,0,4,1,0,19,3,3,5,99.2
3913096,23320.0,Melisa Filis,West Ham United LFC,0,0,0,0,0.0,0.0,31,22,0,0,1,0,1,16,1,0,7,99.2
3913096,25624.0,Risa Shimizu,West Ham United LFC,0,0,0,0,0.0,0.0,49,31,0,1,4,1,2,20,4,0,4,99.2
3913096,25834.0,Viviane Asseyi,West Ham United LFC,1,0,2,1,0.85890629,0.07540629,23,17,1,0,1,4,0,15,3,0,8,99.2
3913096,31157.0,Hawa Cissoko,West Ham United LFC,0,0,0,0,0.0,0.0,39,29,0,0,10,4,0,6,1,1,3,99.2
3913096,31527.0,Ebony Salmon,Aston Villa W,0,0,1,0,0.013342243,0.013342243,7,5,0,0,0,0,0,11,1,0,0,28.6
3913096,31532.0,Kirsty Hanson,Aston Villa W,0,0,0,0,0.0,0.0,28,21,0,0,1,4,0,33,4,2,9,70.1
3913096,32339.0,Daphne van Domselaar,Aston Villa W,0,0,0,0,0.0,0.0,50,38,0,0,11,1,0,0,0,0,3,99.2
3913096,33675.0,Laura Madison Blindkilde Brown,Aston Villa W,0,0,0,0,0.0,0.0,11,9,0,0,2,1,0,12,1,0,3,47.2
3913096,42787.0,Mackenzie Arnold,West Ham United LFC,0,0,0,0,0.0,0.0,40,33,0,0,10,0,0,0,0,0,7,99.2
3913096,46635.0,Emma Harries,West Ham United LFC,0,0,0,0,0.0,0.0,15,13,0,2,3,1,0,26,1,0,3,75.3
3913096,78072.0,Anna Patten,Aston Villa W,1,1,1,0,0.3349304,0.3349304,44,37,0,0,6,2,0,2,0,0,8,99.2
3913096,276907.0,Amber Tysiak,West Ham United LFC,0,0,0,0,0.0,0.0,23,19,0,1,2,0,0,13,2,1,4,99.2
3913096,370018.0,Shannon Cooke,West Ham United LFC,0,0,2,0,0.13975041629999999,0.13975041629999999,53,27,0,0,11,6,0,11,4,2,3,99.2
3913096,401930.0,Riko Ueki,West Ham United LFC,0,0,4,0,0.36750225599999997,0.36750225599999997,27,20,0,0,3,1,0,27,1,0,3,99.2
3913097,4636.0,Maria Thorisdottir,Brighton & Hove Albion WFC,0,0,0,0,0.0,0.0,42,35,0,1,11,2,2,11,2,1,10,100.1
3913097,5000.0,Stephanie-Elise Catley,Arsenal WFC,0,0,0,0,0.0,0.0,24,16,0,1,5,1,0,0,0,0,3,31.7
3913097,10158.0,María Victoria Losada Gómez,Brighton & Hove Albion WFC,0,0,1,0,0.028096942,0.028096942,22,18,0,2,2,0,0,18,2,3,1,67.6
3913097,10167.0,Tatiana Vanessa Ferreira Pinto,Brighton & Hove Albion WFC,0,0,0,0,0.0,0.0,6,4,0,0,0,0,0,3,1,0,3,24.3
3913097,10229.0,Emma Stina Blackstenius,Arsenal WFC,1,1,4,0,0.283251125,0.283251125,22,15,0,2,2,0,2,16,1,0,6,68.4
3913097,10237.0,Manuela Zinsberger,Arsenal WFC,0,0,0,0,0.0,0.0,35,29,0,0,7,0,0,0,0,0,7,100.1
3913097,10404.0,Noelle Maritz,Arsenal WFC,0,0,0,0,0.0,0.0,53,43,0,0,3,4,1,5,0,0,7,100.1
3913097,10405.0,Lia Wälti,Arsenal WFC,0,0,0,0,0.0,0.0,8,5,0,0,0,0,0,3,2,0,0,16.9
3913097,10516.0,Frida Maanum,Arsenal WFC,1,1,3,0,0.285832967,0.285832967,14,12,0,0,3,1,0,4,0,0,4,31.7
3913097,11338.0,Caitlin Jade Foord,Arsenal WFC,1,1,2,0,0.069188744,0.069188744,48,36,0,0,5,3,1,14,4,3,11,100.1
3913097,15619.0,Bethany Mead,Arsenal WFC,0,0,1,0,0.11313047,0.11313047,22,15,0,2,0,0,2,17,1,0,6,68.1
3913097,15620.0,Katie McCabe,Arsenal WFC,0,0,0,0,0.0,0.0,54,40,0,3,9,4,2,6,1,0,5,68.4
3913097,16376.0,Sophie Baggaley,Brighton & Hove Albion WFC,0,0,0,0,0.0,0.0,40,32,0,0,15,0,0,0,0,0,3,100.1
3913097,17274.0,Poppy Pattinson,Brighton & Hove Albion WFC,0,0,0,0,0.0,0.0,3,2,0,0,0,0,0,2,0,0,1,12.8
3913097,20725.0,Pauline Bremer,Brighton & Hove Albion WFC,0,0,0,0,0.0,0.0,19,9,0,0,0,2,0,13,2,0,1,67.5
3913097,21059.0,Katie Robinson,Brighton & Hove Albion WFC,0,0,1,0,0.056766953,0.056766953,21,13,0,1,0,1,0,18,0,0,1,100.1
3913097,25453.0,Geum-Min Lee,Brighton & Hove Albion WFC,0,0,0,0,0.0,0.0,16,9,0,0,4,0,0,10,3,0,2,32.7
3913097,26092.0,Amanda Ilestedt,Arsenal WFC,0,0,0,0,0.0,0.0,60,51,0,0,13,0,0,8,2,0,4,100.1
3913097,26094.0,Julia Zigiotti-Olme,Brighton & Hove Albion WFC,0,0,2,0,0.044604602,0.044604602,44,26,0,0,3,0,0,33,3,5,6,100.1
3913097,34500.0,Emma Nanny Charlotte Kullberg,Brighton & Hove Albion WFC,0,0,0,0,0.0,0.0,46,34,0,0,7,3,0,6,0,1,6,87.3
3913097,47521.0,Alessia Russo,Arsenal WFC,0,0,4,0,0.944257723,0.944257723,33,28,0,2,4,2,0,17,2,2,5,100.1
3913097,49697.0,Carlotte Wubben-Moy,Arsenal WFC,0,0,2,0,0.22933729,0.22933729,86,77,0,0,21,5,1,11,3,1,7,100.1
3913097,62906.0,Cloé Zoé Eyja Lacasse,Arsenal WFC,0,0,2,0,0.199911744,0.199911744,9,5,1,1,1,1,1,11,0,0,2,31.7
3913097,63788.0,Victoria Pelova,Arsenal WFC,0,0,3,0,0.156576193,0.156576193,43,33,0,2,1,1,1,13,3,0,17,89.3
3913097,85004.0,Maisie Symonds,Brighton & Hove Albion WFC,0,0,0,0,0.0,0.0,14,9,0,0,2,0,0,9,0,2,3,32.5
3913097,131575.0,Mengwen Li,Brighton & Hove Albion WFC,0,0,1,0,0.10628532,0.10628532,23,13,0,0,2,1,1,11,1,1,2,49.0
3913097,131586.0,Kyra Lillee Cooney-Cross,Arsenal WFC,0,0,0,0,0.0,0.0,50,45,0,2,8,0,3,11,2,4,7,83.3
3913097,276301.0,Elisabeth Terland,Brighton & Hove Albion WFC,0,0,1,0,0.032688495,0.032688495,20,15,0,0,2,0,0,25,3,0,8,75.9
3913097,276304.0,Guro Bergsvand,Brighton & Hove Albion WFC,0,0,1,0,0.12402937,0.12402937,40,30,0,1,8,0,1,16,0,1,5,100.1
3913097,276443.0,Kathrine Møller Kühl,Arsenal WFC,0,0,0,0,0.0,0.0,5,4,0,0,1,1,2,0,0,0,1,10.8
3913097,388473.0,Jorelyn Andrea Daniela Carabalí Martínez,Brighton & Hove Albion WFC,0,0,0,0,0.0,0.0,54,36,0,0,10,4,0,19,4,0,8,100.1
3913097,405180.0,Charlize Jayde Rule,Brighton & Hove Albion WFC,0,0,0,0,0.0,0.0,21,13,0,0,2,2,1,10,2,3,3,51.1
3913098,4654.0,Nikita Parris,Manchester United W,0,0,0,0,0.0,0.0,4,2,0,0,0,1,0,18,1,1,2,48.0
3913098,5078.0,Alanna Stephanie Kennedy,Manchester City WFC,0,0,1,0,0.1755483,0.1755483,50,47,0,0,13,5,0,2,1,0,2,104.1
3913098,10163.0,Leila Ouahabi El Ouahabi,Manchester City WFC,0,0,1,0,0.005533564,0.005533564,50,39,0,1,4,1,0,15,3,1,5,104.1
3913098,10185.0,Stephanie Houghton,Manchester City WFC,0,0,0,0,0.0,0.0,3,1,0,0,0,0,0,0,0,0,0,19.4
3913098,10252.0,Alex Greenwood,Manchester City WFC,0,0,3,0,0.22379746499999997,0.22379746499999997,46,32,0,1,5,2,1,8,1,1,4,104.1
3913098,10650.0,Jill Roord,Manchester City WFC,1,1,1,0,0.05730952,0.05730952,37,27,0,1,3,0,0,31,4,3,7,104.1
3913098,15555.0,Lauren Hemp,Manchester City WFC,1,1,2,0,0.15073063,0.15073063,18,13,0,1,2,1,1,30,4,0,5,92.1
3913098,15570.0,Chloe Kelly,Manchester City WFC,0,0,3,0,0.208915782,0.208915782,34,24,1,3,1,3,3,16,2,0,5,85.1
3913098,17275.0,Hannah Jayne Blundell,Manchester United W,0,0,0,0,0.0,0.0,73,61,0,0,9,2,1,24,7,2,5,104.1
3913098,19416.0,Laura Coombs,Manchester City WFC,0,0,0,0,0.0,0.0,4,0,0,0,0,0,0,7,0,0,3,19.0
3913098,22337.0,Maya Le Tissier,Manchester United W,0,0,0,0,0.0,0.0,74,63,0,1,17,4,0,13,0,2,6,104.1
3913098,25513.0,Lucía García Córdoba,Manchester United W,0,0,3,0,0.15529109,0.15529109,10,4,0,1,1,2,1,8,0,0,8,33.1
3913098,25543.0,Geyse da Silva Ferreira,Manchester United W,0,0,4,0,0.1519083326,0.1519083326,16,7,0,0,1,4,4,33,2,0,9,104.1
3913098,25554.0,Khadija Monifa Shaw,Manchester City WFC,1,1,5,0,0.669069573,0.669069573,24,17,1,1,2,3,1,14,1,0,4,77.0
3913098,25632.0,Yui Hasegawa,Manchester City WFC,0,0,0,0,0.0,0.0,32,26,0,0,0,0,0,20,3,3,2,84.7
3913098,25785.0,Jayde Yuk Fun Riviere,Manchester United W,0,0,2,0,0.034396853000000005,0.034396853000000005,26,22,0,0,4,1,3,4,2,0,2,56.0
3913098,31534.0,Ella Toone,Manchester United W,0,0,0,0,0.0,0.0,16,12,0,0,2,2,0,21,3,0,1,79.7
3913098,31536.0,Millie Turner,Manchester United W,0,0,0,0,0.0,0.0,59,56,0,0,7,1,1,7,0,1,3,104.1
3913098,31538.0,Mary Alexandra Earps,Manchester United W,0,0,0,0,0.0,0.0,56,40,0,0,10,0,0,0,0,0,6,104.1
3913098,31539.0,Leah Galton,Manchester United W,0,0,1,0,0.15071984,0.15071984,21,16,0,1,1,0,0,20,2,1,6,104.1
3913098,31540.0,Katie Zelem,Manchester United W,1,0,2,1,0.828135065,0.044635065,61,45,0,3,5,2,1,26,7,0,6,104.1
3913098,31563.0,Rachel Williams,Manchester United W,0,0,1,0,0.061434638,0.061434638,4,1,0,0,0,0,0,3,0,0,0,24.6
3913098,31614.0,Melvine Malard,Manchester United W,0,0,1,0,0.09297926,0.09297926,14,8,0,0,0,2,2,12,0,1,6,71.0
3913098,32210.0,Laia Aleixandri López,Manchester City WFC,0,0,0,0,0.0,0.0,51,47,0,0,2,1,0,8,2,1,5,103.0
3913098,35693.0,Mary Boio Fowler,Manchester City WFC,0,0,0,0,0.0,0.0,2,2,0,0,0,0,0,5,2,0,3,12.0
3913098,62666.0,Ingrid Filippa Angeldal,Manchester City WFC,0,0,1,0,0.12095025,0.12095025,31,22,0,2,3,1,0,18,2,0,4,104.1
3913098,92248.0,Khiara Keating,Manchester City WFC,0,0,0,0,0.0,0.0,41,27,0,0,14,1,0,0,0,0,3,104.1
3913098,221888.0,Kerstin Yasmijn Casparij,Manchester City WFC,0,0,0,0,0.0,0.0,13,10,0,0,3,0,0,11,3,0,2,26.6
3913098,386105.0,Lisa Fjeldstad Naalsund,Manchester United W,0,0,0,0,0.0,0.0,19,16,0,1,1,0,0,29,3,4,4,79.5
3913098,401932.0,Hinata Miyazawa,Manchester United W,0,0,1,0,0.03331809,0.03331809,9,8,0,0,0,0,0,4,0,0,1,24.4
3913099,4636.0,Maria Thorisdottir,Brighton & Hove Albion WFC,0,0,0,0,0.0,0.0,31,25,0,0,6,0,0,15,0,0,2,99.4
3913099,10158.0,María Victoria Losada Gómez,Brighton & Hove Albion WFC,0,0,0,0,0.0,0.0,53,42,0,0,1,1,0,24,1,1,6,99.4
3913099,10167.0,Tatiana Vanessa Ferreira Pinto,Brighton & Hove Albion WFC,0,0,1,0,0.026309349,0.026309349,10,6,0,0,1,0,0,13,1,0,2,28.6
3913099,10648.0,Shanice van de Sanden,Liverpool WFC,1,1,4,0,0.8562522650000001,0.8562522650000001,25,16,0,0,0,3,1,31,0,0,4,74.5
3913099,15554.0,Gemma Bonner,Liverpool WFC,1,1,1,0,0.06596908,0.06596908,53,44,0,1,4,0,0,8,0,1,3,99.4
3913099,16376.0,Sophie Baggaley,Brighton & Hove Albion WFC,0,0,0,0,0.0,0.0,28,14,0,0,14,1,0,0,0,0,6,99.4
3913099,18146.0,Leanne Kiernan,Liverpool WFC,0,0,2,0,0.17237909,0.17237909,11,8,1,0,0,1,0,5,0,0,2,24.9
3913099,19687.0,Taylor Hinds,Liverpool WFC,0,0,0,0,0.0,0.0,58,46,0,0,6,0,0,18,3,0,7,99.4
3913099,19777.0,Niamh Fahey,Liverpool WFC,0,0,0,0,0.0,0.0,4,3,0,0,1,0,0,0,0,0,0,9.7
3913099,20725.0,Pauline Bremer,Brighton & Hove Albion WFC,0,0,1,0,0.04127184,0.04127184,25,17,0,1,1,0,0,28,1,2,3,70.8
3913099,21059.0,Katie Robinson,Brighton & Hove Albion WFC,0,0,0,0,0.0,0.0,18,11,0,1,0,1,2,18,0,0,6,70.1
3913099,24237.0,Missy Bo Kearns,Liverpool WFC,0,0,1,0,0.081229426,0.081229426,8,6,0,0,2,2,0,3,0,0,2,10.9
3913099,24706.0,Sophie Roman Haug,Liverpool WFC,1,1,6,0,0.743422053,0.743422053,37,21,2,0,3,2,1,27,1,1,3,99.4
3913099,25453.0,Geum-Min Lee,Brighton & Hove Albion WFC,0,0,0,0,0.0,0.0,28,24,0,0,2,0,1,7,0,0,3,51.2
3913099,26094.0,Julia Zigiotti-Olme,Brighton & Hove Albion WFC,0,0,0,0,0.0,0.0,20,11,0,0,1,0,0,7,1,0,2,28.9
3913099,32074.0,Jenna Clark,Liverpool WFC,0,0,0,0,0.0,0.0,59,47,0,1,3,1,0,14,1,0,2,89.7
3913099,32222.0,Sofie Lundgaard,Liverpool WFC,0,0,0,0,0.0,0.0,2,2,0,0,1,0,0,3,0,1,0,10.6
3913099,32403.0,Emma Wilhelmina Koivisto,Liverpool WFC,0,0,1,0,0.027027696,0.027027696,56,46,0,1,8,4,3,29,4,1,5,84.8
3913099,34232.0,Grace Fisk,Liverpool WFC,0,0,0,0,0.0,0.0,68,56,0,1,10,2,0,19,1,1,3,99.4
3913099,34500.0,Emma Nanny Charlotte Kullberg,Brighton & Hove Albion WFC,0,0,0,0,0.0,0.0,50,32,0,0,7,0,0,27,2,1,8,99.4
3913099,46974.0,Marie Therese Höbinger,Liverpool WFC,0,0,0,0,0.0,0.0,56,38,1,4,7,0,0,28,2,0,7,88.5
3913099,55069.0,Lucy Parry,Liverpool WFC,0,0,0,0,0.0,0.0,12,11,0,1,1,0,0,0,0,0,2,14.7
3913099,85004.0,Maisie Symonds,Brighton & Hove Albion WFC,0,0,1,0,0.05566859,0.05566859,40,27,0,1,6,1,1,28,2,2,5,70.5
3913099,105102.0,Veatriki Sarri,Brighton & Hove Albion WFC,0,0,0,0,0.0,0.0,8,6,0,0,0,1,0,11,3,0,1,29.3
3913099,131588.0,Teagan Jade Micah,Liverpool WFC,0,0,0,0,0.0,0.0,67,52,0,0,14,1,0,0,0,0,5,99.4
3913099,276301.0,Elisabeth Terland,Brighton & Hove Albion WFC,0,0,3,0,0.29345890500000005,0.29345890500000005,29,21,0,1,0,2,1,31,0,0,4,99.4
3913099,276304.0,Guro Bergsvand,Brighton & Hove Albion WFC,0,0,1,0,0.08322534,0.08322534,33,22,0,0,4,1,0,9,1,2,5,99.4
3913099,299860.0,Fuka Nagano,Liverpool WFC,0,0,0,0,0.0,0.0,45,41,0,1,3,0,1,40,3,2,6,99.4
3913099,322359.0,Ceri Holland,Liverpool WFC,1,1,2,0,0.99028028,0.99028028,33,21,0,1,2,2,1,31,4,0,4,88.1
3913099,388473.0,Jorelyn Andrea Daniela Carabalí Martínez,Brighton & Hove Albion WFC,0,0,0,0,0.0,0.0,20,13,0,0,4,2,1,4,1,0,5,48.2
3913099,405180.0,Charlize Jayde Rule,Brighton & Hove Albion WFC,0,0,1,0,0.18100289,0.18100289,61,47,0,0,6,1,0,20,2,2,5,99.4
3913100,4984.0,Rachel Corsie,Aston Villa W,0,0,0,0,0.0,0.0,47,40,0,0,4,0,0,10,0,2,4,66.0
3913100,5058.0,Rachel Daly,Aston Villa W,1,1,2,0,0.59017316,0.59017316,26,17,0,2,1,2,0,15,2,0,3,101.1
3913100,8297.0,Adriana Kristina Leon,Aston Villa W,0,0,1,0,0.07656378,0.07656378,16,13,0,1,0,1,0,15,3,0,0,66.2
3913100,10088.0,Katrine Veje,Everton LFC,0,0,0,0,0.0,0.0,55,46,0,2,8,5,0,12,0,2,10,101.5
3913100,10192.0,Jordan Nobbs,Aston Villa W,0,0,1,0,0.025396487,0.025396487,43,39,0,1,4,0,0,10,2,0,5,80.2
3913100,10274.0,Nicoline Sørensen,Everton LFC,0,0,2,0,0.30907829299999995,0.30907829299999995,28,18,0,0,2,2,0,28,1,0,2,101.5
3913100,15421.0,Kenza Dali,Aston Villa W,0,0,4,0,0.161449747,0.161449747,81,61,0,0,6,4,0,17,2,1,6,101.5
3913100,15559.0,Simone Magill,Aston Villa W,0,0,1,0,0.052397355,0.052397355,4,4,0,0,0,0,0,1,0,0,1,21.3
3913100,15562.0,Lucy Staniforth,Aston Villa W,0,0,0,0,0.0,0.0,44,39,0,1,4,0,1,3,0,0,4,35.5
3913100,15571.0,Danielle Turner,Aston Villa W,0,0,0,0,0.0,0.0,93,82,0,1,10,2,0,5,0,2,5,101.5
3913100,15724.0,Mayumi Pacheco,Aston Villa W,0,0,2,0,0.083920486,0.083920486,93,83,0,0,6,0,1,22,3,2,15,101.5
3913100,16382.0,Heather Payne,Everton LFC,0,0,0,0,0.0,0.0,46,29,0,1,5,7,3,42,4,1,12,101.5
3913100,18153.0,Alisha Lehmann,Aston Villa W,0,0,1,0,0.08891587,0.08891587,11,9,0,0,0,1,0,5,0,0,3,35.2
3913100,18254.0,Megan Finnigan,Everton LFC,0,0,0,0,0.0,0.0,39,38,0,0,5,0,1,8,4,0,3,101.5
3913100,19500.0,Sarah Emma Mayling,Aston Villa W,0,0,0,0,0.0,0.0,77,66,0,0,3,1,0,18,2,2,8,101.0
3913100,23465.0,Megan Campbell,Everton LFC,0,0,0,0,0.0,0.0,2,1,0,0,1,0,0,3,2,0,1,17.2
3913100,26093.0,Gun Nathalie Björn,Everton LFC,1,0,1,1,0.7835,0.0,32,24,0,0,6,0,0,9,1,0,2,52.3
3913100,31527.0,Ebony Salmon,Aston Villa W,0,0,0,0,0.0,0.0,9,6,0,0,0,0,3,3,0,0,3,21.1
3913100,31532.0,Kirsty Hanson,Aston Villa W,0,0,1,0,0.024596604,0.024596604,35,22,1,1,2,6,2,22,6,1,6,80.3
3913100,31555.0,Courtney Brosnan,Everton LFC,0,0,0,0,0.0,0.0,25,16,0,0,6,0,0,0,0,0,2,101.5
3913100,32229.0,Sara Holmgaard,Everton LFC,0,0,1,0,0.037586186,0.037586186,39,25,0,1,1,1,0,10,4,0,2,84.3
3913100,32230.0,Karen Holmgaard,Everton LFC,0,0,0,0,0.0,0.0,25,23,0,0,5,2,0,2,0,0,3,49.1
3913100,32339.0,Daphne van Domselaar,Aston Villa W,0,0,0,0,0.0,0.0,40,34,0,0,17,0,0,0,0,0,3,101.5
3913100,34499.0,Hanna Ulrika Bennison,Everton LFC,0,0,2,0,0.05379076,0.05379076,23,17,0,0,3,1,1,16,1,2,5,63.0
3913100,46459.0,Katja Snoeijs,Everton LFC,0,0,2,0,0.25228005600000003,0.25228005600000003,24,16,0,0,1,3,2,17,0,0,1,99.4
3913100,46738.0,Emma Bissell,Everton LFC,0,0,0,0,0.0,0.0,0,0,0,0,0,0,0,2,0,0,0,2.1
3913100,63308.0,Justine Vanhaevermaet,Everton LFC,0,0,0,0,0.0,0.0,39,30,0,2,7,2,0,29,4,2,9,101.5
3913100,78072.0,Anna Patten,Aston Villa W,0,0,1,0,0.03669138,0.03669138,81,74,0,0,9,4,0,2,0,0,6,101.5
3913100,338059.0,Clare Wheeler,Everton LFC,0,0,0,0,0.0,0.0,42,34,0,1,0,0,0,37,5,3,3,101.5
3913100,410042.0,Karoline Olesen,Everton LFC,0,0,0,0,0.0,0.0,25,16,0,0,0,1,1,15,1,1,5,38.5
3913101,5000.0,Stephanie-Elise Catley,Arsenal WFC,0,0,0,0,0.0,0.0,64,48,0,2,7,1,0,8,1,2,7,97.7
3913101,10179.0,Lisa Evans,West Ham United LFC,0,0,1,0,0.11402215,0.11402215,46,33,0,2,3,2,0,25,2,1,2,97.7
3913101,10196.0,Kirsty Smith,West Ham United LFC,0,0,0,0,0.0,0.0,47,34,0,2,5,4,2,29,1,5,6,97.7
3913101,10237.0,Manuela Zinsberger,Arsenal WFC,0,0,0,0,0.0,0.0,34,28,0,0,6,0,0,0,0,0,2,97.7
3913101,10404.0,Noelle Maritz,Arsenal WFC,0,0,0,0,0.0,0.0,21,18,0,0,2,1,0,5,1,1,1,31.4
3913101,10405.0,Lia Wälti,Arsenal WFC,0,0,1,0,0.02263526,0.02263526,16,16,0,0,1,0,0,1,0,2,2,20.6
3913101,10516.0,Frida Maanum,Arsenal WFC,1,1,2,0,0.085925031,0.085925031,36,26,0,1,3,1,0,21,1,2,5,85.8
3913101,11338.0,Caitlin Jade Foord,Arsenal WFC,0,0,3,0,0.12444246549999999,0.12444246549999999,28,21,0,1,1,4,1,22,0,0,4,97.7
3913101,15573.0,Abbey-Leigh Stringer,West Ham United LFC,0,0,0,0,0.0,0.0,31,28,0,0,5,0,0,40,1,1,5,97.7
3913101,15616.0,Kim Little,Arsenal WFC,0,0,0,0,0.0,0.0,5,2,0,0,0,0,0,1,0,0,0,12.8
3913101,15619.0,Bethany Mead,Arsenal WFC,2,2,2,0,0.6620462100000001,0.6620462100000001,36,23,0,0,2,0,0,18,5,2,6,67.2
3913101,15620.0,Katie McCabe,Arsenal WFC,0,0,0,0,0.0,0.0,48,36,0,0,6,1,0,9,2,0,5,66.3
3913101,15623.0,Vivianne Miedema,Arsenal WFC,0,0,3,0,0.262076954,0.262076954,1,0,0,0,0,0,0,2,0,0,1,11.9
3913101,15709.0,Megan Walsh,West Ham United LFC,0,0,0,0,0.0,0.0,38,24,0,0,9,0,0,0,0,0,4,97.7
3913101,23320.0,Melisa Filis,West Ham United LFC,0,0,0,0,0.0,0.0,3,3,0,0,0,0,0,7,0,0,1,10.0
3913101,25624.0,Risa Shimizu,West Ham United LFC,0,0,1,0,0.018024715,0.018024715,47,38,0,1,15,0,1,19,0,1,8,97.7
3913101,25834.0,Viviane Asseyi,West Ham United LFC,0,0,4,0,0.240310201,0.240310201,19,14,0,0,1,3,1,27,5,0,0,81.9
3913101,26092.0,Amanda Ilestedt,Arsenal WFC,0,0,1,0,0.08298154,0.08298154,54,46,0,0,8,1,0,8,1,1,4,97.7
3913101,31157.0,Hawa Cissoko,West Ham United LFC,0,0,1,0,0.19513744,0.19513744,45,34,0,1,10,0,1,17,3,4,8,97.7
3913101,46635.0,Emma Harries,West Ham United LFC,0,0,0,0,0.0,0.0,12,6,0,0,0,1,1,30,2,1,1,64.8
3913101,47521.0,Alessia Russo,Arsenal WFC,0,0,2,0,0.216849471,0.216849471,20,18,1,1,1,1,0,30,0,0,4,85.0
3913101,49697.0,Carlotte Wubben-Moy,Arsenal WFC,0,0,0,0,0.0,0.0,77,66,0,0,16,3,0,10,2,2,7,97.7
3913101,62906.0,Cloé Zoé Eyja Lacasse,Arsenal WFC,0,0,0,0,0.0,0.0,11,9,0,0,0,2,0,8,2,1,2,30.5
3913101,63788.0,Victoria Pelova,Arsenal WFC,0,0,0,0,0.0,0.0,39,33,0,0,3,3,0,12,3,1,5,77.2
3913101,131586.0,Kyra Lillee Cooney-Cross,Arsenal WFC,0,0,0,0,0.0,0.0,68,60,2,3,6,1,2,16,2,1,10,97.7
3913101,131653.0,Honoka Hayashi,West Ham United LFC,0,0,1,0,0.06473892,0.06473892,39,34,0,0,9,1,0,24,3,1,4,87.7
3913101,276907.0,Amber Tysiak,West Ham United LFC,0,0,0,0,0.0,0.0,33,30,0,0,7,0,0,15,3,0,6,97.7
3913101,322322.0,Jessica Ziu,West Ham United LFC,0,0,0,0,0.0,0.0,6,3,0,0,0,0,0,13,0,0,0,31.8
3913101,337744.0,Isibeal Atkinson,West Ham United LFC,0,0,2,0,0.25239928,0.25239928,4,3,0,0,0,0,0,10,1,1,2,15.8
3913101,401930.0,Riko Ueki,West Ham United LFC,0,0,3,0,0.12355058699999999,0.12355058699999999,21,17,0,0,2,2,0,53,4,0,0,97.7
3913102,4651.0,Demi Stokes,Manchester City WFC,0,0,0,0,0.0,0.0,10,10,0,0,0,0,0,2,0,0,2,17.5
3913102,4848.0,Ashleigh Neville,Tottenham Hotspur Women,0,0,0,0,0.0,0.0,44,36,0,1,5,5,1,29,7,2,1,103.5
3913102,5074.0,Shelina Laura Zadorsky,Tottenham Hotspur Women,0,0,0,0,0.0,0.0,11,6,0,0,3,0,1,6,0,0,1,37.1
3913102,5078.0,Alanna Stephanie Kennedy,Manchester City WFC,0,0,0,0,0.0,0.0,78,67,0,0,17,0,0,4,0,0,5,103.5
3913102,10163.0,Leila Ouahabi El Ouahabi,Manchester City WFC,0,0,0,0,0.0,0.0,48,44,1,0,4,1,0,13,4,1,1,86.0
3913102,10252.0,Alex Greenwood,Manchester City WFC,0,0,1,0,0.042317886,0.042317886,92,80,0,1,15,0,0,6,0,1,4,103.5
3913102,10650.0,Jill Roord,Manchester City WFC,1,1,5,0,1.036919443,1.036919443,23,21,1,0,0,2,0,10,2,0,5,59.1
3913102,15555.0,Lauren Hemp,Manchester City WFC,1,1,3,0,0.365778265,0.365778265,29,23,2,3,2,3,2,17,1,2,3,103.5
3913102,15570.0,Chloe Kelly,Manchester City WFC,0,0,2,0,0.059428262,0.059428262,33,21,0,0,2,2,1,14,1,0,3,85.6
3913102,15577.0,Angharad James,Tottenham Hotspur Women,0,0,1,0,0.26194677,0.26194677,70,61,0,1,8,0,0,19,3,1,5,103.5
3913102,18145.0,Ria Percival,Tottenham Hotspur Women,0,0,1,0,0.065563634,0.065563634,17,16,0,0,0,0,0,10,1,0,1,21.1
3913102,18158.0,Rebecca Leigh Spencer,Tottenham Hotspur Women,0,0,0,0,0.0,0.0,40,36,0,0,7,0,0,0,0,0,5,103.5
3913102,19416.0,Laura Coombs,Manchester City WFC,2,2,3,0,0.245154895,0.245154895,10,8,0,1,0,2,0,15,0,1,3,44.6
3913102,19498.0,Jessica Park,Manchester City WFC,0,0,1,0,0.24089803,0.24089803,9,9,1,0,0,1,1,5,0,0,0,17.9
3913102,21021.0,Molly Bartrip,Tottenham Hotspur Women,0,0,0,0,0.0,0.0,65,59,0,0,9,0,0,12,0,0,2,103.5
3913102,21048.0,Rosella Ayane,Tottenham Hotspur Women,0,0,0,0,0.0,0.0,18,13,0,2,1,0,0,19,1,1,1,54.5
3913102,25554.0,Khadija Monifa Shaw,Manchester City WFC,3,3,3,0,0.68650724,0.68650724,23,16,0,0,1,2,2,10,0,1,1,85.8
3913102,25632.0,Yui Hasegawa,Manchester City WFC,0,0,0,0,0.0,0.0,79,69,0,2,8,1,1,22,3,4,9,103.5
3913102,31551.0,Kit Graham,Tottenham Hotspur Women,0,0,0,0,0.0,0.0,6,3,0,0,1,1,2,5,0,0,2,22.1
3913102,31558.0,Martha Thomas,Tottenham Hotspur Women,0,0,3,0,0.29890884,0.29890884,22,17,0,0,0,1,1,36,0,0,4,103.5
3913102,32210.0,Laia Aleixandri López,Manchester City WFC,0,0,0,0,0.0,0.0,89,85,1,0,17,1,1,10,2,0,5,103.5
3913102,35693.0,Mary Boio Fowler,Manchester City WFC,0,0,0,0,0.0,0.0,11,10,0,0,0,0,2,3,0,1,2,17.6
3913102,46541.0,Asmita Ale,Tottenham Hotspur Women,0,0,0,0,0.0,0.0,27,20,0,2,5,0,0,17,2,1,3,66.4
3913102,46740.0,Grace Clinton,Tottenham Hotspur Women,0,0,1,0,0.026658265,0.026658265,32,28,0,0,5,1,1,42,2,3,4,81.3
3913102,46972.0,Luana Bühler,Tottenham Hotspur Women,0,0,0,0,0.0,0.0,54,48,0,0,12,0,0,6,0,1,2,103.5
3913102,49938.0,Deyna Cristina Castellanos Naujenis,Manchester City WFC,0,0,1,0,0.029916177,0.029916177,25,22,0,0,1,3,0,6,1,0,2,44.0
3913102,61467.0,Jessica Naz,Tottenham Hotspur Women,0,0,0,0,0.0,0.0,10,9,0,0,0,1,3,2,0,0,3,21.1
3913102,62666.0,Ingrid Filippa Angeldal,Manchester City WFC,0,0,1,0,0.22186023,0.22186023,28,27,0,1,5,1,0,14,0,0,2,58.9
3913102,87194.0,Celin Bizet Ildhusøy,Tottenham Hotspur Women,0,0,1,0,0.033015743,0.033015743,30,24,0,1,3,2,2,22,2,0,5,82.1
3913102,92248.0,Khiara Keating,Manchester City WFC,0,0,0,0,0.0,0.0,47,38,0,0,10,0,0,0,0,0,4,103.5
3913102,191850.0,Eveliina Summanen,Tottenham Hotspur Women,0,0,0,0,0.0,0.0,39,33,0,0,5,1,0,20,4,2,0,82.3
3913102,402025.0,Linyan Zhang,Tottenham Hotspur Women,0,0,0,0,0.0,0.0,5,4,0,0,0,1,1,19,2,1,0,49.0
3913103,4641.0,Francesca Kirby,Chelsea FCW,0,0,0,0,0.0,0.0,33,29,1,2,3,2,0,17,2,0,1,77.7
3913103,4660.0,Erin Cuthbert,Chelsea FCW,0,0,2,0,0.094623345,0.094623345,44,33,0,0,2,1,0,30,3,0,8,100.6
3913103,4865.0,Josie Green,Leicester City WFC,0,0,0,0,0.0,0.0,11,7,0,0,4,0,0,6,0,0,2,20.2
3913103,4961.0,Samantha May Kerr,Chelsea FCW,1,1,2,0,0.69058179,0.69058179,28,24,0,1,0,3,0,12,0,0,2,84.3
3913103,10100.0,Janice Cayman,Leicester City WFC,0,0,1,0,0.02354438,0.02354438,30,23,0,1,3,1,0,25,0,2,3,100.6
3913103,10260.0,Lena Petermann,Leicester City WFC,0,0,0,0,0.0,0.0,19,15,1,0,3,1,2,51,2,0,3,80.3
3913103,10395.0,Maren Nævdal Mjelde,Chelsea FCW,0,0,0,0,0.0,0.0,52,46,0,0,3,0,0,5,2,2,4,89.8
3913103,10418.0,Eve Perisset,Chelsea FCW,0,0,0,0,0.0,0.0,83,68,1,3,9,0,2,11,0,1,8,100.6
3913103,15290.0,Ashley Elizabeth Marie Lawrence,Chelsea FCW,0,0,0,0,0.0,0.0,14,13,0,0,1,1,0,8,0,0,1,23.1
3913103,15549.0,Sophie Louise Ingle,Chelsea FCW,0,0,0,0,0.0,0.0,42,31,0,1,3,0,0,16,1,1,8,100.6
3913103,15560.0,Ann-Katrin Berger,Chelsea FCW,0,0,0,0,0.0,0.0,42,26,0,0,12,1,0,0,0,0,6,100.6
3913103,15631.0,Niamh Charles,Chelsea FCW,0,0,3,0,0.394925043,0.394925043,69,48,0,0,11,1,1,10,2,1,6,77.5
3913103,15720.0,Sophie Howard,Leicester City WFC,0,0,1,0,0.05197474,0.05197474,52,37,0,0,7,0,0,23,2,1,11,100.6
3913103,16374.0,Aileen Whelan,Leicester City WFC,0,0,1,0,0.118102595,0.118102595,25,11,0,1,1,1,0,43,5,1,5,100.6
3913103,18253.0,Hannah Cain,Leicester City WFC,0,0,0,0,0.0,0.0,14,8,0,1,1,0,0,24,1,0,2,50.9
3913103,19422.0,Jessica Carter,Chelsea FCW,0,0,0,0,0.0,0.0,72,63,0,0,14,1,0,10,2,0,5,100.6
3913103,25612.0,Jessie Alexandra Fleming,Chelsea FCW,0,0,0,0,0.0,0.0,11,6,0,0,0,0,1,2,0,0,3,16.2
3913103,25662.0,Catherine Joan Bott,Leicester City WFC,0,0,0,0,0.0,0.0,49,28,0,1,3,3,1,34,2,3,9,100.6
3913103,30856.0,Julie Thibaud,Leicester City WFC,0,0,0,0,0.0,0.0,48,37,0,1,6,0,0,22,2,3,7,80.4
3913103,31531.0,Lauren James,Chelsea FCW,2,2,5,0,0.924593637,0.924593637,36,26,0,0,3,4,1,16,2,1,4,77.5
3913103,36801.0,Aimee Palmer,Leicester City WFC,0,0,1,0,0.08840445,0.08840445,29,24,0,0,2,0,0,17,1,1,4,49.1
3913103,46988.0,Janina Leitzig,Leicester City WFC,0,0,0,0,0.0,0.0,39,32,0,0,13,0,0,0,0,0,3,100.6
3913103,47008.0,Sjoeke Nüsken,Chelsea FCW,0,0,2,0,0.148407115,0.148407115,9,8,0,0,1,0,0,3,0,0,1,23.1
3913103,62710.0,Johanna Rytting-Kaneryd,Chelsea FCW,0,0,2,0,0.091585393,0.091585393,40,33,0,1,3,3,1,13,2,1,6,100.6
3913103,62951.0,Aniek Nouwen,Chelsea FCW,0,0,0,0,0.0,0.0,5,5,0,0,2,1,0,1,1,1,1,10.8
3913103,81580.0,Agnes Beever-Jones,Chelsea FCW,1,1,1,0,0.14317332,0.14317332,12,7,0,0,1,0,1,5,0,1,1,22.9
3913103,112522.0,Missy Goodwin,Leicester City WFC,0,0,0,0,0.0,0.0,1,1,0,0,0,1,0,5,0,0,1,20.2
3913103,132033.0,Courtney Jade Nevin,Leicester City WFC,0,0,1,0,0.0109390505,0.0109390505,45,33,0,2,7,0,1,19,3,0,2,100.6
3913103,135753.0,Samantha Tierney,Leicester City WFC,1,1,3,0,0.7797563289999999,0.7797563289999999,34,29,0,0,3,0,0,32,0,0,8,100.2
3913103,224822.0,Jutta Rantala,Leicester City WFC,1,1,3,0,0.17831223799999998,0.17831223799999998,13,9,0,0,1,0,0,32,0,0,1,80.4
3913103,241634.0,Remy Siemsen,Leicester City WFC,0,0,0,0,0.0,0.0,2,1,0,0,0,0,0,13,0,0,1,20.2
3913104,4654.0,Nikita Parris,Manchester United W,1,1,3,0,0.46531449,0.46531449,18,13,0,0,1,0,0,20,1,1,2,74.4
3913104,15716.0,Emily Syme,Bristol City WFC,0,0,1,0,0.038469058,0.038469058,7,7,0,0,1,0,0,7,0,0,2,24.0
3913104,15788.0,Amalie Grønbak Thestrup,Bristol City WFC,0,0,1,0,0.009478946,0.009478946,18,11,0,1,0,1,0,26,1,0,6,102.2
3913104,17275.0,Hannah Jayne Blundell,Manchester United W,0,0,2,0,0.07127422,0.07127422,100,85,0,0,13,3,1,17,4,0,8,102.2
3913104,19417.0,Amy Rodgers,Bristol City WFC,0,0,1,0,0.0831788,0.0831788,27,18,0,0,0,0,0,39,2,1,7,102.2
3913104,19501.0,Hayley Ladd,Manchester United W,0,0,0,0,0.0,0.0,20,17,0,0,1,0,0,12,4,0,5,27.5
3913104,22337.0,Maya Le Tissier,Manchester United W,0,0,0,0,0.0,0.0,77,63,0,0,11,2,0,5,1,1,6,102.2
3913104,23412.0,Abigail Harrison,Bristol City WFC,0,0,0,0,0.0,0.0,20,13,0,1,1,1,0,4,0,1,4,78.2
3913104,23413.0,Megan Connolly,Bristol City WFC,0,0,0,0,0.0,0.0,18,11,0,0,3,0,0,9,5,0,5,102.2
3913104,25513.0,Lucía García Córdoba,Manchester United W,0,0,1,0,0.07270049,0.07270049,10,7,0,1,2,1,2,3,0,0,1,16.7
3913104,25543.0,Geyse da Silva Ferreira,Manchester United W,0,0,1,0,0.04496036,0.04496036,16,13,0,4,1,5,6,28,2,0,6,85.5
3913104,25785.0,Jayde Yuk Fun Riviere,Manchester United W,0,0,0,0,0.0,0.0,66,52,0,1,6,2,2,11,0,3,12,102.2
3913104,31534.0,Ella Toone,Manchester United W,0,0,4,0,0.301235329,0.301235329,57,52,2,0,9,1,2,11,1,2,7,102.2
3913104,31536.0,Millie Turner,Manchester United W,0,0,4,0,0.57452201,0.57452201,65,61,0,0,9,0,0,7,1,1,13,102.2
3913104,31538.0,Mary Alexandra Earps,Manchester United W,0,0,0,0,0.0,0.0,37,31,0,0,9,0,0,0,0,0,4,102.2
3913104,31539.0,Leah Galton,Manchester United W,0,0,3,0,0.190302682,0.190302682,34,25,0,3,1,4,0,7,1,2,3,83.8
3913104,31540.0,Katie Zelem,Manchester United W,0,0,1,0,0.08272858,0.08272858,98,81,0,7,7,0,1,14,1,1,5,102.2
3913104,31563.0,Rachel Williams,Manchester United W,0,0,1,0,0.08371383,0.08371383,5,5,0,1,0,0,0,1,1,0,1,17.2
3913104,31614.0,Melvine Malard,Manchester United W,0,0,3,0,0.358845139,0.358845139,10,7,0,0,0,1,0,5,3,0,0,27.8
3913104,32169.0,Jamie-Lee Napier,Bristol City WFC,0,0,0,0,0.0,0.0,19,8,0,0,3,3,0,12,1,1,5,102.2
3913104,42836.0,Ella Powell,Bristol City WFC,0,0,0,0,0.0,0.0,30,14,0,0,5,3,0,12,2,4,8,78.2
3913104,46741.0,Naomi Layzell,Bristol City WFC,0,0,0,0,0.0,0.0,27,13,0,0,4,2,1,23,3,3,4,102.2
3913104,84765.0,Carrie Jones,Bristol City WFC,0,0,1,0,0.041023932,0.041023932,21,11,0,0,2,2,2,35,3,1,5,102.2
3913104,185543.0,Ffion Morgan,Bristol City WFC,0,0,0,0,0.0,0.0,19,12,0,0,4,1,1,15,1,1,7,102.2
3913104,185545.0,Brooke Aspin,Bristol City WFC,0,0,0,0,0.0,0.0,4,4,0,0,2,0,0,4,0,0,0,27.2
3913104,326618.0,Chloe Mustaki,Bristol City WFC,0,0,0,0,0.0,0.0,26,20,0,0,7,1,0,6,1,2,2,74.2
3913104,326619.0,Olivia Clarke,Bristol City WFC,0,0,0,0,0.0,0.0,21,8,0,0,5,0,0,0,0,0,2,102.2
3913104,345061.0,Mari Ward,Bristol City WFC,0,0,2,0,0.31115002,0.31115002,11,5,0,0,1,1,0,6,1,2,1,24.0
3913104,401932.0,Hinata Miyazawa,Manchester United W,1,1,1,0,0.036618546,0.036618546,42,35,0,0,1,0,0,9,1,2,5,74.7
3913105,4641.0,Francesca Kirby,Chelsea FCW,0,0,1,0,0.032189474,0.032189474,24,22,0,1,6,0,0,8,1,2,2,53.1
3913105,4660.0,Erin Cuthbert,Chelsea FCW,0,0,2,0,0.061391215,0.061391215,50,39,0,1,5,0,1,31,5,0,10,103.7
3913105,4961.0,Samantha May Kerr,Chelsea FCW,0,0,3,0,0.49127783599999997,0.49127783599999997,31,25,0,2,0,0,0,10,0,1,2,103.7
3913105,5000.0,Stephanie-Elise Catley,Arsenal WFC,0,0,0,0,0.0,0.0,35,27,1,0,4,0,0,13,3,0,4,79.8
3913105,10229.0,Emma Stina Blackstenius,Arsenal WFC,0,0,2,0,0.5713021,0.5713021,5,4,0,1,0,0,0,6,0,0,0,23.5
3913105,10237.0,Manuela Zinsberger,Arsenal WFC,0,0,0,0,0.0,0.0,35,20,0,0,6,0,0,0,0,0,5,103.7
3913105,10395.0,Maren Nævdal Mjelde,Chelsea FCW,0,0,0,0,0.0,0.0,22,18,0,0,2,0,0,2,0,2,1,50.6
3913105,10404.0,Noelle Maritz,Arsenal WFC,0,0,0,0,0.0,0.0,11,6,0,0,1,0,0,2,0,1,0,23.5
3913105,10405.0,Lia Wälti,Arsenal WFC,0,0,0,0,0.0,0.0,49,35,1,0,5,0,2,26,3,0,9,103.7
3913105,10418.0,Eve Perisset,Chelsea FCW,0,0,0,0,0.0,0.0,34,27,0,0,5,0,0,11,4,2,3,50.6
3913105,10514.0,Guro Reiten,Chelsea FCW,0,0,0,0,0.0,0.0,12,8,0,2,2,0,0,3,0,0,1,34.3
3913105,10516.0,Frida Maanum,Arsenal WFC,0,0,0,0,0.0,0.0,9,8,0,1,0,0,0,13,0,0,3,37.0
3913105,11338.0,Caitlin Jade Foord,Arsenal WFC,0,0,0,0,0.0,0.0,30,19,0,2,2,3,3,20,4,0,4,103.7
3913105,15290.0,Ashley Elizabeth Marie Lawrence,Chelsea FCW,0,0,0,0,0.0,0.0,26,23,0,0,6,2,2,12,2,0,3,53.1
3913105,15357.0,Kadeisha Buchanan,Chelsea FCW,0,0,0,0,0.0,0.0,14,11,0,0,3,0,0,7,3,2,3,53.1
3913105,15560.0,Ann-Katrin Berger,Chelsea FCW,0,0,0,0,0.0,0.0,36,20,0,0,13,0,0,0,0,0,3,103.7
3913105,15616.0,Kim Little,Arsenal WFC,0,0,0,0,0.0,0.0,30,24,0,2,2,1,0,14,1,0,8,66.7
3913105,15619.0,Bethany Mead,Arsenal WFC,1,1,2,0,0.53149331,0.53149331,35,22,0,0,3,2,2,28,4,0,5,80.2
3913105,15620.0,Katie McCabe,Arsenal WFC,0,0,0,0,0.0,0.0,67,46,0,1,18,2,0,22,2,3,12,103.7
3913105,15631.0,Niamh Charles,Chelsea FCW,0,0,0,0,0.0,0.0,61,49,0,0,9,1,4,19,2,6,5,103.7
3913105,19422.0,Jessica Carter,Chelsea FCW,0,0,0,0,0.0,0.0,57,43,0,0,11,1,1,12,1,2,7,103.7
3913105,25612.0,Jessie Alexandra Fleming,Chelsea FCW,0,0,2,0,0.059348026,0.059348026,48,42,1,2,5,2,2,29,1,3,4,103.7
3913105,26092.0,Amanda Ilestedt,Arsenal WFC,1,1,1,0,0.11363592,0.11363592,34,29,0,0,9,1,1,11,1,0,2,103.7
3913105,31531.0,Lauren James,Chelsea FCW,0,0,1,0,0.07521714,0.07521714,16,12,0,0,2,3,3,9,1,0,1,79.9
3913105,47008.0,Sjoeke Nüsken,Chelsea FCW,0,0,0,0,0.0,0.0,18,13,0,1,2,0,0,7,2,0,0,50.0
3913105,47521.0,Alessia Russo,Arsenal WFC,2,1,3,1,1.1134191599999999,0.32991916,17,15,0,0,1,0,2,23,0,0,3,80.2
3913105,49697.0,Carlotte Wubben-Moy,Arsenal WFC,0,0,1,0,0.014001967,0.014001967,53,43,0,0,16,2,1,10,1,2,7,103.7
3913105,62710.0,Johanna Rytting-Kaneryd,Chelsea FCW,1,1,1,0,0.056217674,0.056217674,24,15,0,0,0,3,1,17,0,1,2,69.4
3913105,62906.0,Cloé Zoé Eyja Lacasse,Arsenal WFC,0,0,2,0,0.318042156,0.318042156,11,8,0,0,2,3,0,8,1,0,4,23.5
3913105,63788.0,Victoria Pelova,Arsenal WFC,0,0,1,0,0.045559563,0.045559563,33,24,1,0,3,1,3,21,3,0,6,97.9
3913105,131586.0,Kyra Lillee Cooney-Cross,Arsenal WFC,0,0,0,0,0.0,0.0,1,1,0,0,0,0,0,0,0,0,0,5.8
3913105,361311.0,Mia Renee Fishel,Chelsea FCW,0,0,2,0,0.11324746399999999,0.11324746399999999,7,5,0,0,0,0,0,3,1,1,0,23.8
3913106,4636.0,Maria Thorisdottir,Brighton & Hove Albion WFC,0,0,2,0,0.16235380500000002,0.16235380500000002,30,22,1,0,9,0,1,9,1,3,5,104.4
3913106,4865.0,Josie Green,Leicester City WFC,0,0,0,0,0.0,0.0,48,38,0,0,8,2,0,17,1,0,4,79.4
3913106,10100.0,Janice Cayman,Leicester City WFC,0,0,1,0,0.18249358,0.18249358,52,38,0,1,7,0,0,16,1,0,4,104.4
3913106,10158.0,María Victoria Losada Gómez,Brighton & Hove Albion WFC,0,0,1,0,0.03838799,0.03838799,31,20,0,2,5,1,0,45,5,2,9,104.4
3913106,10167.0,Tatiana Vanessa Ferreira Pinto,Brighton & Hove Albion WFC,0,0,2,0,0.19515458600000002,0.19515458600000002,7,6,0,1,2,0,0,9,0,0,1,33.7
3913106,10260.0,Lena Petermann,Leicester City WFC,1,1,2,0,0.15095882,0.15095882,29,22,0,1,1,1,0,27,2,0,4,79.8
3913106,15720.0,Sophie Howard,Leicester City WFC,0,0,0,0,0.0,0.0,82,70,0,0,12,2,0,19,2,3,3,104.3
3913106,16374.0,Aileen Whelan,Leicester City WFC,0,0,2,0,0.117522821,0.117522821,35,23,0,0,1,1,1,25,3,1,4,104.4
3913106,16376.0,Sophie Baggaley,Brighton & Hove Albion WFC,0,0,0,0,0.0,0.0,26,17,0,0,13,1,0,0,0,0,6,104.4
3913106,17274.0,Poppy Pattinson,Brighton & Hove Albion WFC,0,0,1,0,0.0796184,0.0796184,39,23,1,2,3,1,0,29,2,2,5,104.4
3913106,20725.0,Pauline Bremer,Brighton & Hove Albion WFC,0,0,1,0,0.107477285,0.107477285,34,21,0,1,5,2,1,27,1,0,5,104.4
3913106,21059.0,Katie Robinson,Brighton & Hove Albion WFC,0,0,0,0,0.0,0.0,11,6,0,2,0,1,0,9,1,0,5,38.6
3913106,25662.0,Catherine Joan Bott,Leicester City WFC,0,0,0,0,0.0,0.0,8,5,0,0,0,1,0,3,0,0,3,12.6
3913106,30856.0,Julie Thibaud,Leicester City WFC,0,0,0,0,0.0,0.0,94,79,0,0,18,2,0,23,6,3,3,104.4
3913106,34500.0,Emma Nanny Charlotte Kullberg,Brighton & Hove Albion WFC,0,0,0,0,0.0,0.0,42,29,0,0,10,2,0,15,1,2,3,104.4
3913106,36801.0,Aimee Palmer,Leicester City WFC,0,0,1,0,0.036392514,0.036392514,64,52,0,0,2,0,0,17,3,2,10,104.4
3913106,46988.0,Janina Leitzig,Leicester City WFC,0,0,0,0,0.0,0.0,74,67,0,0,13,0,0,0,0,0,4,104.4
3913106,85004.0,Maisie Symonds,Brighton & Hove Albion WFC,0,0,0,0,0.0,0.0,15,11,0,0,2,0,2,29,0,1,6,70.7
3913106,105102.0,Veatriki Sarri,Brighton & Hove Albion WFC,0,0,1,0,0.045266602,0.045266602,24,20,0,2,0,1,1,31,4,1,5,65.8
3913106,112522.0,Missy Goodwin,Leicester City WFC,0,0,0,0,0.0,0.0,14,12,0,1,0,1,0,6,1,0,2,24.9
3913106,132033.0,Courtney Jade Nevin,Leicester City WFC,0,0,1,0,0.1336782,0.1336782,41,31,0,0,4,1,2,9,1,1,2,91.8
3913106,135753.0,Samantha Tierney,Leicester City WFC,0,0,0,0,0.0,0.0,43,32,1,3,2,1,0,23,0,2,7,104.3
3913106,224822.0,Jutta Rantala,Leicester City WFC,1,1,5,0,0.50571372,0.50571372,37,24,0,3,3,4,0,31,6,1,8,104.4
3913106,241634.0,Remy Siemsen,Leicester City WFC,0,0,0,0,0.0,0.0,11,6,0,0,1,0,0,5,0,0,2,24.6
3913106,276301.0,Elisabeth Terland,Brighton & Hove Albion WFC,2,2,8,0,1.214039654,1.214039654,20,13,0,2,2,3,1,20,0,1,3,104.4
3913106,276304.0,Guro Bergsvand,Brighton & Hove Albion WFC,0,0,1,0,0.015297633,0.015297633,32,16,0,1,3,0,0,7,0,2,4,104.4
3913106,405180.0,Charlize Jayde Rule,Brighton & Hove Albion WFC,0,0,0,0,0.0,0.0,42,32,0,1,7,3,0,25,1,0,7,104.4
3913107,4984.0,Rachel Corsie,Aston Villa W,0,0,1,0,0.07548352,0.07548352,29,24,0,1,2,0,0,19,2,1,6,76.2
3913107,5058.0,Rachel Daly,Aston Villa W,0,0,2,0,0.076186155,0.076186155,16,12,0,0,1,1,4,38,1,2,5,98.2
3913107,5078.0,Alanna Stephanie Kennedy,Manchester City WFC,0,0,0,0,0.0,0.0,47,45,0,0,13,4,0,4,1,2,2,47.1
3913107,10163.0,Leila Ouahabi El Ouahabi,Manchester City WFC,0,0,0,0,0.0,0.0,67,59,0,1,3,2,1,14,0,4,6,98.2
3913107,10192.0,Jordan Nobbs,Aston Villa W,0,0,2,0,0.18800668,0.18800668,31,25,0,0,3,2,1,11,0,0,4,75.9
3913107,10252.0,Alex Greenwood,Manchester City WFC,0,0,2,0,0.184832025,0.184832025,87,72,0,0,22,6,3,8,2,3,7,98.2
3913107,10650.0,Jill Roord,Manchester City WFC,0,0,3,0,0.230968676,0.230968676,39,34,0,1,4,1,1,17,0,2,5,98.2
3913107,15421.0,Kenza Dali,Aston Villa W,0,0,0,0,0.0,0.0,57,42,1,2,4,2,1,24,2,3,7,98.2
3913107,15555.0,Lauren Hemp,Manchester City WFC,2,2,6,0,0.9134355639999999,0.9134355639999999,49,37,0,3,3,7,1,26,1,0,8,98.2
3913107,15559.0,Simone Magill,Aston Villa W,0,0,0,0,0.0,0.0,11,6,0,0,0,0,0,26,0,0,2,47.1
3913107,15562.0,Lucy Staniforth,Aston Villa W,0,0,0,0,0.0,0.0,44,37,0,0,5,0,0,28,1,1,6,98.2
3913107,15570.0,Chloe Kelly,Manchester City WFC,0,0,4,0,0.218458125,0.218458125,58,44,1,4,3,2,3,18,1,0,7,98.2
3913107,15571.0,Danielle Turner,Aston Villa W,1,1,1,0,0.057847932,0.057847932,51,42,0,0,3,0,0,8,2,4,2,98.2
3913107,15724.0,Mayumi Pacheco,Aston Villa W,0,0,0,0,0.0,0.0,51,43,0,0,5,3,0,40,2,2,6,98.2
3913107,19416.0,Laura Coombs,Manchester City WFC,0,0,1,0,0.11064479,0.11064479,34,28,0,1,0,1,0,23,1,1,5,98.2
3913107,19500.0,Sarah Emma Mayling,Aston Villa W,0,0,0,0,0.0,0.0,48,37,0,0,4,2,1,26,1,1,7,98.2
3913107,25554.0,Khadija Monifa Shaw,Manchester City WFC,0,0,3,0,0.32903419,0.32903419,22,16,0,0,2,1,3,16,0,3,3,98.0
3913107,25632.0,Yui Hasegawa,Manchester City WFC,0,0,1,0,0.02759175,0.02759175,62,55,0,0,4,0,1,20,0,2,8,98.2
3913107,31527.0,Ebony Salmon,Aston Villa W,0,0,0,0,0.0,0.0,6,3,0,1,0,1,0,4,0,0,2,22.3
3913107,31532.0,Kirsty Hanson,Aston Villa W,0,0,0,0,0.0,0.0,11,6,0,0,0,3,0,20,2,0,7,51.1
3913107,32210.0,Laia Aleixandri López,Manchester City WFC,0,0,0,0,0.0,0.0,78,69,0,0,10,2,0,20,0,4,3,98.2
3913107,32339.0,Daphne van Domselaar,Aston Villa W,0,0,0,0,0.0,0.0,44,35,0,0,11,0,0,1,0,0,9,98.2
3913107,78072.0,Anna Patten,Aston Villa W,0,0,0,0,0.0,0.0,51,43,0,0,12,0,0,4,1,1,2,98.2
3913107,92248.0,Khiara Keating,Manchester City WFC,0,0,0,0,0.0,0.0,26,21,0,0,8,1,0,0,0,0,2,98.2
3913107,135947.0,Lucy Parker,Aston Villa W,0,0,1,0,0.068951234,0.068951234,10,8,0,0,0,0,0,9,1,1,2,22.0
3913107,221888.0,Kerstin Yasmijn Casparij,Manchester City WFC,0,0,0,0,0.0,0.0,36,30,0,0,4,2,1,6,0,0,4,51.1
3913108,10648.0,Shanice van de Sanden,Liverpool WFC,0,0,2,0,0.10055246600000001,0.10055246600000001,11,5,0,0,0,1,2,14,2,0,4,67.4
3913108,15547.0,Melissa Lawley,Liverpool WFC,0,0,0,0,0.0,0.0,18,13,0,0,3,2,0,10,1,0,2,44.6
3913108,15554.0,Gemma Bonner,Liverpool WFC,0,0,1,0,0.08431685,0.08431685,66,57,0,0,13,4,0,8,1,0,4,101.0
3913108,15716.0,Emily Syme,Bristol City WFC,0,0,0,0,0.0,0.0,32,26,0,0,2,1,0,20,0,1,6,101.0
3913108,15788.0,Amalie Grønbak Thestrup,Bristol City WFC,1,1,2,0,0.384839027,0.384839027,25,17,0,1,1,3,1,18,2,0,10,101.0
3913108,18146.0,Leanne Kiernan,Liverpool WFC,0,0,0,0,0.0,0.0,7,3,0,0,0,0,0,7,1,0,1,33.3
3913108,19417.0,Amy Rodgers,Bristol City WFC,0,0,1,0,0.025658587,0.025658587,42,27,0,0,5,0,0,27,1,0,9,101.0
3913108,19499.0,Shania Hayles,Bristol City WFC,0,0,0,0,0.0,0.0,1,1,0,0,0,1,0,4,0,0,0,12.1
3913108,19687.0,Taylor Hinds,Liverpool WFC,0,0,1,0,0.00777171,0.00777171,75,61,1,1,14,1,3,15,0,1,7,101.0
3913108,23412.0,Abigail Harrison,Bristol City WFC,0,0,3,0,0.42029313,0.42029313,24,11,0,1,1,0,0,11,1,0,6,74.2
3913108,23413.0,Megan Connolly,Bristol City WFC,0,0,0,0,0.0,0.0,32,22,0,0,2,0,0,10,2,1,1,101.0
3913108,24237.0,Missy Bo Kearns,Liverpool WFC,0,0,1,0,0.014745092,0.014745092,20,15,0,1,2,1,0,8,1,0,2,33.9
3913108,24706.0,Sophie Roman Haug,Liverpool WFC,1,1,3,0,0.467146359,0.467146359,35,20,0,1,0,0,0,23,1,0,2,101.0
3913108,32074.0,Jenna Clark,Liverpool WFC,0,0,3,0,0.240758926,0.240758926,77,65,0,0,14,7,0,11,1,0,3,101.0
3913108,32169.0,Jamie-Lee Napier,Bristol City WFC,0,0,0,0,0.0,0.0,36,22,0,0,2,3,0,18,1,1,10,101.0
3913108,32222.0,Sofie Lundgaard,Liverpool WFC,0,0,0,0,0.0,0.0,2,0,0,0,0,0,0,3,0,0,0,13.0
3913108,32403.0,Emma Wilhelmina Koivisto,Liverpool WFC,0,0,0,0,0.0,0.0,35,30,0,0,2,0,1,17,1,0,5,56.4
3913108,34232.0,Grace Fisk,Liverpool WFC,0,0,0,0,0.0,0.0,80,69,0,1,13,4,0,8,0,0,4,88.2
3913108,42836.0,Ella Powell,Bristol City WFC,0,0,0,0,0.0,0.0,36,27,0,0,7,2,1,23,4,2,4,101.0
3913108,46741.0,Naomi Layzell,Bristol City WFC,0,0,2,0,0.12528646999999998,0.12528646999999998,29,15,0,0,5,1,0,20,3,0,4,101.0
3913108,46974.0,Marie Therese Höbinger,Liverpool WFC,0,0,0,0,0.0,0.0,35,26,0,3,6,1,0,15,0,0,2,66.9
3913108,55069.0,Lucy Parry,Liverpool WFC,0,0,0,0,0.0,0.0,10,6,0,0,1,1,1,5,2,0,3,12.8
3913108,131588.0,Teagan Jade Micah,Liverpool WFC,0,0,0,0,0.0,0.0,56,48,0,0,16,0,0,0,0,0,5,101.0
3913108,185543.0,Ffion Morgan,Bristol City WFC,0,0,0,0,0.0,0.0,39,22,0,3,0,2,0,23,0,2,6,88.9
3913108,299860.0,Fuka Nagano,Liverpool WFC,0,0,0,0,0.0,0.0,42,32,0,1,3,0,0,23,1,1,9,101.0
3913108,322359.0,Ceri Holland,Liverpool WFC,0,0,0,0,0.0,0.0,25,17,0,2,1,4,0,21,0,0,2,88.0
3913108,326618.0,Chloe Mustaki,Bristol City WFC,0,0,1,0,0.04759753,0.04759753,47,30,0,0,5,1,0,9,2,0,5,101.0
3913108,326619.0,Olivia Clarke,Bristol City WFC,0,0,0,0,0.0,0.0,33,19,0,0,16,0,0,0,0,0,6,101.0
3913108,345061.0,Mari Ward,Bristol City WFC,0,0,1,0,0.029215839,0.029215839,12,6,0,0,2,0,2,13,1,1,5,26.8
3913109,4654.0,Nikita Parris,Manchester United W,0,0,0,0,0.0,0.0,24,21,0,0,2,0,0,22,2,0,2,68.8
3913109,4848.0,Ashleigh Neville,Tottenham Hotspur Women,0,0,0,0,0.0,0.0,55,40,0,0,9,1,1,26,2,2,3,97.8
3913109,5074.0,Shelina Laura Zadorsky,Tottenham Hotspur Women,0,0,0,0,0.0,0.0,47,27,0,0,6,1,0,20,4,2,6,97.8
3913109,15550.0,Bethany England,Tottenham Hotspur Women,0,0,1,0,0.55635434,0.55635434,18,11,0,0,0,0,0,12,1,0,5,58.1
3913109,15577.0,Angharad James,Tottenham Hotspur Women,0,0,1,0,0.04579597,0.04579597,41,28,0,0,4,0,0,25,2,1,8,97.8
3913109,16381.0,Gemma Evans,Manchester United W,0,0,0,0,0.0,0.0,6,6,0,0,0,0,0,0,0,0,0,8.2
3913109,17275.0,Hannah Jayne Blundell,Manchester United W,0,0,1,0,0.05401225,0.05401225,93,84,1,1,17,1,0,23,4,0,10,97.8
3913109,18145.0,Ria Percival,Tottenham Hotspur Women,0,0,2,0,0.057751844999999996,0.057751844999999996,27,14,0,1,1,1,0,24,3,2,3,97.8
3913109,18158.0,Rebecca Leigh Spencer,Tottenham Hotspur Women,0,0,0,0,0.0,0.0,43,33,0,0,6,0,0,1,0,0,4,97.8
3913109,19501.0,Hayley Ladd,Manchester United W,1,1,3,0,0.20209198299999998,0.20209198299999998,56,50,0,0,9,1,1,22,3,2,9,97.8
3913109,21021.0,Molly Bartrip,Tottenham Hotspur Women,0,0,0,0,0.0,0.0,41,34,0,0,10,0,0,13,3,2,5,97.8
3913109,21048.0,Rosella Ayane,Tottenham Hotspur Women,0,0,0,0,0.0,0.0,10,5,0,0,0,0,0,11,3,0,1,39.6
3913109,22337.0,Maya Le Tissier,Manchester United W,0,0,0,0,0.0,0.0,112,99,0,0,19,3,0,8,1,0,4,97.8
3913109,25513.0,Lucía García Córdoba,Manchester United W,0,0,0,0,0.0,0.0,7,5,1,0,0,0,0,4,1,0,0,29.0
3913109,25543.0,Geyse da Silva Ferreira,Manchester United W,0,0,1,0,0.0735898,0.0735898,4,2,0,0,1,1,2,10,2,0,5,28.6
3913109,25785.0,Jayde Yuk Fun Riviere,Manchester United W,0,0,0,0,0.0,0.0,68,60,0,1,7,3,0,12,4,1,7,97.8
3913109,31533.0,Amy Turner,Tottenham Hotspur Women,0,0,0,0,0.0,0.0,44,39,0,0,16,1,0,6,3,1,3,97.8
3913109,31534.0,Ella Toone,Manchester United W,1,1,1,0,0.29895777,0.29895777,52,41,0,0,6,2,1,16,1,0,5,89.4
3913109,31536.0,Millie Turner,Manchester United W,0,0,1,0,0.03805816,0.03805816,96,93,0,0,5,0,0,6,2,0,3,89.5
3913109,31538.0,Mary Alexandra Earps,Manchester United W,0,0,0,0,0.0,0.0,41,34,0,0,5,0,0,0,0,0,4,97.8
3913109,31539.0,Leah Galton,Manchester United W,0,0,1,0,0.085730486,0.085730486,36,23,0,0,0,2,1,14,0,0,6,84.1
3913109,31540.0,Katie Zelem,Manchester United W,0,0,1,0,0.016728185,0.016728185,70,55,0,0,4,0,2,20,2,0,2,97.8
3913109,31551.0,Kit Graham,Tottenham Hotspur Women,0,0,0,0,0.0,0.0,7,6,0,1,2,1,0,9,1,0,0,39.7
3913109,31558.0,Martha Thomas,Tottenham Hotspur Women,0,0,1,0,0.08260211,0.08260211,29,17,0,1,0,3,0,13,0,0,3,81.5
3913109,31563.0,Rachel Williams,Manchester United W,0,0,0,0,0.0,0.0,4,4,0,1,0,1,0,4,0,0,1,13.7
3913109,31614.0,Melvine Malard,Manchester United W,2,2,2,0,0.6238073199999999,0.6238073199999999,15,8,1,0,1,0,0,11,0,0,2,69.1
3913109,46533.0,Ramona Petzelberger,Tottenham Hotspur Women,0,0,0,0,0.0,0.0,5,4,0,0,0,0,0,8,1,0,1,16.0
3913109,61467.0,Jessica Naz,Tottenham Hotspur Women,0,0,1,0,0.051829215,0.051829215,8,5,0,0,0,3,1,13,0,0,3,58.1
3913109,87194.0,Celin Bizet Ildhusøy,Tottenham Hotspur Women,0,0,3,0,0.130116839,0.130116839,24,17,0,2,1,4,7,20,3,0,9,81.8
3913109,386105.0,Lisa Fjeldstad Naalsund,Manchester United W,0,0,0,0,0.0,0.0,5,3,0,0,0,0,0,2,0,0,1,8.4
3913109,402025.0,Linyan Zhang,Tottenham Hotspur Women,0,0,0,0,0.0,0.0,2,1,0,0,0,1,0,5,0,0,1,15.9
3913110,10179.0,Lisa Evans,West Ham United LFC,0,0,1,0,0.019809911,0.019809911,64,46,0,3,11,2,0,11,1,0,4,93.7
3913110,10183.0,Toni Duggan,Everton LFC,0,0,1,0,0.11928971,0.11928971,24,22,0,1,2,0,1,9,1,0,2,65.1
3913110,10196.0,Kirsty Smith,West Ham United LFC,0,0,0,0,0.0,0.0,39,28,0,1,4,0,1,21,1,1,1,99.2
3913110,10225.0,Aurora Galli,Everton LFC,0,0,0,0,0.0,0.0,32,27,0,1,5,0,2,18,3,0,6,99.2
3913110,10274.0,Nicoline Sørensen,Everton LFC,0,0,3,0,0.128853519,0.128853519,22,10,0,0,1,3,0,36,3,0,4,99.2
3913110,15573.0,Abbey-Leigh Stringer,West Ham United LFC,0,0,1,0,0.0369582,0.0369582,59,49,0,0,7,0,2,27,2,5,15,99.2
3913110,15709.0,Megan Walsh,West Ham United LFC,0,0,0,0,0.0,0.0,42,30,0,0,14,0,0,0,0,0,5,99.2
3913110,16382.0,Heather Payne,Everton LFC,0,0,1,0,0.03592758,0.03592758,59,38,0,1,5,3,3,21,4,3,11,99.2
3913110,18254.0,Megan Finnigan,Everton LFC,0,0,2,0,0.29691629399999997,0.29691629399999997,32,27,0,0,7,0,0,19,1,1,3,99.2
3913110,23320.0,Melisa Filis,West Ham United LFC,0,0,0,0,0.0,0.0,13,10,0,1,3,0,1,4,0,0,5,28.1
3913110,23465.0,Megan Campbell,Everton LFC,0,0,0,0,0.0,0.0,7,5,0,0,2,0,0,4,1,0,4,17.6
3913110,25624.0,Risa Shimizu,West Ham United LFC,0,0,0,0,0.0,0.0,83,66,0,0,15,2,1,13,3,1,7,99.2
3913110,25834.0,Viviane Asseyi,West Ham United LFC,0,0,4,0,0.697963875,0.697963875,32,24,0,0,4,3,3,26,1,0,8,99.2
3913110,26093.0,Gun Nathalie Björn,Everton LFC,0,0,2,0,0.15148102,0.15148102,44,35,0,0,9,2,0,11,1,1,5,55.4
3913110,31157.0,Hawa Cissoko,West Ham United LFC,0,0,0,0,0.0,0.0,61,51,0,0,13,0,0,14,5,2,3,99.2
3913110,31555.0,Courtney Brosnan,Everton LFC,0,0,0,0,0.0,0.0,57,44,0,0,5,0,0,0,0,0,4,99.2
3913110,32229.0,Sara Holmgaard,Everton LFC,0,0,0,0,0.0,0.0,53,42,1,0,5,1,1,16,1,2,6,81.6
3913110,32230.0,Karen Holmgaard,Everton LFC,1,1,1,0,0.110752605,0.110752605,10,5,0,0,0,0,1,3,0,1,5,43.8
3913110,34499.0,Hanna Ulrika Bennison,Everton LFC,0,0,0,0,0.0,0.0,44,34,0,3,2,4,2,29,2,2,7,99.2
3913110,46459.0,Katja Snoeijs,Everton LFC,0,0,2,0,0.106436738,0.106436738,28,18,0,1,1,1,2,40,3,0,5,97.2
3913110,46635.0,Emma Harries,West Ham United LFC,0,0,0,0,0.0,0.0,2,1,0,0,1,0,0,2,1,0,0,5.5
3913110,46738.0,Emma Bissell,Everton LFC,0,0,0,0,0.0,0.0,13,11,0,0,1,2,0,20,0,0,3,34.1
3913110,131653.0,Honoka Hayashi,West Ham United LFC,0,0,0,0,0.0,0.0,32,26,0,1,4,0,0,10,0,2,2,71.1
3913110,276907.0,Amber Tysiak,West Ham United LFC,0,0,1,0,0.11778034,0.11778034,46,44,0,0,6,0,0,10,0,1,8,70.8
3913110,322322.0,Jessica Ziu,West Ham United LFC,0,0,1,0,0.3954113,0.3954113,22,16,0,2,0,0,0,27,1,0,3,71.3
3913110,337744.0,Isibeal Atkinson,West Ham United LFC,0,0,0,0,0.0,0.0,7,2,0,0,0,0,0,8,1,0,2,27.9
3913110,338059.0,Clare Wheeler,Everton LFC,0,0,0,0,0.0,0.0,56,40,0,1,6,0,1,14,3,4,10,99.2
3913110,370018.0,Shannon Cooke,West Ham United LFC,0,0,0,0,0.0,0.0,16,11,0,0,2,2,0,4,0,0,1,28.4
3913110,401930.0,Riko Ueki,West Ham United LFC,0,0,3,0,0.43505035999999997,0.43505035999999997,27,18,0,0,0,1,1,24,1,1,2,99.2
3913110,410041.0,Alyssa Mae Aherne,Everton LFC,0,0,0,0,0.0,0.0,1,1,0,0,0,0,0,1,0,0,0,2.0
3913111,4654.0,Nikita Parris,Manchester United W,0,0,1,0,0.032812312,0.032812312,28,23,0,0,1,2,2,16,0,0,8,66.6
3913111,10648.0,Shanice van de Sanden,Liverpool WFC,0,0,0,0,0.0,0.0,9,3,0,0,0,3,0,18,1,1,2,36.4
3913111,15547.0,Melissa Lawley,Liverpool WFC,0,0,0,0,0.0,0.0,19,12,0,0,2,8,4,10,2,0,3,67.2
3913111,15554.0,Gemma Bonner,Liverpool WFC,0,0,0,0,0.0,0.0,20,16,0,0,3,1,0,7,1,0,1,87.5
3913111,17275.0,Hannah Jayne Blundell,Manchester United W,0,0,1,0,0.20363636,0.20363636,96,77,0,0,8,3,0,14,2,0,10,103.6
3913111,18146.0,Leanne Kiernan,Liverpool WFC,0,0,1,0,0.5231762,0.5231762,4,3,0,0,0,2,0,4,0,0,2,16.1
3913111,19501.0,Hayley Ladd,Manchester United W,0,0,0,0,0.0,0.0,51,42,0,1,7,2,0,12,3,1,3,73.7
3913111,19687.0,Taylor Hinds,Liverpool WFC,1,1,3,0,0.2752033165,0.2752033165,55,39,0,1,9,2,1,16,5,0,9,103.3
3913111,22337.0,Maya Le Tissier,Manchester United W,0,0,0,0,0.0,0.0,70,53,0,0,13,2,0,15,2,1,11,103.6
3913111,24237.0,Missy Bo Kearns,Liverpool WFC,0,0,2,0,0.22061692900000002,0.22061692900000002,20,13,0,1,3,0,0,31,0,1,5,63.7
3913111,24706.0,Sophie Roman Haug,Liverpool WFC,0,0,1,0,0.08486189,0.08486189,30,13,0,0,1,0,0,28,0,1,4,103.6
3913111,25513.0,Lucía García Córdoba,Manchester United W,0,0,0,0,0.0,0.0,3,2,0,0,0,0,1,4,0,0,2,37.0
3913111,25543.0,Geyse da Silva Ferreira,Manchester United W,0,0,1,0,0.11466783,0.11466783,6,3,0,0,0,1,5,4,1,0,3,29.6
3913111,25785.0,Jayde Yuk Fun Riviere,Manchester United W,0,0,0,0,0.0,0.0,64,50,0,1,5,3,2,14,3,2,9,103.6
3913111,31534.0,Ella Toone,Manchester United W,1,1,2,0,0.223713056,0.223713056,39,31,0,1,3,4,0,14,1,0,5,74.0
3913111,31536.0,Millie Turner,Manchester United W,0,0,2,0,0.15472639,0.15472639,64,60,0,0,6,0,0,7,2,0,1,103.6
3913111,31538.0,Mary Alexandra Earps,Manchester United W,0,0,0,0,0.0,0.0,36,26,0,0,15,0,0,0,0,0,2,103.6
3913111,31539.0,Leah Galton,Manchester United W,0,0,1,0,0.10081178,0.10081178,28,21,0,1,4,2,1,14,1,0,4,103.6
3913111,31540.0,Katie Zelem,Manchester United W,0,0,0,0,0.0,0.0,76,48,0,3,7,0,1,13,1,0,6,103.6
3913111,31563.0,Rachel Williams,Manchester United W,0,0,1,0,0.09118116,0.09118116,13,12,0,0,0,1,0,4,2,1,4,37.4
3913111,31614.0,Melvine Malard,Manchester United W,0,0,2,0,0.29276303000000004,0.29276303000000004,17,10,0,0,0,2,3,14,0,1,1,66.2
3913111,32074.0,Jenna Clark,Liverpool WFC,0,0,1,0,0.051365767,0.051365767,39,32,0,0,4,0,0,13,0,1,7,103.6
3913111,32222.0,Sofie Lundgaard,Liverpool WFC,0,0,0,0,0.0,0.0,2,1,0,0,1,0,0,3,0,0,1,10.2
3913111,32403.0,Emma Wilhelmina Koivisto,Liverpool WFC,0,0,0,0,0.0,0.0,30,26,0,1,4,3,1,19,2,2,5,103.6
3913111,34232.0,Grace Fisk,Liverpool WFC,0,0,1,0,0.07626205,0.07626205,49,42,0,0,5,2,0,20,4,1,5,103.6
3913111,46974.0,Marie Therese Höbinger,Liverpool WFC,0,0,0,0,0.0,0.0,17,8,1,1,2,0,0,6,0,0,2,39.9
3913111,131588.0,Teagan Jade Micah,Liverpool WFC,0,0,0,0,0.0,0.0,49,40,0,0,19,1,0,1,0,0,5,103.6
3913111,299860.0,Fuka Nagano,Liverpool WFC,0,0,0,0,0.0,0.0,29,23,0,0,3,1,0,28,3,2,2,103.6
3913111,322359.0,Ceri Holland,Liverpool WFC,0,0,1,0,0.06909701,0.06909701,23,8,0,0,2,2,0,28,0,0,6,93.3
3913111,386105.0,Lisa Fjeldstad Naalsund,Manchester United W,0,0,0,0,0.0,0.0,11,9,0,0,1,0,0,5,0,0,1,29.9
3913112,4641.0,Francesca Kirby,Chelsea FCW,0,0,2,0,0.25783903399999997,0.25783903399999997,38,33,0,4,6,1,0,5,0,0,5,75.0
3913112,4660.0,Erin Cuthbert,Chelsea FCW,1,1,4,0,0.602326087,0.602326087,69,59,0,2,8,5,1,23,5,1,12,100.2
3913112,4961.0,Samantha May Kerr,Chelsea FCW,1,1,5,0,0.90146375,0.90146375,27,23,0,3,1,3,0,3,0,1,2,66.6
3913112,10418.0,Eve Perisset,Chelsea FCW,0,0,0,0,0.0,0.0,17,14,0,0,3,0,0,3,0,1,1,20.9
3913112,10514.0,Guro Reiten,Chelsea FCW,0,0,1,0,0.097136594,0.097136594,32,22,1,1,0,2,0,14,2,0,1,66.8
3913112,15290.0,Ashley Elizabeth Marie Lawrence,Chelsea FCW,0,0,0,0,0.0,0.0,60,50,0,0,6,1,3,7,1,0,7,79.3
3913112,15549.0,Sophie Louise Ingle,Chelsea FCW,0,0,1,0,0.032316167,0.032316167,88,81,1,2,14,0,0,14,4,1,4,100.2
3913112,15631.0,Niamh Charles,Chelsea FCW,0,0,0,0,0.0,0.0,91,79,0,1,7,6,1,11,1,0,9,98.7
3913112,15716.0,Emily Syme,Bristol City WFC,0,0,0,0,0.0,0.0,9,7,0,1,2,0,0,7,0,0,1,28.3
3913112,15788.0,Amalie Grønbak Thestrup,Bristol City WFC,0,0,0,0,0.0,0.0,8,5,0,1,0,2,2,29,0,0,4,89.1
3913112,16389.0,Jessica Woolley,Bristol City WFC,0,0,0,0,0.0,0.0,5,3,0,0,0,0,0,2,0,0,0,11.3
3913112,19417.0,Amy Rodgers,Bristol City WFC,0,0,2,0,0.069750321,0.069750321,32,25,0,1,2,2,0,42,6,0,5,100.2
3913112,19422.0,Jessica Carter,Chelsea FCW,0,0,0,0,0.0,0.0,93,86,0,0,10,5,0,10,3,0,7,100.2
3913112,19499.0,Shania Hayles,Bristol City WFC,0,0,2,0,0.23845684,0.23845684,1,1,0,0,0,0,0,4,0,0,0,11.2
3913112,22032.0,Hannah Hampton,Chelsea FCW,0,0,0,0,0.0,0.0,54,48,0,0,21,0,0,1,0,0,7,100.2
3913112,23412.0,Abigail Harrison,Bristol City WFC,0,0,1,0,0.06717262,0.06717262,24,16,0,0,1,1,0,17,0,1,6,71.9
3913112,23413.0,Megan Connolly,Bristol City WFC,0,0,0,0,0.0,0.0,32,21,0,0,4,0,0,10,2,1,6,100.2
3913112,25612.0,Jessie Alexandra Fleming,Chelsea FCW,0,0,0,0,0.0,0.0,11,8,0,1,2,0,1,0,0,0,0,25.3
3913112,31531.0,Lauren James,Chelsea FCW,1,1,3,0,0.08771405900000001,0.08771405900000001,42,35,0,1,5,3,3,10,3,0,7,75.2
3913112,32169.0,Jamie-Lee Napier,Bristol City WFC,0,0,1,0,0.022474656,0.022474656,32,21,0,0,3,3,1,31,3,1,11,100.2
3913112,42836.0,Ella Powell,Bristol City WFC,0,0,0,0,0.0,0.0,20,12,0,1,4,3,3,9,0,3,3,67.1
3913112,46741.0,Naomi Layzell,Bristol City WFC,0,0,0,0,0.0,0.0,35,21,0,0,9,1,1,18,2,0,5,100.2
3913112,46742.0,Benedicte Håland,Bristol City WFC,0,0,0,0,0.0,0.0,2,2,0,0,1,0,0,0,0,0,1,9.4
3913112,47008.0,Sjoeke Nüsken,Chelsea FCW,0,0,3,0,0.20535649,0.20535649,98,83,0,0,11,1,0,12,5,1,10,100.2
3913112,81580.0,Agnes Beever-Jones,Chelsea FCW,0,0,3,0,0.621674663,0.621674663,12,6,0,0,1,1,1,3,0,0,1,33.4
3913112,84765.0,Carrie Jones,Bristol City WFC,0,0,1,0,0.15676272,0.15676272,24,20,0,0,3,2,0,33,3,1,10,100.2
3913112,185543.0,Ffion Morgan,Bristol City WFC,0,0,1,0,0.47510663,0.47510663,14,6,0,0,0,3,0,20,1,1,3,88.9
3913112,326618.0,Chloe Mustaki,Bristol City WFC,0,0,0,0,0.0,0.0,39,29,0,0,7,2,0,15,1,0,2,100.2
3913112,326619.0,Olivia Clarke,Bristol City WFC,0,0,0,0,0.0,0.0,33,19,0,0,13,1,0,1,0,0,4,90.8
3913112,345061.0,Mari Ward,Bristol City WFC,0,0,0,0,0.0,0.0,10,7,0,1,1,1,0,6,2,0,2,33.1
3913112,361311.0,Mia Renee Fishel,Chelsea FCW,0,0,0,0,0.0,0.0,7,4,0,0,0,0,1,4,1,0,2,33.6
3913112,389365.0,Maika Hamano,Chelsea FCW,0,0,0,0,0.0,0.0,12,7,0,0,1,1,2,5,1,1,3,25.0
3913113,4848.0,Ashleigh Neville,Tottenham Hotspur Women,0,0,1,0,0.021095907,0.021095907,50,38,0,0,11,4,0,21,7,4,4,105.5
3913113,5000.0,Stephanie-Elise Catley,Arsenal WFC,0,0,1,0,0.056722555,0.056722555,64,53,0,3,5,0,1,12,1,0,5,105.5
3913113,10229.0,Emma Stina Blackstenius,Arsenal WFC,0,0,1,0,0.05855243,0.05855243,1,1,0,0,0,0,0,3,0,0,1,22.8
3913113,10237.0,Manuela Zinsberger,Arsenal WFC,0,0,0,0,0.0,0.0,27,25,0,0,3,0,0,0,0,0,3,105.5
3913113,10405.0,Lia Wälti,Arsenal WFC,0,0,0,0,0.0,0.0,60,55,0,2,11,0,1,15,4,1,8,82.7
3913113,10516.0,Frida Maanum,Arsenal WFC,0,0,7,0,0.295830517,0.295830517,25,21,0,3,3,1,2,15,1,2,3,68.3
3913113,11338.0,Caitlin Jade Foord,Arsenal WFC,0,0,4,0,0.155882253,0.155882253,38,28,0,1,3,3,0,19,1,0,6,105.5
3913113,15550.0,Bethany England,Tottenham Hotspur Women,0,0,1,0,0.028782515,0.028782515,7,5,0,0,0,1,0,9,0,0,2,48.1
3913113,15577.0,Angharad James,Tottenham Hotspur Women,0,0,0,0,0.0,0.0,40,32,0,0,8,1,0,14,2,3,3,105.5
3913113,15619.0,Bethany Mead,Arsenal WFC,0,0,2,0,0.12734538,0.12734538,55,43,0,9,2,3,1,24,4,0,6,105.5
3913113,15620.0,Katie McCabe,Arsenal WFC,0,0,2,0,0.049201154999999996,0.049201154999999996,60,50,0,2,12,1,1,19,2,1,8,92.2
3913113,15623.0,Vivianne Miedema,Arsenal WFC,0,0,1,0,0.12366575,0.12366575,9,5,0,0,1,0,0,8,2,0,2,37.2
3913113,18145.0,Ria Percival,Tottenham Hotspur Women,0,0,0,0,0.0,0.0,3,2,0,0,0,0,1,4,0,0,2,17.8
3913113,21021.0,Molly Bartrip,Tottenham Hotspur Women,0,0,0,0,0.0,0.0,36,27,0,0,8,0,0,15,4,1,2,105.5
3913113,21048.0,Rosella Ayane,Tottenham Hotspur Women,0,0,1,0,0.14298682,0.14298682,2,0,0,0,0,1,0,4,0,0,2,7.6
3913113,24400.0,Barbara Votíková,Tottenham Hotspur Women,0,0,0,0,0.0,0.0,39,25,0,0,11,0,0,0,0,0,5,105.5
3913113,26092.0,Amanda Ilestedt,Arsenal WFC,0,0,2,0,0.29382058,0.29382058,71,64,0,0,10,4,0,8,1,0,5,105.5
3913113,31533.0,Amy Turner,Tottenham Hotspur Women,0,0,0,0,0.0,0.0,19,14,0,0,2,0,0,3,0,0,2,86.9
3913113,31551.0,Kit Graham,Tottenham Hotspur Women,0,0,1,0,0.013761767,0.013761767,44,32,0,0,3,3,2,32,4,1,7,105.5
3913113,31558.0,Martha Thomas,Tottenham Hotspur Women,1,1,1,0,0.26705858,0.26705858,29,22,0,1,3,0,0,20,1,0,2,86.9
3913113,46533.0,Ramona Petzelberger,Tottenham Hotspur Women,0,0,0,0,0.0,0.0,28,23,0,0,1,0,1,24,2,4,2,105.5
3913113,46740.0,Grace Clinton,Tottenham Hotspur Women,0,0,0,0,0.0,0.0,39,29,0,0,4,4,7,40,5,1,6,105.5
3913113,46972.0,Luana Bühler,Tottenham Hotspur Women,0,0,0,0,0.0,0.0,6,5,0,0,1,0,0,4,1,0,0,18.6
3913113,47521.0,Alessia Russo,Arsenal WFC,0,0,6,0,0.847345397,0.847345397,28,19,0,5,0,1,3,24,2,1,4,105.5
3913113,49697.0,Carlotte Wubben-Moy,Arsenal WFC,0,0,1,0,0.071779214,0.071779214,99,85,0,0,15,1,1,6,1,1,6,105.5
3913113,61467.0,Jessica Naz,Tottenham Hotspur Women,0,0,0,0,0.0,0.0,11,10,0,1,1,2,0,23,3,0,4,57.3
3913113,62906.0,Cloé Zoé Eyja Lacasse,Arsenal WFC,0,0,0,0,0.0,0.0,7,5,0,0,1,1,1,2,1,0,2,13.3
3913113,63788.0,Victoria Pelova,Arsenal WFC,0,0,1,0,0.056372315,0.056372315,35,28,0,1,3,2,3,9,1,2,4,67.8
3913113,87194.0,Celin Bizet Ildhusøy,Tottenham Hotspur Women,0,0,0,0,0.0,0.0,23,15,1,0,4,6,1,27,3,1,6,97.8
3913113,131586.0,Kyra Lillee Cooney-Cross,Arsenal WFC,0,0,3,0,0.11647031199999999,0.11647031199999999,19,15,0,0,1,1,1,5,0,0,8,37.6
3913114,4865.0,Josie Green,Leicester City WFC,0,0,0,0,0.0,0.0,65,47,0,0,13,5,0,16,3,0,14,105.6
3913114,10100.0,Janice Cayman,Leicester City WFC,0,0,4,0,0.214192084,0.214192084,34,24,0,0,2,0,0,11,0,0,4,105.6
3913114,10196.0,Kirsty Smith,West Ham United LFC,0,0,1,0,0.007733174,0.007733174,51,30,0,0,8,1,2,21,0,1,8,105.6
3913114,10260.0,Lena Petermann,Leicester City WFC,1,1,3,0,0.5329301869999999,0.5329301869999999,39,27,0,3,2,2,1,26,1,0,9,105.6
3913114,15573.0,Abbey-Leigh Stringer,West Ham United LFC,0,0,0,0,0.0,0.0,28,18,0,0,1,0,1,29,2,3,4,87.4
3913114,15709.0,Megan Walsh,West Ham United LFC,0,0,0,0,0.0,0.0,41,31,0,0,15,0,0,0,0,0,10,105.6
3913114,15720.0,Sophie Howard,Leicester City WFC,0,0,1,0,0.096320875,0.096320875,55,50,0,0,7,1,0,11,0,3,7,65.1
3913114,16374.0,Aileen Whelan,Leicester City WFC,0,0,5,0,0.40936692599999996,0.40936692599999996,45,35,1,1,2,0,0,18,0,1,4,99.3
3913114,23320.0,Melisa Filis,West Ham United LFC,0,0,0,0,0.0,0.0,7,7,0,0,1,0,1,4,0,0,1,18.2
3913114,25624.0,Risa Shimizu,West Ham United LFC,0,0,0,0,0.0,0.0,44,31,0,0,18,0,1,31,3,1,1,105.6
3913114,25834.0,Viviane Asseyi,West Ham United LFC,0,0,4,0,0.37279864,0.37279864,25,15,0,2,2,1,1,40,4,0,9,105.6
3913114,30856.0,Julie Thibaud,Leicester City WFC,0,0,0,0,0.0,0.0,73,59,0,0,14,2,0,19,3,3,15,105.6
3913114,31157.0,Hawa Cissoko,West Ham United LFC,0,0,0,0,0.0,0.0,28,22,0,0,3,1,0,22,1,2,9,105.6
3913114,32227.0,Emma Snerle,West Ham United LFC,0,0,0,0,0.0,0.0,7,5,0,0,0,0,0,6,0,0,1,29.9
3913114,36801.0,Aimee Palmer,Leicester City WFC,0,0,0,0,0.0,0.0,61,49,0,2,13,0,0,30,2,0,5,88.4
3913114,46635.0,Emma Harries,West Ham United LFC,0,0,1,0,0.2581178,0.2581178,3,2,0,0,1,0,0,9,0,0,0,16.9
3913114,46988.0,Janina Leitzig,Leicester City WFC,0,0,0,0,0.0,0.0,66,54,0,0,18,0,0,0,0,0,4,105.6
3913114,50193.0,Anouk Denton,West Ham United LFC,0,0,0,0,0.0,0.0,42,22,0,2,5,2,0,16,0,5,8,75.7
3913114,112522.0,Missy Goodwin,Leicester City WFC,0,0,0,0,0.0,0.0,13,12,0,0,0,0,0,4,1,0,3,40.5
3913114,131653.0,Honoka Hayashi,West Ham United LFC,1,1,2,0,0.294559844,0.294559844,27,20,0,1,1,1,0,37,5,2,9,105.6
3913114,132033.0,Courtney Jade Nevin,Leicester City WFC,0,0,0,0,0.0,0.0,42,30,0,2,6,0,1,14,3,1,5,105.6
3913114,135753.0,Samantha Tierney,Leicester City WFC,0,0,3,0,0.37005937,0.37005937,65,46,0,0,7,2,0,24,1,1,11,105.6
3913114,182500.0,Ava Baker,Leicester City WFC,0,0,0,0,0.0,0.0,1,1,0,0,0,0,0,0,0,0,2,5.7
3913114,224822.0,Jutta Rantala,Leicester City WFC,0,0,2,0,0.12304687,0.12304687,44,31,0,3,3,5,2,21,2,1,4,105.6
3913114,241634.0,Remy Siemsen,Leicester City WFC,0,0,0,0,0.0,0.0,1,1,0,0,0,0,0,3,0,0,1,17.2
3913114,322322.0,Jessica Ziu,West Ham United LFC,0,0,2,0,0.39239615,0.39239615,19,16,0,1,4,1,3,35,1,0,4,61.6
3913114,370018.0,Shannon Cooke,West Ham United LFC,0,0,0,0,0.0,0.0,35,22,0,0,10,2,0,32,1,2,5,105.6
3913114,395055.0,Princess Ademiluyi,West Ham United LFC,0,0,0,0,0.0,0.0,4,2,0,0,0,0,0,3,1,0,1,18.1
3913114,401930.0,Riko Ueki,West Ham United LFC,0,0,4,0,0.328883189,0.328883189,27,19,0,2,3,4,0,29,1,0,3,87.6
3913114,412877.0,Jessica Stapleton,West Ham United LFC,0,0,0,0,0.0,0.0,0,0,0,0,0,0,0,0,0,0,0,1.5
3913115,4636.0,Maria Thorisdottir,Brighton & Hove Albion WFC,0,0,0,0,0.0,0.0,25,24,0,0,7,1,0,4,0,0,1,100.1
3913115,4984.0,Rachel Corsie,Aston Villa W,0,0,1,0,0.14234218,0.14234218,61,58,0,0,15,4,0,5,0,0,5,100.1
3913115,5058.0,Rachel Daly,Aston Villa W,0,0,7,0,0.6644553,0.6644553,24,17,0,2,2,5,2,20,1,0,5,100.1
3913115,8297.0,Adriana Kristina Leon,Aston Villa W,1,1,1,0,0.13810563,0.13810563,31,24,0,3,2,4,7,17,1,0,5,94.2
3913115,10158.0,María Victoria Losada Gómez,Brighton & Hove Albion WFC,0,0,0,0,0.0,0.0,30,22,0,2,4,1,1,18,2,1,4,100.1
3913115,10167.0,Tatiana Vanessa Ferreira Pinto,Brighton & Hove Albion WFC,0,0,0,0,0.0,0.0,8,5,0,0,1,1,0,14,1,0,4,39.2
3913115,10192.0,Jordan Nobbs,Aston Villa W,0,0,4,0,0.273349485,0.273349485,60,51,0,3,11,2,0,12,0,0,7,84.2
3913115,15421.0,Kenza Dali,Aston Villa W,0,0,4,0,0.181469797,0.181469797,62,41,0,2,9,7,1,9,1,0,10,100.1
3913115,15559.0,Simone Magill,Aston Villa W,0,0,0,0,0.0,0.0,7,2,0,0,0,1,1,6,2,1,2,15.2
3913115,15562.0,Lucy Staniforth,Aston Villa W,0,0,1,0,0.03910751,0.03910751,54,42,0,0,9,0,2,16,3,0,7,100.1
3913115,15571.0,Danielle Turner,Aston Villa W,0,0,0,0,0.0,0.0,1,0,0,0,0,0,0,0,0,0,0,5.9
3913115,15724.0,Mayumi Pacheco,Aston Villa W,0,0,0,0,0.0,0.0,45,37,0,0,3,2,2,16,1,2,2,97.5
3913115,16376.0,Sophie Baggaley,Brighton & Hove Albion WFC,0,0,0,0,0.0,0.0,43,32,0,0,17,0,0,0,0,0,4,100.1
3913115,17274.0,Poppy Pattinson,Brighton & Hove Albion WFC,0,0,1,0,0.07569154,0.07569154,34,20,0,0,7,3,0,23,2,0,4,100.1
3913115,19500.0,Sarah Emma Mayling,Aston Villa W,0,0,0,0,0.0,0.0,59,55,0,2,7,1,1,17,3,1,6,100.1
3913115,20725.0,Pauline Bremer,Brighton & Hove Albion WFC,0,0,0,0,0.0,0.0,25,15,0,0,2,1,0,28,2,2,6,100.1
3913115,21059.0,Katie Robinson,Brighton & Hove Albion WFC,0,0,0,0,0.0,0.0,28,20,0,1,3,5,0,20,2,0,7,100.1
3913115,26094.0,Julia Zigiotti-Olme,Brighton & Hove Albion WFC,0,0,1,0,0.04837693,0.04837693,16,8,0,0,2,0,0,12,2,0,0,35.7
3913115,31532.0,Kirsty Hanson,Aston Villa W,0,0,4,0,0.79598334,0.79598334,21,16,0,2,1,4,3,15,4,2,3,84.9
3913115,78072.0,Anna Patten,Aston Villa W,0,0,0,0,0.0,0.0,69,60,1,0,12,5,1,4,0,1,4,100.1
3913115,85004.0,Maisie Symonds,Brighton & Hove Albion WFC,0,0,0,0,0.0,0.0,31,22,0,1,4,1,3,18,1,2,10,64.4
3913115,105102.0,Veatriki Sarri,Brighton & Hove Albion WFC,0,0,0,0,0.0,0.0,10,8,0,0,1,1,1,23,2,0,3,60.9
3913115,131589.0,Anna Jessica Leat,Aston Villa W,0,0,0,0,0.0,0.0,47,41,0,0,8,0,0,0,0,0,4,100.1
3913115,135947.0,Lucy Parker,Aston Villa W,0,0,0,0,0.0,0.0,6,5,0,0,1,0,1,7,2,2,3,15.9
3913115,276301.0,Elisabeth Terland,Brighton & Hove Albion WFC,0,0,4,0,0.182903185,0.182903185,14,11,0,1,2,1,2,16,1,0,6,100.1
3913115,276304.0,Guro Bergsvand,Brighton & Hove Albion WFC,0,0,0,0,0.0,0.0,50,40,0,0,11,5,0,9,3,2,0,100.1
3913115,388473.0,Jorelyn Andrea Daniela Carabalí Martínez,Brighton & Hove Albion WFC,0,0,1,0,0.08989417,0.08989417,44,26,0,0,4,2,0,20,3,0,3,100.1
3913116,4649.0,Esme Beth Morgan,Manchester City WFC,0,0,0,0,0.0,0.0,59,50,0,0,10,3,1,4,2,0,2,50.1
3913116,10163.0,Leila Ouahabi El Ouahabi,Manchester City WFC,0,0,1,0,0.081681766,0.081681766,90,77,1,0,5,5,0,13,4,0,4,98.1
3913116,10183.0,Toni Duggan,Everton LFC,0,0,0,0,0.0,0.0,3,3,0,0,0,0,0,11,0,1,2,19.8
3913116,10185.0,Stephanie Houghton,Manchester City WFC,0,0,0,0,0.0,0.0,23,22,0,0,4,1,0,1,0,0,0,22.4
3913116,10225.0,Aurora Galli,Everton LFC,1,1,1,0,0.018896755,0.018896755,38,32,0,0,4,0,2,24,2,0,10,98.1
3913116,10252.0,Alex Greenwood,Manchester City WFC,0,0,0,0,0.0,0.0,117,109,1,0,17,5,0,2,0,2,9,98.1
3913116,10274.0,Nicoline Sørensen,Everton LFC,0,0,0,0,0.0,0.0,18,11,0,1,1,1,0,25,0,1,4,88.4
3913116,10650.0,Jill Roord,Manchester City WFC,1,1,1,0,0.1934297,0.1934297,52,51,0,1,3,1,0,29,3,0,5,98.1
3913116,15555.0,Lauren Hemp,Manchester City WFC,0,0,2,0,0.094528624,0.094528624,31,27,0,0,1,2,3,13,1,0,5,97.4
3913116,15570.0,Chloe Kelly,Manchester City WFC,0,0,4,0,0.120827267,0.120827267,46,35,1,2,4,4,3,18,2,0,8,98.1
3913116,16382.0,Heather Payne,Everton LFC,0,0,0,0,0.0,0.0,34,25,0,0,5,4,0,30,3,2,3,98.1
3913116,18254.0,Megan Finnigan,Everton LFC,0,0,0,0,0.0,0.0,29,26,0,0,8,0,0,12,1,0,0,98.1
3913116,19416.0,Laura Coombs,Manchester City WFC,0,0,1,0,0.06177931,0.06177931,41,32,0,4,1,1,1,23,1,1,8,76.4
3913116,19498.0,Jessica Park,Manchester City WFC,0,0,0,0,0.0,0.0,12,11,0,0,0,0,0,7,0,0,3,21.7
3913116,23465.0,Megan Campbell,Everton LFC,0,0,0,0,0.0,0.0,11,8,0,0,2,1,0,6,2,0,3,19.6
3913116,25554.0,Khadija Monifa Shaw,Manchester City WFC,3,3,6,1,1.251137628,0.46763762799999997,10,7,0,1,0,1,1,18,0,0,3,76.1
3913116,25632.0,Yui Hasegawa,Manchester City WFC,0,0,1,0,0.033013977,0.033013977,60,51,1,0,6,0,2,18,2,0,5,79.8
3913116,26093.0,Gun Nathalie Björn,Everton LFC,0,0,0,0,0.0,0.0,42,33,0,0,8,2,1,11,0,1,7,98.1
3913116,31555.0,Courtney Brosnan,Everton LFC,0,0,0,0,0.0,0.0,26,22,0,0,4,0,0,0,0,0,3,98.1
3913116,32210.0,Laia Aleixandri López,Manchester City WFC,0,0,0,0,0.0,0.0,59,56,0,1,18,4,0,6,2,0,1,48.0
3913116,32229.0,Sara Holmgaard,Everton LFC,0,0,0,0,0.0,0.0,39,30,0,0,6,2,0,17,4,0,6,98.1
3913116,34499.0,Hanna Ulrika Bennison,Everton LFC,0,0,2,0,0.08904247100000001,0.08904247100000001,22,15,0,0,4,2,0,20,1,0,2,77.9
3913116,35693.0,Mary Boio Fowler,Manchester City WFC,0,0,0,0,0.0,0.0,14,12,0,1,1,0,0,1,0,0,2,22.1
3913116,41812.0,Ruby Mace,Manchester City WFC,0,0,1,0,0.06679767,0.06679767,20,18,0,0,1,0,0,4,3,0,0,18.4
3913116,45737.0,Martina Piemonte,Everton LFC,0,0,2,0,0.464052688,0.464052688,13,8,0,0,2,0,1,18,1,0,1,61.9
3913116,46459.0,Katja Snoeijs,Everton LFC,0,0,1,0,0.010608768,0.010608768,23,17,0,2,2,2,0,25,1,1,4,78.4
3913116,46738.0,Emma Bissell,Everton LFC,0,0,0,0,0.0,0.0,1,1,0,0,0,0,0,5,0,0,0,9.8
3913116,92248.0,Khiara Keating,Manchester City WFC,0,0,0,0,0.0,0.0,45,36,0,0,10,1,0,0,0,0,0,98.1
3913116,221888.0,Kerstin Yasmijn Casparij,Manchester City WFC,0,0,0,0,0.0,0.0,74,64,0,0,11,7,1,18,1,0,5,75.7
3913116,338059.0,Clare Wheeler,Everton LFC,0,0,0,0,0.0,0.0,33,25,0,1,2,2,0,37,7,3,2,98.1
3913116,410042.0,Karoline Olesen,Everton LFC,0,0,0,0,0.0,0.0,14,10,0,0,1,1,0,28,5,0,4,36.2
3913117,5000.0,Stephanie-Elise Catley,Arsenal WFC,0,0,0,0,0.0,0.0,7,4,0,0,0,1,0,1,2,0,0,15.7
3913117,10183.0,Toni Duggan,Everton LFC,0,0,1,0,0.023502797,0.023502797,6,4,0,0,0,0,0,5,0,0,0,22.8
3913117,10225.0,Aurora Galli,Everton LFC,0,0,0,0,0.0,0.0,27,22,0,0,6,1,0,22,1,0,4,80.6
3913117,10229.0,Emma Stina Blackstenius,Arsenal WFC,0,0,0,0,0.0,0.0,1,1,0,1,0,0,0,3,0,0,0,15.5
3913117,10237.0,Manuela Zinsberger,Arsenal WFC,0,0,0,0,0.0,0.0,40,31,0,0,8,0,0,0,0,0,5,103.3
3913117,10405.0,Lia Wälti,Arsenal WFC,0,0,0,0,0.0,0.0,75,65,1,0,6,2,0,23,7,4,10,103.3
3913117,10516.0,Frida Maanum,Arsenal WFC,0,0,0,0,0.0,0.0,3,3,0,0,0,0,0,2,0,1,1,27.1
3913117,11338.0,Caitlin Jade Foord,Arsenal WFC,1,1,4,0,0.8141966469999999,0.8141966469999999,40,36,0,0,1,5,2,20,2,0,8,103.3
3913117,15619.0,Bethany Mead,Arsenal WFC,1,1,4,0,0.8958123499999999,0.8958123499999999,53,30,0,5,1,1,2,34,5,1,8,101.5
3913117,15620.0,Katie McCabe,Arsenal WFC,0,0,0,0,0.0,0.0,84,70,0,0,12,4,0,11,0,0,5,87.6
3913117,15623.0,Vivianne Miedema,Arsenal WFC,0,0,2,0,0.31246076,0.31246076,28,23,0,3,3,2,2,21,1,0,4,76.2
3913117,16382.0,Heather Payne,Everton LFC,0,0,0,0,0.0,0.0,24,19,0,0,0,4,0,24,6,2,5,65.7
3913117,16386.0,Lucy Hope,Everton LFC,0,0,1,0,0.028917147,0.028917147,16,9,0,0,2,0,3,10,0,0,1,37.7
3913117,18254.0,Megan Finnigan,Everton LFC,0,0,0,0,0.0,0.0,66,57,0,0,9,0,1,7,0,0,3,103.3
3913117,23465.0,Megan Campbell,Everton LFC,0,0,1,0,0.028585013,0.028585013,12,8,0,1,1,0,0,7,1,0,3,37.3
3913117,26092.0,Amanda Ilestedt,Arsenal WFC,0,0,1,0,0.07508455,0.07508455,72,67,0,0,11,0,0,2,0,0,4,103.3
3913117,31555.0,Courtney Brosnan,Everton LFC,0,0,0,0,0.0,0.0,33,27,0,0,3,0,0,0,0,0,0,103.3
3913117,32229.0,Sara Holmgaard,Everton LFC,0,0,0,0,0.0,0.0,51,43,0,0,11,1,1,17,3,4,6,103.3
3913117,34499.0,Hanna Ulrika Bennison,Everton LFC,0,0,0,0,0.0,0.0,22,17,0,0,0,0,0,32,0,1,2,103.3
3913117,45737.0,Martina Piemonte,Everton LFC,0,0,0,0,0.0,0.0,5,5,0,0,1,0,0,5,0,0,1,22.6
3913117,46459.0,Katja Snoeijs,Everton LFC,1,1,1,0,0.14084157,0.14084157,13,10,0,0,0,0,0,34,1,0,3,80.7
3913117,46738.0,Emma Bissell,Everton LFC,0,0,0,0,0.0,0.0,27,18,0,0,1,1,0,20,0,0,7,66.0
3913117,47521.0,Alessia Russo,Arsenal WFC,0,0,3,0,0.523433883,0.523433883,18,15,0,1,1,0,0,20,2,0,3,87.8
3913117,49697.0,Carlotte Wubben-Moy,Arsenal WFC,0,0,3,0,0.253836632,0.253836632,93,86,0,0,26,2,0,9,2,1,4,99.5
3913117,62906.0,Cloé Zoé Eyja Lacasse,Arsenal WFC,0,0,0,0,0.0,0.0,0,0,0,0,0,0,0,0,0,0,0,1.9
3913117,63788.0,Victoria Pelova,Arsenal WFC,0,0,1,0,0.033854548,0.033854548,45,33,1,0,4,1,2,15,2,1,8,103.0
3913117,87191.0,Rikke Marie Madsen,Everton LFC,0,0,0,0,0.0,0.0,10,6,0,0,0,0,0,19,2,2,2,37.6
3913117,107491.0,Emily Ann Fox,Arsenal WFC,0,0,1,0,0.08630183,0.08630183,62,48,0,1,10,2,0,16,2,2,7,103.3
3913117,224149.0,Elise Isolde Stenevik,Everton LFC,0,0,0,0,0.0,0.0,52,37,0,0,7,0,0,18,2,0,6,103.3
3913117,338059.0,Clare Wheeler,Everton LFC,0,0,0,0,0.0,0.0,34,30,0,1,4,0,0,27,3,1,5,103.3
3913117,410042.0,Karoline Olesen,Everton LFC,0,0,0,0,0.0,0.0,15,12,1,0,1,0,0,24,2,1,3,65.6
3913118,4848.0,Ashleigh Neville,Tottenham Hotspur Women,0,0,0,0,0.0,0.0,80,65,0,2,13,2,1,16,7,2,5,103.7
3913118,4979.0,Katrina Gorry,West Ham United LFC,0,0,3,0,0.123729597,0.123729597,60,49,0,2,6,1,2,30,5,3,16,102.6
3913118,10196.0,Kirsty Smith,West Ham United LFC,0,0,0,0,0.0,0.0,44,25,0,1,1,2,2,14,0,3,2,103.7
3913118,15550.0,Bethany England,Tottenham Hotspur Women,0,0,4,0,0.629305145,0.629305145,23,17,0,0,1,1,0,20,2,0,2,97.1
3913118,15577.0,Angharad James,Tottenham Hotspur Women,0,0,0,0,0.0,0.0,47,40,0,1,8,0,0,12,4,1,5,103.7
3913118,21021.0,Molly Bartrip,Tottenham Hotspur Women,0,0,0,0,0.0,0.0,64,60,0,0,12,2,0,10,0,3,3,103.7
3913118,24400.0,Barbara Votíková,Tottenham Hotspur Women,0,0,0,0,0.0,0.0,42,36,0,0,3,2,0,0,0,0,4,103.7
3913118,25624.0,Risa Shimizu,West Ham United LFC,1,1,1,0,0.21160774,0.21160774,55,48,0,1,11,2,0,10,3,0,9,103.7
3913118,25834.0,Viviane Asseyi,West Ham United LFC,1,1,5,0,1.32651984,1.32651984,17,10,0,0,0,3,3,23,2,0,5,103.7
3913118,31157.0,Hawa Cissoko,West Ham United LFC,0,0,0,0,0.0,0.0,58,46,0,1,12,1,0,16,2,3,3,90.8
3913118,31533.0,Amy Turner,Tottenham Hotspur Women,0,0,0,0,0.0,0.0,31,29,0,0,3,0,0,6,0,1,2,61.5
3913118,31558.0,Martha Thomas,Tottenham Hotspur Women,0,0,1,0,0.05233315,0.05233315,26,18,0,0,0,0,0,15,0,0,1,61.4
3913118,31936.0,Kristie Mewis,West Ham United LFC,0,0,2,0,0.086892708,0.086892708,11,5,1,0,3,0,1,5,0,0,2,36.2
3913118,32227.0,Emma Snerle,West Ham United LFC,0,0,1,0,0.03181671,0.03181671,18,12,0,0,1,0,0,19,0,2,3,67.4
3913118,42787.0,Mackenzie Arnold,West Ham United LFC,0,0,0,0,0.0,0.0,54,49,0,0,16,1,0,0,0,0,8,103.7
3913118,46533.0,Ramona Petzelberger,Tottenham Hotspur Women,0,0,1,0,0.060902975,0.060902975,10,8,0,0,0,0,0,10,3,0,2,42.2
3913118,46635.0,Emma Harries,West Ham United LFC,0,0,0,0,0.0,0.0,3,1,0,0,0,0,0,1,0,0,0,12.8
3913118,46740.0,Grace Clinton,Tottenham Hotspur Women,2,2,5,0,0.228330923,0.228330923,54,37,1,2,6,6,8,35,8,5,16,103.7
3913118,50193.0,Anouk Denton,West Ham United LFC,0,0,0,0,0.0,0.0,21,16,0,0,1,0,0,11,1,0,4,36.5
3913118,61467.0,Jessica Naz,Tottenham Hotspur Women,1,1,1,0,0.120652705,0.120652705,4,3,0,0,0,1,0,8,0,0,1,42.2
3913118,87194.0,Celin Bizet Ildhusøy,Tottenham Hotspur Women,1,1,2,0,0.42094447999999995,0.42094447999999995,13,8,0,0,1,2,0,22,1,1,3,85.8
3913118,131653.0,Honoka Hayashi,West Ham United LFC,0,0,0,0,0.0,0.0,28,23,0,0,1,0,1,22,2,0,9,67.4
3913118,132034.0,Charlotte Layne Grant,Tottenham Hotspur Women,0,0,0,0,0.0,0.0,1,0,0,0,0,1,0,1,0,0,0,6.5
3913118,191850.0,Eveliina Summanen,Tottenham Hotspur Women,0,0,0,0,0.0,0.0,67,58,1,1,9,1,0,14,2,0,9,103.5
3913118,224167.0,Matilda Liv Vinberg,Tottenham Hotspur Women,0,0,0,0,0.0,0.0,5,2,0,0,0,0,0,7,0,0,0,17.9
3913118,229194.0,Olga Ahtinen,Tottenham Hotspur Women,0,0,2,0,0.074049792,0.074049792,60,41,0,2,7,0,0,22,2,5,6,103.7
3913118,276907.0,Amber Tysiak,West Ham United LFC,1,1,1,0,0.041136205,0.041136205,51,46,0,1,2,0,0,13,1,1,3,103.7
3913118,322322.0,Jessica Ziu,West Ham United LFC,0,0,1,0,0.13148502,0.13148502,14,8,0,0,0,1,2,12,2,0,3,36.3
3913118,370018.0,Shannon Cooke,West Ham United LFC,0,0,0,0,0.0,0.0,45,32,0,0,11,0,0,14,2,0,2,67.1
3913118,401930.0,Riko Ueki,West Ham United LFC,0,0,2,0,0.078340431,0.078340431,24,18,0,2,1,0,1,28,1,0,4,103.7
3913119,4865.0,Josie Green,Leicester City WFC,0,0,0,0,0.0,0.0,29,19,0,0,7,1,0,12,1,4,5,55.1
3913119,4984.0,Rachel Corsie,Aston Villa W,0,0,1,0,0.083024494,0.083024494,52,36,0,0,9,2,0,11,1,0,3,104.1
3913119,5058.0,Rachel Daly,Aston Villa W,1,1,5,0,0.288588588,0.288588588,36,16,0,0,2,0,0,28,4,1,7,104.1
3913119,8297.0,Adriana Kristina Leon,Aston Villa W,0,0,4,0,0.554163493,0.554163493,20,16,0,3,1,4,0,18,1,1,8,85.7
3913119,10100.0,Janice Cayman,Leicester City WFC,0,0,1,0,0.05625905,0.05625905,56,37,0,0,6,0,1,31,6,3,8,104.1
3913119,10192.0,Jordan Nobbs,Aston Villa W,0,0,0,0,0.0,0.0,3,2,0,0,0,0,0,4,0,0,1,11.8
3913119,10260.0,Lena Petermann,Leicester City WFC,0,0,1,0,0.050980303,0.050980303,16,8,0,0,1,1,0,36,1,0,4,77.4
3913119,10404.0,Noelle Maritz,Aston Villa W,0,0,1,0,0.03418125,0.03418125,50,39,0,1,5,0,0,12,3,0,3,67.8
3913119,15421.0,Kenza Dali,Aston Villa W,0,0,0,0,0.0,0.0,58,40,0,4,8,3,3,26,2,1,8,92.2
3913119,15559.0,Simone Magill,Aston Villa W,0,0,0,0,0.0,0.0,2,1,0,0,0,0,0,8,1,0,0,18.4
3913119,15562.0,Lucy Staniforth,Aston Villa W,0,0,1,0,0.0060995133,0.0060995133,59,41,0,0,4,0,2,21,1,3,14,104.1
3913119,15720.0,Sophie Howard,Leicester City WFC,0,0,0,0,0.0,0.0,21,18,0,0,6,0,0,9,0,1,2,49.0
3913119,15724.0,Mayumi Pacheco,Aston Villa W,0,0,0,0,0.0,0.0,22,18,0,0,5,1,0,14,1,2,2,36.2
3913119,16374.0,Aileen Whelan,Leicester City WFC,0,0,1,0,0.08855258,0.08855258,5,1,0,0,0,0,1,5,0,0,1,26.7
3913119,18153.0,Alisha Lehmann,Aston Villa W,0,0,1,0,0.36856607,0.36856607,16,13,0,0,0,3,0,14,2,0,4,68.1
3913119,19500.0,Sarah Emma Mayling,Aston Villa W,0,0,0,0,0.0,0.0,64,57,0,0,11,0,1,23,4,2,4,104.1
3913119,25601.0,Deanne Cynthia Rose,Leicester City WFC,0,0,3,0,0.51769705,0.51769705,13,9,0,0,2,2,0,16,4,0,7,55.1
3913119,25604.0,Saori Takarada,Leicester City WFC,0,0,1,0,0.011161714,0.011161714,44,32,0,0,7,0,0,32,3,1,13,104.1
3913119,26520.0,Yuka Momiki,Leicester City WFC,0,0,1,0,0.08523965,0.08523965,40,26,0,3,1,0,2,26,2,1,8,104.1
3913119,30856.0,Julie Thibaud,Leicester City WFC,0,0,1,0,0.020476725,0.020476725,64,44,0,0,11,0,0,18,2,1,11,104.1
3913119,31532.0,Kirsty Hanson,Aston Villa W,0,0,1,0,0.07350391,0.07350391,18,7,0,0,0,2,1,9,1,0,6,35.8
3913119,32339.0,Daphne van Domselaar,Aston Villa W,0,0,0,0,0.0,0.0,43,33,0,0,10,0,0,0,0,0,5,104.1
3913119,33675.0,Laura Madison Blindkilde Brown,Aston Villa W,0,0,0,0,0.0,0.0,35,25,0,2,1,1,1,31,2,1,7,104.1
3913119,46988.0,Janina Leitzig,Leicester City WFC,0,0,0,0,0.0,0.0,43,40,0,0,12,0,0,0,0,0,10,104.1
3913119,78072.0,Anna Patten,Aston Villa W,0,0,1,0,0.10057248,0.10057248,65,47,0,1,16,3,1,8,2,1,4,104.1
3913119,112522.0,Missy Goodwin,Leicester City WFC,0,0,0,0,0.0,0.0,9,7,0,0,1,1,1,7,0,1,2,36.7
3913119,132033.0,Courtney Jade Nevin,Leicester City WFC,0,0,1,0,0.03866904,0.03866904,43,27,0,2,7,0,0,11,1,1,4,89.6
3913119,135753.0,Samantha Tierney,Leicester City WFC,0,0,2,0,0.18627309,0.18627309,40,29,0,1,4,0,0,44,1,3,7,104.1
3913119,135759.0,Shannon O’Brien,Leicester City WFC,0,0,2,0,0.67680341,0.67680341,20,13,0,1,0,0,0,35,5,0,3,67.3
3913119,182500.0,Ava Baker,Leicester City WFC,0,0,1,0,0.18357383,0.18357383,3,2,0,1,0,0,0,3,0,0,3,14.4
3913119,224822.0,Jutta Rantala,Leicester City WFC,0,0,0,0,0.0,0.0,16,10,0,1,0,1,0,26,2,0,4,49.0
3913120,4649.0,Esme Beth Morgan,Manchester City WFC,0,0,0,0,0.0,0.0,70,59,0,0,11,0,0,7,1,1,4,95.2
3913120,10163.0,Leila Ouahabi El Ouahabi,Manchester City WFC,0,0,0,0,0.0,0.0,76,60,0,1,2,1,0,16,2,0,5,104.9
3913120,10252.0,Alex Greenwood,Manchester City WFC,0,0,0,0,0.0,0.0,70,61,0,0,5,1,2,14,5,2,3,104.9
3913120,10648.0,Shanice van de Sanden,Liverpool WFC,0,0,0,0,0.0,0.0,8,6,0,0,1,0,0,27,0,0,3,52.1
3913120,10650.0,Jill Roord,Manchester City WFC,0,0,2,0,0.138192256,0.138192256,51,47,0,0,11,0,3,13,2,0,9,86.7
3913120,15547.0,Melissa Lawley,Liverpool WFC,0,0,0,0,0.0,0.0,5,4,0,0,0,2,0,14,0,1,2,18.3
3913120,15554.0,Gemma Bonner,Liverpool WFC,0,0,0,0,0.0,0.0,47,38,0,0,5,0,1,8,0,0,3,104.9
3913120,15555.0,Lauren Hemp,Manchester City WFC,0,0,1,0,0.16207439,0.16207439,32,22,0,2,1,3,0,22,2,0,5,86.7
3913120,15570.0,Chloe Kelly,Manchester City WFC,1,0,4,1,1.335642413,0.552142413,54,38,1,6,6,2,3,17,2,1,6,104.9
3913120,15618.0,Jasmine Matthews,Liverpool WFC,0,0,0,0,0.0,0.0,26,22,0,0,4,0,0,11,2,0,0,52.1
3913120,19416.0,Laura Coombs,Manchester City WFC,0,0,4,0,0.311575051,0.311575051,15,13,0,0,2,0,0,26,1,0,2,66.8
3913120,19498.0,Jessica Park,Manchester City WFC,0,0,1,0,0.010618908,0.010618908,14,11,0,0,0,1,0,7,1,0,3,18.2
3913120,19687.0,Taylor Hinds,Liverpool WFC,1,1,1,0,0.042838067,0.042838067,44,37,0,0,5,2,2,13,4,4,4,104.9
3913120,19777.0,Niamh Fahey,Liverpool WFC,0,0,0,0,0.0,0.0,14,12,0,0,0,0,0,3,1,0,3,18.2
3913120,24237.0,Missy Bo Kearns,Liverpool WFC,0,0,0,0,0.0,0.0,31,15,0,0,1,0,1,38,4,1,6,80.4
3913120,24706.0,Sophie Roman Haug,Liverpool WFC,0,0,2,0,0.36036749,0.36036749,17,10,0,0,0,0,0,27,1,0,1,86.7
3913120,25554.0,Khadija Monifa Shaw,Manchester City WFC,3,3,7,0,1.41768125,1.41768125,25,18,0,2,0,0,0,9,2,1,4,66.2
3913120,25632.0,Yui Hasegawa,Manchester City WFC,0,0,0,0,0.0,0.0,59,51,0,0,5,0,1,23,2,1,5,104.9
3913120,32074.0,Jenna Clark,Liverpool WFC,0,0,0,0,0.0,0.0,24,21,0,0,3,1,0,6,0,0,1,52.9
3913120,32210.0,Laia Aleixandri López,Manchester City WFC,0,0,0,0,0.0,0.0,57,55,0,0,6,2,2,14,2,1,4,104.9
3913120,32222.0,Sofie Lundgaard,Liverpool WFC,0,0,0,0,0.0,0.0,2,2,0,0,0,0,0,8,0,0,1,24.5
3913120,32403.0,Emma Wilhelmina Koivisto,Liverpool WFC,0,0,0,0,0.0,0.0,37,31,0,0,1,0,0,31,2,0,5,104.9
3913120,34232.0,Grace Fisk,Liverpool WFC,0,0,0,0,0.0,0.0,48,42,0,0,4,0,0,12,3,1,2,86.7
3913120,35693.0,Mary Boio Fowler,Manchester City WFC,0,0,1,0,0.041218907,0.041218907,17,15,0,0,0,1,1,6,0,0,2,38.0
3913120,41812.0,Ruby Mace,Manchester City WFC,0,0,1,0,0.066093534,0.066093534,13,9,0,0,0,0,0,7,0,0,2,18.2
3913120,46974.0,Marie Therese Höbinger,Liverpool WFC,0,0,0,0,0.0,0.0,42,31,0,1,6,0,0,31,2,1,5,104.9
3913120,62666.0,Ingrid Filippa Angeldal,Manchester City WFC,0,0,1,0,0.01882558,0.01882558,19,17,0,0,0,1,0,12,2,0,4,38.2
3913120,92248.0,Khiara Keating,Manchester City WFC,0,0,0,0,0.0,0.0,39,20,0,0,13,0,0,0,0,0,6,104.9
3913120,131588.0,Teagan Jade Micah,Liverpool WFC,0,0,0,0,0.0,0.0,74,56,0,0,26,0,0,2,0,0,6,104.9
3913120,135758.0,Natasha Jane Flint,Liverpool WFC,0,0,0,0,0.0,0.0,21,17,0,0,0,0,0,16,0,0,3,52.9
3913120,221888.0,Kerstin Yasmijn Casparij,Manchester City WFC,0,0,0,0,0.0,0.0,9,7,0,0,0,0,0,1,0,1,1,9.3
3913120,299860.0,Fuka Nagano,Liverpool WFC,0,0,0,0,0.0,0.0,39,32,0,0,3,0,0,32,1,1,6,104.9
3913121,4641.0,Francesca Kirby,Chelsea FCW,0,0,1,0,0.011489429,0.011489429,4,3,0,1,0,0,0,2,0,0,0,9.7
3913121,4654.0,Nikita Parris,Manchester United W,0,0,0,0,0.0,0.0,12,6,0,0,0,0,0,7,0,0,3,29.5
3913121,4660.0,Erin Cuthbert,Chelsea FCW,0,0,1,0,0.030593798,0.030593798,62,43,0,2,2,0,1,36,11,0,17,101.2
3913121,10514.0,Guro Reiten,Chelsea FCW,0,0,1,0,0.12205442,0.12205442,39,29,0,3,4,1,1,21,2,0,4,101.2
3913121,15290.0,Ashley Elizabeth Marie Lawrence,Chelsea FCW,0,0,0,0,0.0,0.0,48,37,0,0,5,3,0,25,5,1,5,101.2
3913121,15357.0,Kadeisha Buchanan,Chelsea FCW,0,0,0,0,0.0,0.0,75,68,0,1,12,1,0,9,5,0,3,80.0
3913121,15631.0,Niamh Charles,Chelsea FCW,0,0,1,0,0.11678642,0.11678642,55,45,0,1,8,3,0,15,3,3,5,101.2
3913121,15648.0,Melanie Leupolz,Chelsea FCW,0,0,4,0,0.27401348,0.27401348,53,46,0,3,7,1,0,22,2,1,9,101.2
3913121,16381.0,Gemma Evans,Manchester United W,0,0,0,0,0.0,0.0,2,2,0,0,1,0,0,0,0,0,0,3.7
3913121,17275.0,Hannah Jayne Blundell,Manchester United W,0,0,0,0,0.0,0.0,67,60,0,0,10,1,3,19,2,0,4,97.5
3913121,19422.0,Jessica Carter,Chelsea FCW,0,0,0,0,0.0,0.0,6,5,0,0,1,1,0,3,0,0,1,21.2
3913121,19501.0,Hayley Ladd,Manchester United W,1,1,2,0,0.44699312999999996,0.44699312999999996,24,18,0,1,2,1,0,13,3,2,4,71.8
3913121,22032.0,Hannah Hampton,Chelsea FCW,0,0,0,0,0.0,0.0,42,27,0,0,7,1,0,0,0,0,4,101.2
3913121,22337.0,Maya Le Tissier,Manchester United W,0,0,0,0,0.0,0.0,47,35,0,0,8,3,0,13,1,3,6,101.2
3913121,25513.0,Lucía García Córdoba,Manchester United W,0,0,3,0,0.298448286,0.298448286,14,8,0,0,0,0,0,14,1,1,2,71.7
3913121,25543.0,Geyse da Silva Ferreira,Manchester United W,0,0,1,0,0.041857954,0.041857954,18,10,0,1,0,4,4,19,0,0,11,101.2
3913121,25785.0,Jayde Yuk Fun Riviere,Manchester United W,0,0,0,0,0.0,0.0,44,28,0,0,6,5,0,15,4,2,4,101.2
3913121,26093.0,Gun Nathalie Björn,Chelsea FCW,0,0,3,0,0.154062163,0.154062163,78,67,1,0,9,3,1,9,2,1,5,101.2
3913121,31531.0,Lauren James,Chelsea FCW,3,3,7,0,0.8995477810000001,0.8995477810000001,44,36,0,1,5,4,1,12,0,0,4,91.5
3913121,31534.0,Ella Toone,Manchester United W,0,0,0,0,0.0,0.0,29,22,0,1,3,0,1,21,0,0,1,83.3
3913121,31536.0,Millie Turner,Manchester United W,0,0,0,0,0.0,0.0,46,42,0,0,3,0,0,4,0,2,5,101.2
3913121,31538.0,Mary Alexandra Earps,Manchester United W,0,0,0,0,0.0,0.0,43,27,0,0,7,0,0,0,0,0,2,101.2
3913121,31539.0,Leah Galton,Manchester United W,0,0,0,0,0.0,0.0,33,18,0,2,1,2,0,9,3,2,4,101.2
3913121,31540.0,Katie Zelem,Manchester United W,0,0,1,0,0.057044666,0.057044666,58,44,0,1,7,0,0,12,3,2,13,100.6
3913121,31563.0,Rachel Williams,Manchester United W,0,0,1,0,0.08544889,0.08544889,5,3,0,0,1,0,0,3,1,1,2,17.7
3913121,47008.0,Sjoeke Nüsken,Chelsea FCW,0,0,1,0,0.043394968,0.043394968,17,15,1,0,2,0,0,6,1,2,1,44.2
3913121,62710.0,Johanna Rytting-Kaneryd,Chelsea FCW,0,0,1,0,0.049727857,0.049727857,49,38,1,0,1,3,1,23,2,4,5,101.2
3913121,361311.0,Mia Renee Fishel,Chelsea FCW,0,0,0,0,0.0,0.0,10,9,0,0,0,0,0,16,0,0,3,57.0
3913121,386105.0,Lisa Fjeldstad Naalsund,Manchester United W,0,0,1,0,0.046931166,0.046931166,11,6,0,0,0,4,1,3,1,0,5,29.4
3913122,4636.0,Maria Thorisdottir,Brighton & Hove Albion WFC,0,0,0,0,0.0,0.0,45,37,0,0,7,2,3,14,1,2,3,99.4
3913122,10158.0,María Victoria Losada Gómez,Brighton & Hove Albion WFC,0,0,1,0,0.015598489,0.015598489,54,41,0,0,5,2,0,19,0,0,7,82.7
3913122,10167.0,Tatiana Vanessa Ferreira Pinto,Brighton & Hove Albion WFC,0,0,0,0,0.0,0.0,13,10,0,0,2,1,2,5,1,0,2,30.3
3913122,15716.0,Emily Syme,Bristol City WFC,0,0,2,0,0.19343333399999998,0.19343333399999998,33,28,0,3,2,0,1,19,0,0,8,99.4
3913122,15788.0,Amalie Grønbak Thestrup,Bristol City WFC,0,0,1,0,0.050125062,0.050125062,21,12,0,2,0,3,0,33,2,0,5,99.4
3913122,16376.0,Sophie Baggaley,Brighton & Hove Albion WFC,0,0,0,0,0.0,0.0,37,29,0,0,11,0,0,0,0,0,3,99.4
3913122,17274.0,Poppy Pattinson,Brighton & Hove Albion WFC,0,0,0,0,0.0,0.0,57,41,0,0,13,4,2,19,1,0,7,99.4
3913122,19417.0,Amy Rodgers,Bristol City WFC,0,0,1,0,0.022175035,0.022175035,34,25,0,0,4,0,3,36,3,2,4,99.4
3913122,19499.0,Shania Hayles,Bristol City WFC,0,0,1,0,0.14697902,0.14697902,3,1,0,0,0,0,1,5,1,1,1,23.8
3913122,20725.0,Pauline Bremer,Brighton & Hove Albion WFC,0,0,0,0,0.0,0.0,40,17,0,2,1,4,2,30,7,0,9,99.4
3913122,21059.0,Katie Robinson,Brighton & Hove Albion WFC,1,1,1,0,0.14189407,0.14189407,21,13,0,0,1,1,0,22,2,0,8,82.0
3913122,23412.0,Abigail Harrison,Bristol City WFC,1,1,4,0,0.228840808,0.228840808,27,14,0,0,0,0,0,10,0,0,4,75.7
3913122,23413.0,Megan Connolly,Bristol City WFC,0,0,1,0,0.0642508,0.0642508,55,33,0,1,11,3,0,5,0,2,7,99.4
3913122,25453.0,Geum-Min Lee,Brighton & Hove Albion WFC,0,0,0,0,0.0,0.0,7,6,0,0,2,1,0,0,0,0,0,16.7
3913122,26094.0,Julia Zigiotti-Olme,Brighton & Hove Albion WFC,0,0,1,0,0.0792466,0.0792466,51,41,0,1,3,2,0,34,6,2,9,99.4
3913122,32169.0,Jamie-Lee Napier,Bristol City WFC,0,0,5,0,0.257991231,0.257991231,36,24,0,0,8,6,3,19,2,1,7,99.4
3913122,33067.0,Shae Yanez,Bristol City WFC,0,0,0,0,0.0,0.0,32,29,0,0,12,0,1,0,0,0,5,99.4
3913122,34500.0,Emma Nanny Charlotte Kullberg,Brighton & Hove Albion WFC,0,0,0,0,0.0,0.0,67,49,0,1,13,4,1,11,2,0,3,99.4
3913122,42836.0,Ella Powell,Bristol City WFC,0,0,0,0,0.0,0.0,25,18,0,1,1,1,0,11,1,0,4,59.1
3913122,46741.0,Naomi Layzell,Bristol City WFC,0,0,1,0,0.07105821,0.07105821,34,24,0,0,6,3,1,10,3,1,7,99.4
3913122,84765.0,Carrie Jones,Bristol City WFC,1,1,1,0,0.25180423,0.25180423,30,23,0,0,2,2,1,23,4,4,12,99.4
3913122,85004.0,Maisie Symonds,Brighton & Hove Albion WFC,0,0,1,0,0.029426971,0.029426971,24,16,0,0,3,0,3,14,0,0,4,69.0
3913122,105102.0,Veatriki Sarri,Brighton & Hove Albion WFC,0,0,0,0,0.0,0.0,7,5,0,0,0,1,0,8,0,0,2,17.4
3913122,185543.0,Ffion Morgan,Bristol City WFC,0,0,0,0,0.0,0.0,8,5,0,1,0,2,1,6,2,0,2,23.7
3913122,276301.0,Elisabeth Terland,Brighton & Hove Albion WFC,2,2,4,0,0.44215058100000004,0.44215058100000004,14,12,1,0,1,3,1,19,1,0,6,98.6
3913122,276304.0,Guro Bergsvand,Brighton & Hove Albion WFC,0,0,0,0,0.0,0.0,67,53,0,0,9,2,0,9,2,1,6,99.4
3913122,326618.0,Chloe Mustaki,Bristol City WFC,0,0,1,0,0.073955394,0.073955394,44,28,0,0,2,1,0,17,3,3,6,75.6
3913122,345061.0,Mari Ward,Bristol City WFC,0,0,0,0,0.0,0.0,13,9,0,0,3,1,2,11,1,0,5,40.2
3913123,4636.0,Maria Thorisdottir,Brighton & Hove Albion WFC,0,0,0,0,0.0,0.0,19,14,0,0,5,0,1,14,3,1,3,98.2
3913123,4641.0,Francesca Kirby,Chelsea FCW,1,1,2,0,0.79431012,0.79431012,32,29,0,5,2,4,0,11,1,0,6,98.2
3913123,4660.0,Erin Cuthbert,Chelsea FCW,0,0,2,0,0.17908364,0.17908364,43,35,0,1,6,3,1,28,3,1,13,79.4
3913123,10158.0,María Victoria Losada Gómez,Brighton & Hove Albion WFC,0,0,0,0,0.0,0.0,20,16,0,0,0,0,1,8,2,0,6,55.0
3913123,10167.0,Tatiana Vanessa Ferreira Pinto,Brighton & Hove Albion WFC,0,0,0,0,0.0,0.0,14,8,0,1,1,0,0,20,0,0,2,55.0
3913123,10418.0,Eve Perisset,Chelsea FCW,0,0,0,0,0.0,0.0,88,79,0,1,12,1,0,9,0,1,8,98.2
3913123,10514.0,Guro Reiten,Chelsea FCW,0,0,4,0,0.5470965830000001,0.5470965830000001,39,25,0,3,1,1,0,17,0,1,4,98.2
3913123,15549.0,Sophie Louise Ingle,Chelsea FCW,0,0,0,0,0.0,0.0,9,7,0,0,2,0,0,3,1,0,1,18.8
3913123,15631.0,Niamh Charles,Chelsea FCW,0,0,1,0,0.057261117,0.057261117,71,59,1,1,11,2,2,12,1,2,5,98.2
3913123,15648.0,Melanie Leupolz,Chelsea FCW,0,0,0,0,0.0,0.0,59,46,1,0,4,1,0,16,1,0,9,79.2
3913123,16376.0,Sophie Baggaley,Brighton & Hove Albion WFC,0,0,0,0,0.0,0.0,32,15,0,0,9,0,0,0,0,0,4,98.2
3913123,17274.0,Poppy Pattinson,Brighton & Hove Albion WFC,0,0,1,0,0.0300707,0.0300707,32,23,0,0,10,3,1,15,1,1,6,98.2
3913123,19422.0,Jessica Carter,Chelsea FCW,0,0,0,0,0.0,0.0,90,77,0,0,7,3,0,8,2,2,4,98.2
3913123,20725.0,Pauline Bremer,Brighton & Hove Albion WFC,0,0,0,0,0.0,0.0,11,8,0,0,0,1,0,17,0,0,1,53.4
3913123,21059.0,Katie Robinson,Brighton & Hove Albion WFC,0,0,0,0,0.0,0.0,10,6,0,1,1,2,0,10,0,0,0,43.2
3913123,22032.0,Hannah Hampton,Chelsea FCW,0,0,0,0,0.0,0.0,58,50,0,0,14,0,0,0,0,0,4,98.2
3913123,25453.0,Geum-Min Lee,Brighton & Hove Albion WFC,0,0,0,0,0.0,0.0,11,11,0,1,2,3,0,8,0,0,1,43.2
3913123,26093.0,Gun Nathalie Björn,Chelsea FCW,0,0,0,0,0.0,0.0,75,64,0,1,16,3,0,11,1,1,3,98.2
3913123,26094.0,Julia Zigiotti-Olme,Brighton & Hove Albion WFC,0,0,0,0,0.0,0.0,32,21,0,0,2,1,0,31,1,2,9,98.2
3913123,31531.0,Lauren James,Chelsea FCW,2,2,6,0,0.311862971,0.311862971,25,18,0,0,2,6,2,6,0,1,4,67.7
3913123,34500.0,Emma Nanny Charlotte Kullberg,Brighton & Hove Albion WFC,0,0,0,0,0.0,0.0,50,32,0,0,11,2,2,18,3,2,4,98.2
3913123,47008.0,Sjoeke Nüsken,Chelsea FCW,0,0,0,0,0.0,0.0,12,11,0,0,1,0,0,8,3,0,1,19.0
3913123,53188.0,Mayra Tatiana Ramírez Ramírez,Chelsea FCW,0,0,1,0,0.07692601,0.07692601,14,13,0,0,2,0,0,8,0,0,5,30.4
3913123,62710.0,Johanna Rytting-Kaneryd,Chelsea FCW,0,0,1,0,0.10526291,0.10526291,28,23,0,1,4,1,2,16,0,0,5,68.2
3913123,81580.0,Agnes Beever-Jones,Chelsea FCW,0,0,3,0,0.230050013,0.230050013,16,14,0,1,1,2,0,7,1,0,0,30.0
3913123,85004.0,Maisie Symonds,Brighton & Hove Albion WFC,0,0,0,0,0.0,0.0,18,13,0,0,4,0,0,18,1,0,5,43.2
3913123,105102.0,Veatriki Sarri,Brighton & Hove Albion WFC,0,0,2,0,0.059109902,0.059109902,29,16,0,0,0,1,0,34,3,0,7,98.2
3913123,276301.0,Elisabeth Terland,Brighton & Hove Albion WFC,0,0,2,0,0.050944432,0.050944432,15,11,0,0,1,0,0,31,0,1,3,89.8
3913123,276304.0,Guro Bergsvand,Brighton & Hove Albion WFC,0,0,0,0,0.0,0.0,36,32,0,0,7,0,0,17,1,2,7,98.2
3913123,422963.0,Lily Dent,Brighton & Hove Albion WFC,0,0,0,0,0.0,0.0,1,0,0,0,0,0,0,3,0,0,0,8.4
3913124,4979.0,Katrina Gorry,West Ham United LFC,0,0,1,0,0.02084725,0.02084725,66,47,0,1,10,1,1,30,5,3,13,110.2
3913124,5074.0,Shelina Laura Zadorsky,West Ham United LFC,0,0,1,0,0.10650888,0.10650888,49,44,0,1,11,0,0,9,2,5,7,110.2
3913124,10179.0,Lisa Evans,Bristol City WFC,0,0,0,0,0.0,0.0,17,12,0,0,1,2,0,4,0,0,1,72.9
3913124,10196.0,Kirsty Smith,West Ham United LFC,0,0,0,0,0.0,0.0,69,50,0,2,9,5,0,21,4,3,2,110.2
3913124,15629.0,Satara Murray,Bristol City WFC,0,0,0,0,0.0,0.0,9,6,0,0,2,0,0,4,1,1,2,37.3
3913124,15716.0,Emily Syme,Bristol City WFC,0,0,0,0,0.0,0.0,14,9,0,0,1,0,0,4,2,0,1,29.6
3913124,15788.0,Amalie Grønbak Thestrup,Bristol City WFC,1,1,2,0,0.5945124770000001,0.5945124770000001,16,9,0,0,2,0,0,16,1,0,3,92.5
3913124,19417.0,Amy Rodgers,Bristol City WFC,0,0,0,0,0.0,0.0,38,30,0,0,5,2,1,25,3,1,7,110.2
3913124,19499.0,Shania Hayles,Bristol City WFC,0,0,0,0,0.0,0.0,7,6,0,0,0,0,1,3,1,0,0,17.6
3913124,23412.0,Abigail Harrison,Bristol City WFC,0,0,0,0,0.0,0.0,19,11,0,0,0,0,0,2,0,0,1,79.8
3913124,23413.0,Megan Connolly,Bristol City WFC,0,0,0,0,0.0,0.0,62,44,0,1,11,1,0,5,2,3,7,110.2
3913124,25624.0,Risa Shimizu,West Ham United LFC,0,0,0,0,0.0,0.0,42,32,0,2,6,1,0,13,3,2,2,109.5
3913124,25834.0,Viviane Asseyi,West Ham United LFC,1,1,3,0,0.92068625,0.92068625,31,23,0,0,5,4,4,21,4,0,6,109.0
3913124,31936.0,Kristie Mewis,West Ham United LFC,0,0,0,0,0.0,0.0,9,5,0,0,2,0,0,11,0,0,1,34.7
3913124,32169.0,Jamie-Lee Napier,Bristol City WFC,0,0,1,0,0.028114539,0.028114539,46,28,0,1,4,7,1,16,1,1,6,110.2
3913124,33067.0,Shae Yanez,Bristol City WFC,0,0,0,0,0.0,0.0,35,28,0,0,11,0,0,0,0,0,6,110.2
3913124,42787.0,Mackenzie Arnold,West Ham United LFC,0,0,0,0,0.0,0.0,37,32,0,0,19,1,0,0,0,0,3,110.2
3913124,42836.0,Ella Powell,Bristol City WFC,0,0,0,0,0.0,0.0,77,44,0,0,14,3,0,15,3,6,11,109.7
3913124,46635.0,Emma Harries,West Ham United LFC,0,0,0,0,0.0,0.0,17,12,0,1,2,0,0,22,3,1,3,75.5
3913124,84765.0,Carrie Jones,Bristol City WFC,0,0,0,0,0.0,0.0,24,18,0,0,3,1,1,23,1,1,6,92.7
3913124,131653.0,Honoka Hayashi,West Ham United LFC,1,1,2,0,0.09952343599999999,0.09952343599999999,33,29,0,1,4,2,0,26,4,1,6,110.2
3913124,185543.0,Ffion Morgan,Bristol City WFC,0,0,0,0,0.0,0.0,17,11,1,0,1,1,1,8,0,0,3,59.0
3913124,224845.0,Sarah Anne Stratigakis,Bristol City WFC,0,0,0,0,0.0,0.0,2,0,0,0,0,0,0,5,0,0,0,17.4
3913124,276907.0,Amber Tysiak,West Ham United LFC,0,0,1,0,0.07193649,0.07193649,43,31,0,0,4,0,0,3,0,1,3,110.2
3913124,322322.0,Jessica Ziu,West Ham United LFC,0,0,2,0,0.17992197299999999,0.17992197299999999,33,27,1,2,6,1,1,23,3,2,7,81.6
3913124,337710.0,Cecilie Maag Struck,Bristol City WFC,0,0,1,0,0.0834904,0.0834904,37,30,0,0,6,0,0,7,1,2,2,110.2
3913124,345061.0,Mari Ward,Bristol City WFC,0,0,0,0,0.0,0.0,13,8,0,0,1,1,0,17,2,0,4,51.1
3913124,370018.0,Shannon Cooke,West Ham United LFC,0,0,0,0,0.0,0.0,1,0,0,0,0,0,0,0,0,0,0,3.2
3913124,395055.0,Princess Ademiluyi,West Ham United LFC,0,0,0,0,0.0,0.0,9,5,0,0,0,1,0,12,2,0,2,27.8
3913124,401930.0,Riko Ueki,West Ham United LFC,0,0,5,0,0.508180579,0.508180579,35,26,0,0,1,2,2,23,4,1,0,110.2
3913125,5000.0,Stephanie-Elise Catley,Arsenal WFC,0,0,0,0,0.0,0.0,27,25,0,0,2,1,0,3,0,0,2,25.6
3913125,10093.0,Yana Daniëls,Liverpool WFC,0,0,1,0,0.24677742,0.24677742,13,7,0,0,1,0,0,9,0,0,0,61.1
3913125,10229.0,Emma Stina Blackstenius,Arsenal WFC,0,0,3,0,0.72405228,0.72405228,5,3,0,0,0,1,0,5,1,0,2,25.6
3913125,10237.0,Manuela Zinsberger,Arsenal WFC,0,0,0,0,0.0,0.0,38,34,0,0,11,0,0,0,0,0,3,98.2
3913125,10405.0,Lia Wälti,Arsenal WFC,0,0,0,0,0.0,0.0,70,59,0,1,10,1,1,17,4,1,8,98.2
3913125,10516.0,Frida Maanum,Arsenal WFC,0,0,0,0,0.0,0.0,2,1,0,0,0,0,0,1,0,0,0,10.1
3913125,10648.0,Shanice van de Sanden,Liverpool WFC,0,0,1,0,0.027660625,0.027660625,8,4,0,0,1,2,2,35,1,0,4,71.8
3913125,11338.0,Caitlin Jade Foord,Arsenal WFC,1,1,3,0,0.9466132,0.9466132,38,27,0,0,1,1,1,14,0,0,7,98.2
3913125,15547.0,Melissa Lawley,Liverpool WFC,0,0,0,0,0.0,0.0,6,4,0,1,0,3,0,27,0,2,2,71.8
3913125,15554.0,Gemma Bonner,Liverpool WFC,0,0,0,0,0.0,0.0,24,20,0,0,1,0,0,13,1,1,0,98.2
3913125,15616.0,Kim Little,Arsenal WFC,0,0,0,0,0.0,0.0,14,13,0,0,1,0,0,3,0,0,4,25.9
3913125,15618.0,Jasmine Matthews,Liverpool WFC,0,0,0,0,0.0,0.0,37,26,0,1,4,1,1,18,2,2,3,98.2
3913125,15619.0,Bethany Mead,Arsenal WFC,0,0,0,0,0.0,0.0,52,34,0,2,2,0,0,16,1,0,3,87.9
3913125,15620.0,Katie McCabe,Arsenal WFC,0,0,0,0,0.0,0.0,68,50,0,2,12,4,1,10,1,0,6,72.6
3913125,15623.0,Vivianne Miedema,Arsenal WFC,1,1,3,0,0.121771686,0.121771686,37,35,0,1,2,1,2,14,1,0,3,72.3
3913125,19777.0,Niamh Fahey,Liverpool WFC,0,0,0,0,0.0,0.0,45,38,0,0,5,1,0,18,3,2,4,98.2
3913125,24706.0,Sophie Roman Haug,Liverpool WFC,0,0,0,0,0.0,0.0,15,8,0,1,1,0,0,6,0,0,2,37.1
3913125,26092.0,Amanda Ilestedt,Arsenal WFC,0,0,0,0,0.0,0.0,65,56,0,0,11,0,0,4,0,0,2,98.2
3913125,32074.0,Jenna Clark,Liverpool WFC,0,0,0,0,0.0,0.0,9,6,0,0,0,0,0,3,0,0,1,26.4
3913125,32222.0,Sofie Lundgaard,Liverpool WFC,0,0,0,0,0.0,0.0,14,5,0,0,1,0,2,17,2,0,8,71.8
3913125,32403.0,Emma Wilhelmina Koivisto,Liverpool WFC,0,0,0,0,0.0,0.0,12,8,0,0,0,0,0,8,0,0,2,26.4
3913125,33664.0,Rachael Laws,Liverpool WFC,0,0,0,0,0.0,0.0,59,40,0,0,17,0,0,1,0,0,3,98.2
3913125,34232.0,Grace Fisk,Liverpool WFC,0,0,0,0,0.0,0.0,27,20,0,0,2,0,0,13,2,2,1,71.8
3913125,46974.0,Marie Therese Höbinger,Liverpool WFC,0,0,0,0,0.0,0.0,14,8,0,0,0,0,0,6,2,0,6,26.4
3913125,47521.0,Alessia Russo,Arsenal WFC,0,0,1,0,0.06489823,0.06489823,24,21,1,0,2,2,2,9,0,0,2,72.6
3913125,49697.0,Carlotte Wubben-Moy,Arsenal WFC,0,0,3,0,0.245068426,0.245068426,73,62,0,0,24,0,0,9,3,3,3,98.2
3913125,62906.0,Cloé Zoé Eyja Lacasse,Arsenal WFC,0,0,0,0,0.0,0.0,8,4,0,1,0,0,0,5,1,1,1,10.3
3913125,63788.0,Victoria Pelova,Arsenal WFC,0,0,1,0,0.047125004,0.047125004,48,39,0,1,5,1,1,11,1,1,8,88.1
3913125,107491.0,Emily Ann Fox,Arsenal WFC,0,0,0,0,0.0,0.0,97,82,1,1,15,7,2,9,1,2,6,98.2
3913125,299860.0,Fuka Nagano,Liverpool WFC,0,0,0,0,0.0,0.0,26,20,0,0,0,0,1,42,4,3,5,98.2
3913125,322359.0,Ceri Holland,Liverpool WFC,0,0,2,0,0.099128222,0.099128222,16,6,0,0,1,0,0,34,4,1,4,98.2
3913125,329372.0,Mia Enderby,Liverpool WFC,0,0,1,0,0.30652004,0.30652004,2,2,0,0,0,2,0,10,1,0,0,26.4
3913126,10163.0,Leila Ouahabi El Ouahabi,Manchester City WFC,0,0,1,0,0.03481768,0.03481768,75,68,0,0,4,0,0,11,4,0,4,97.7
3913126,10252.0,Alex Greenwood,Manchester City WFC,0,0,1,0,0.06366067,0.06366067,153,139,0,0,23,7,2,5,1,0,9,97.7
3913126,15550.0,Bethany England,Tottenham Hotspur Women,0,0,1,0,0.13336685,0.13336685,17,13,0,0,2,0,0,31,0,0,3,93.4
3913126,15555.0,Lauren Hemp,Manchester City WFC,0,0,0,0,0.0,0.0,46,32,1,1,1,6,3,14,0,2,3,97.7
3913126,15570.0,Chloe Kelly,Manchester City WFC,0,0,0,0,0.0,0.0,58,43,0,2,6,0,2,21,5,0,2,97.7
3913126,19416.0,Laura Coombs,Manchester City WFC,0,0,4,0,0.42570423,0.42570423,31,29,0,0,1,0,0,18,0,0,5,80.8
3913126,19498.0,Jessica Park,Manchester City WFC,0,0,1,0,0.036091466,0.036091466,14,11,0,0,2,1,1,3,0,0,2,16.9
3913126,21021.0,Molly Bartrip,Tottenham Hotspur Women,0,0,0,0,0.0,0.0,60,55,0,0,17,0,0,9,2,1,2,97.4
3913126,21023.0,Amanda Nildén,Tottenham Hotspur Women,0,0,0,0,0.0,0.0,38,27,0,0,4,2,1,17,0,0,9,97.7
3913126,21048.0,Rosella Ayane,Tottenham Hotspur Women,0,0,0,0,0.0,0.0,0,0,0,0,0,0,0,4,0,0,0,4.3
3913126,24400.0,Barbara Votíková,Tottenham Hotspur Women,0,0,0,0,0.0,0.0,25,23,0,0,2,0,0,0,0,0,2,97.7
3913126,24461.0,Shuang Wang,Tottenham Hotspur Women,0,0,0,0,0.0,0.0,12,10,0,2,2,1,1,7,1,0,2,33.1
3913126,25554.0,Khadija Monifa Shaw,Manchester City WFC,1,1,2,0,0.4181267,0.4181267,16,12,0,0,0,2,1,10,0,0,2,80.6
3913126,25632.0,Yui Hasegawa,Manchester City WFC,0,0,0,0,0.0,0.0,72,70,0,0,5,0,3,13,5,2,5,97.7
3913126,31533.0,Amy Turner,Tottenham Hotspur Women,0,0,0,0,0.0,0.0,48,44,0,0,12,0,0,6,0,0,1,97.7
3913126,31558.0,Martha Thomas,Tottenham Hotspur Women,0,0,1,0,0.1287634,0.1287634,9,4,0,0,0,0,0,19,1,0,2,64.4
3913126,32210.0,Laia Aleixandri López,Manchester City WFC,0,0,1,0,0.03436206,0.03436206,116,109,0,0,29,8,0,3,1,1,1,97.7
3913126,35693.0,Mary Boio Fowler,Manchester City WFC,0,0,0,0,0.0,0.0,5,3,0,0,0,1,0,3,1,0,1,17.1
3913126,46533.0,Ramona Petzelberger,Tottenham Hotspur Women,0,0,0,0,0.0,0.0,6,6,0,0,2,0,1,6,1,1,0,20.4
3913126,46740.0,Grace Clinton,Tottenham Hotspur Women,0,0,0,0,0.0,0.0,22,17,0,1,5,3,4,28,4,1,3,64.6
3913126,61467.0,Jessica Naz,Tottenham Hotspur Women,0,0,1,0,0.0897955,0.0897955,2,2,0,0,1,0,0,8,0,0,0,33.3
3913126,62666.0,Ingrid Filippa Angeldal,Manchester City WFC,0,0,2,0,0.046358249000000004,0.046358249000000004,37,29,0,1,2,1,0,15,1,1,6,97.7
3913126,87194.0,Celin Bizet Ildhusøy,Tottenham Hotspur Women,0,0,1,0,0.027408509,0.027408509,20,14,0,0,1,2,0,31,4,2,6,93.3
3913126,92248.0,Khiara Keating,Manchester City WFC,0,0,0,0,0.0,0.0,72,64,0,0,17,1,0,0,0,0,3,97.7
3913126,132034.0,Charlotte Layne Grant,Tottenham Hotspur Women,0,0,0,0,0.0,0.0,21,18,0,0,0,1,0,13,1,0,3,77.4
3913126,191850.0,Eveliina Summanen,Tottenham Hotspur Women,0,0,0,0,0.0,0.0,38,31,0,0,1,0,0,28,2,1,6,97.5
3913126,221888.0,Kerstin Yasmijn Casparij,Manchester City WFC,0,0,0,0,0.0,0.0,80,73,0,0,10,4,0,11,3,1,4,97.7
3913126,224167.0,Matilda Liv Vinberg,Tottenham Hotspur Women,0,0,0,0,0.0,0.0,0,0,0,0,0,0,0,4,0,0,0,4.4
3913126,229194.0,Olga Ahtinen,Tottenham Hotspur Women,0,0,1,0,0.0038952648,0.0038952648,56,42,0,1,8,0,0,27,3,2,9,97.7
3913127,4654.0,Nikita Parris,Manchester United W,2,2,4,0,0.656801335,0.656801335,19,19,0,2,4,2,0,17,1,1,5,71.6
3913127,4984.0,Rachel Corsie,Aston Villa W,0,0,0,0,0.0,0.0,70,56,0,0,15,4,1,8,1,1,2,100.6
3913127,5058.0,Rachel Daly,Aston Villa W,1,0,2,1,0.904721274,0.121221274,24,17,0,1,2,0,0,34,2,0,3,100.3
3913127,8297.0,Adriana Kristina Leon,Aston Villa W,0,0,0,0,0.0,0.0,23,16,0,1,1,0,1,38,2,0,4,80.8
3913127,10192.0,Jordan Nobbs,Aston Villa W,0,0,1,0,0.02644744,0.02644744,49,42,0,1,5,0,0,19,2,1,4,100.6
3913127,10404.0,Noelle Maritz,Aston Villa W,0,0,1,0,0.030759176,0.030759176,50,39,0,0,2,1,1,24,5,0,5,100.6
3913127,15421.0,Kenza Dali,Aston Villa W,0,0,2,0,0.121558135,0.121558135,54,40,0,1,7,3,1,27,2,1,5,100.6
3913127,17275.0,Hannah Jayne Blundell,Manchester United W,0,0,1,0,0.039372496,0.039372496,69,62,1,0,7,3,0,14,4,1,7,100.6
3913127,18153.0,Alisha Lehmann,Aston Villa W,0,0,0,0,0.0,0.0,11,10,0,0,0,1,0,15,0,2,5,48.4
3913127,19500.0,Sarah Emma Mayling,Aston Villa W,0,0,0,0,0.0,0.0,51,37,0,0,8,1,0,18,1,2,3,100.6
3913127,22337.0,Maya Le Tissier,Manchester United W,0,0,1,0,0.06476737,0.06476737,55,46,0,0,14,7,0,11,1,0,4,100.6
3913127,25513.0,Lucía García Córdoba,Manchester United W,0,0,2,0,0.093504999,0.093504999,21,11,0,0,1,0,2,16,0,0,6,71.6
3913127,25543.0,Geyse da Silva Ferreira,Manchester United W,0,0,4,0,0.168416121,0.168416121,19,10,0,1,2,4,2,28,6,0,5,85.4
3913127,25785.0,Jayde Yuk Fun Riviere,Manchester United W,0,0,0,0,0.0,0.0,64,57,0,3,11,0,0,12,4,1,4,100.6
3913127,31527.0,Ebony Salmon,Aston Villa W,0,0,0,0,0.0,0.0,8,6,0,0,0,1,0,3,0,0,1,19.8
3913127,31532.0,Kirsty Hanson,Aston Villa W,0,0,2,0,0.129233469,0.129233469,9,6,0,0,2,4,1,25,1,0,5,52.2
3913127,31534.0,Ella Toone,Manchester United W,0,0,2,0,0.19743674,0.19743674,34,28,0,1,3,1,1,14,2,0,7,85.4
3913127,31536.0,Millie Turner,Manchester United W,0,0,0,0,0.0,0.0,57,53,0,0,6,6,1,4,1,1,3,100.6
3913127,31538.0,Mary Alexandra Earps,Manchester United W,0,0,0,0,0.0,0.0,30,29,0,0,7,0,0,0,0,0,4,100.6
3913127,31539.0,Leah Galton,Manchester United W,0,0,0,0,0.0,0.0,3,3,0,0,0,0,0,2,0,0,0,29.0
3913127,31540.0,Katie Zelem,Manchester United W,0,0,0,0,0.0,0.0,54,42,0,1,6,1,0,23,1,0,4,100.6
3913127,31563.0,Rachel Williams,Manchester United W,0,0,1,0,0.061059356,0.061059356,12,5,0,1,0,0,0,6,0,0,2,29.0
3913127,31614.0,Melvine Malard,Manchester United W,0,0,1,0,0.010223978,0.010223978,1,1,0,0,1,1,1,1,0,0,1,15.2
3913127,32339.0,Daphne van Domselaar,Aston Villa W,0,0,0,0,0.0,0.0,62,54,0,0,20,1,0,0,0,0,7,100.6
3913127,33675.0,Laura Madison Blindkilde Brown,Aston Villa W,0,0,0,0,0.0,0.0,25,22,0,0,1,2,0,40,3,2,2,100.6
3913127,50150.0,Irene Guerrero Sanmartín,Manchester United W,0,0,0,0,0.0,0.0,6,5,0,0,0,0,0,3,0,0,0,15.2
3913127,78072.0,Anna Patten,Aston Villa W,0,0,0,0,0.0,0.0,52,47,0,0,13,3,0,1,0,1,2,100.6
3913127,386105.0,Lisa Fjeldstad Naalsund,Manchester United W,0,0,1,0,0.018602604,0.018602604,35,23,0,3,1,2,5,36,5,2,2,100.6
3913128,4865.0,Josie Green,Leicester City WFC,0,0,1,0,0.05358686,0.05358686,45,42,0,0,6,2,1,8,3,1,3,58.5
3913128,10100.0,Janice Cayman,Leicester City WFC,1,1,1,0,0.046489008,0.046489008,72,58,0,0,5,0,1,12,2,0,7,99.8
3913128,10225.0,Aurora Galli,Everton LFC,0,0,0,0,0.0,0.0,20,14,0,1,0,2,1,27,0,0,7,85.6
3913128,10260.0,Lena Petermann,Leicester City WFC,0,0,3,0,0.38856218,0.38856218,32,19,0,0,0,3,1,41,3,1,6,99.8
3913128,15720.0,Sophie Howard,Leicester City WFC,0,0,1,0,0.059843097,0.059843097,22,20,0,0,4,0,0,6,0,0,4,41.3
3913128,16374.0,Aileen Whelan,Leicester City WFC,0,0,0,0,0.0,0.0,4,3,0,0,0,0,1,3,0,0,1,7.8
3913128,16382.0,Heather Payne,Everton LFC,0,0,0,0,0.0,0.0,43,24,0,2,4,5,1,35,2,2,5,99.8
3913128,16386.0,Lucy Hope,Everton LFC,0,0,0,0,0.0,0.0,12,8,0,0,1,0,0,7,2,0,0,26.4
3913128,18254.0,Megan Finnigan,Everton LFC,0,0,0,0,0.0,0.0,31,28,0,0,5,1,0,19,3,1,1,99.8
3913128,25601.0,Deanne Cynthia Rose,Leicester City WFC,0,0,0,0,0.0,0.0,11,5,0,1,0,2,0,10,1,0,4,41.2
3913128,25604.0,Saori Takarada,Leicester City WFC,0,0,0,0,0.0,0.0,54,47,0,0,6,0,1,14,2,1,7,99.8
3913128,25662.0,Catherine Joan Bott,Leicester City WFC,0,0,0,0,0.0,0.0,31,21,0,0,4,2,1,12,4,0,2,41.9
3913128,26520.0,Yuka Momiki,Leicester City WFC,0,0,2,0,0.103733561,0.103733561,45,33,0,1,4,2,2,14,1,1,9,91.9
3913128,30856.0,Julie Thibaud,Leicester City WFC,0,0,0,0,0.0,0.0,73,68,0,0,9,3,0,5,0,4,8,99.8
3913128,31555.0,Courtney Brosnan,Everton LFC,0,0,0,0,0.0,0.0,48,40,0,1,16,0,0,0,0,0,6,99.8
3913128,32229.0,Sara Holmgaard,Everton LFC,0,0,0,0,0.0,0.0,31,25,0,1,4,2,0,15,3,4,4,73.3
3913128,34499.0,Hanna Ulrika Bennison,Everton LFC,0,0,1,0,0.012049721,0.012049721,13,10,0,0,0,0,0,7,1,0,2,35.7
3913128,45737.0,Martina Piemonte,Everton LFC,0,0,0,0,0.0,0.0,3,0,0,0,0,0,0,3,0,0,0,14.1
3913128,46459.0,Katja Snoeijs,Everton LFC,0,0,2,0,0.38856901,0.38856901,22,16,0,1,1,2,0,18,1,1,3,98.4
3913128,46738.0,Emma Bissell,Everton LFC,0,0,1,0,0.094385974,0.094385974,27,18,0,0,2,0,0,33,1,1,3,85.8
3913128,63308.0,Justine Vanhaevermaet,Everton LFC,0,0,0,0,0.0,0.0,4,3,0,0,0,0,0,2,0,0,1,13.9
3913128,63784.0,Lize Kop,Leicester City WFC,0,0,0,0,0.0,0.0,66,56,0,0,24,0,0,0,0,0,1,99.8
3913128,87191.0,Rikke Marie Madsen,Everton LFC,0,0,1,0,0.537069,0.537069,17,10,0,0,1,2,2,32,1,0,3,64.3
3913128,132033.0,Courtney Jade Nevin,Leicester City WFC,0,0,0,0,0.0,0.0,39,31,0,1,4,1,0,9,0,2,3,57.8
3913128,135753.0,Samantha Tierney,Leicester City WFC,0,0,0,0,0.0,0.0,46,30,0,1,4,0,1,15,3,0,8,99.8
3913128,135759.0,Shannon O’Brien,Leicester City WFC,0,0,3,0,0.261574596,0.261574596,16,12,0,0,0,4,0,24,2,1,7,58.5
3913128,224149.0,Elise Isolde Stenevik,Everton LFC,0,0,1,0,0.09033711,0.09033711,28,21,0,0,7,1,1,22,3,2,4,99.8
3913128,224822.0,Jutta Rantala,Leicester City WFC,0,0,3,0,0.317302405,0.317302405,46,31,1,3,5,1,2,19,4,0,9,99.8
3913128,276443.0,Kathrine Møller Kühl,Everton LFC,0,0,2,0,0.075003631,0.075003631,23,16,0,0,0,0,0,17,1,0,4,64.0
3913128,338059.0,Clare Wheeler,Everton LFC,0,0,0,0,0.0,0.0,41,25,0,0,6,0,0,38,5,5,7,99.8
3913128,410042.0,Karoline Olesen,Everton LFC,0,0,0,0,0.0,0.0,10,7,0,1,2,0,0,18,2,1,0,35.4
3913129,4984.0,Rachel Corsie,Aston Villa W,0,0,0,0,0.0,0.0,68,58,2,1,3,0,1,12,0,2,6,81.3
3913129,5058.0,Rachel Daly,Aston Villa W,0,0,9,0,0.8604284759999999,0.8604284759999999,31,26,0,2,3,0,0,10,0,0,6,100.6
3913129,8297.0,Adriana Kristina Leon,Aston Villa W,1,1,4,0,0.4317343295,0.4317343295,32,20,0,4,0,8,3,10,3,0,6,81.0
3913129,10179.0,Lisa Evans,Bristol City WFC,0,0,0,0,0.0,0.0,17,12,0,0,0,1,0,12,2,1,2,65.0
3913129,10192.0,Jordan Nobbs,Aston Villa W,1,1,5,0,0.425532872,0.425532872,71,64,0,1,14,5,0,15,3,0,11,100.6
3913129,10404.0,Noelle Maritz,Aston Villa W,0,0,2,0,0.081480827,0.081480827,98,95,0,0,4,5,1,6,1,3,7,100.6
3913129,15421.0,Kenza Dali,Aston Villa W,0,0,5,0,0.24673644900000002,0.24673644900000002,96,69,0,7,8,4,3,7,0,0,17,100.6
3913129,15559.0,Simone Magill,Aston Villa W,0,0,1,0,0.06358063,0.06358063,7,6,0,0,0,0,0,2,0,0,0,19.3
3913129,15716.0,Emily Syme,Bristol City WFC,0,0,0,0,0.0,0.0,11,9,1,0,0,1,1,12,0,1,1,49.1
3913129,15724.0,Mayumi Pacheco,Aston Villa W,0,0,4,0,0.85973708,0.85973708,84,69,0,2,10,2,1,15,2,2,9,100.6
3913129,15788.0,Amalie Grønbak Thestrup,Bristol City WFC,1,1,1,0,0.32471594,0.32471594,11,9,0,0,0,1,1,16,0,1,3,100.6
3913129,19417.0,Amy Rodgers,Bristol City WFC,0,0,0,0,0.0,0.0,36,23,0,0,4,0,0,41,8,3,7,100.6
3913129,19499.0,Shania Hayles,Bristol City WFC,0,0,0,0,0.0,0.0,3,2,0,0,0,0,0,3,1,0,2,23.0
3913129,19500.0,Sarah Emma Mayling,Aston Villa W,0,0,1,0,0.034267806,0.034267806,75,60,0,1,7,1,0,14,0,3,8,100.6
3913129,23412.0,Abigail Harrison,Bristol City WFC,0,0,1,0,0.050490547,0.050490547,9,6,0,0,1,0,0,4,0,0,4,35.7
3913129,23413.0,Megan Connolly,Bristol City WFC,0,0,0,0,0.0,0.0,23,14,0,0,2,0,0,5,0,1,3,77.5
3913129,31527.0,Ebony Salmon,Aston Villa W,0,0,2,0,0.441671236,0.441671236,4,1,0,0,0,0,0,2,0,0,1,19.7
3913129,31532.0,Kirsty Hanson,Aston Villa W,0,0,3,0,0.154662623,0.154662623,40,30,0,2,1,3,4,14,3,2,3,100.6
3913129,32169.0,Jamie-Lee Napier,Bristol City WFC,0,0,1,0,0.04182109,0.04182109,37,23,0,0,3,3,0,16,0,3,5,100.6
3913129,32339.0,Daphne van Domselaar,Aston Villa W,0,0,0,0,0.0,0.0,49,46,0,0,21,1,0,0,0,0,6,100.6
3913129,33067.0,Shae Yanez,Bristol City WFC,0,0,0,0,0.0,0.0,34,25,0,0,9,0,0,1,0,0,2,100.6
3913129,42836.0,Ella Powell,Bristol City WFC,0,0,0,0,0.0,0.0,34,19,0,0,6,1,1,14,2,3,4,77.7
3913129,46741.0,Naomi Layzell,Bristol City WFC,0,0,0,0,0.0,0.0,27,16,0,0,9,2,0,14,1,1,3,100.6
3913129,78072.0,Anna Patten,Aston Villa W,0,0,0,0,0.0,0.0,84,76,0,0,17,9,0,2,2,2,6,100.6
3913129,84765.0,Carrie Jones,Bristol City WFC,1,1,1,0,0.029566819,0.029566819,23,13,0,1,2,1,3,25,1,2,10,100.6
3913129,185543.0,Ffion Morgan,Bristol City WFC,0,0,0,0,0.0,0.0,22,9,0,0,1,1,1,20,4,1,3,98.5
3913129,185544.0,Jasmine Bull,Bristol City WFC,0,0,0,0,0.0,0.0,0,0,0,0,0,0,0,1,0,0,0,2.1
3913129,185545.0,Brooke Aspin,Bristol City WFC,0,0,0,0,0.0,0.0,5,4,0,0,1,0,0,5,1,0,0,51.5
3913129,345061.0,Mari Ward,Bristol City WFC,0,0,0,0,0.0,0.0,4,3,0,0,0,0,0,4,1,1,2,23.1
3913130,4979.0,Katrina Gorry,West Ham United LFC,0,0,0,0,0.0,0.0,33,19,0,0,3,1,2,27,9,1,9,98.8
3913130,5000.0,Stephanie-Elise Catley,Arsenal WFC,0,0,3,0,0.181787742,0.181787742,63,45,0,0,4,0,0,18,1,0,10,98.8
3913130,5074.0,Shelina Laura Zadorsky,West Ham United LFC,0,0,0,0,0.0,0.0,42,31,0,0,7,0,0,19,3,0,6,98.8
3913130,10196.0,Kirsty Smith,West Ham United LFC,0,0,0,0,0.0,0.0,24,14,0,0,0,0,0,25,2,0,1,98.8
3913130,10229.0,Emma Stina Blackstenius,Arsenal WFC,0,0,2,0,0.096759505,0.096759505,8,7,0,1,0,1,1,2,0,0,2,33.1
3913130,10237.0,Manuela Zinsberger,Arsenal WFC,0,0,0,0,0.0,0.0,33,31,0,0,7,0,0,0,0,0,4,98.8
3913130,10405.0,Lia Wälti,Arsenal WFC,0,0,0,0,0.0,0.0,63,54,0,1,4,0,0,20,2,4,6,98.8
3913130,10516.0,Frida Maanum,Arsenal WFC,0,0,1,0,0.030539779,0.030539779,5,3,0,0,0,0,0,2,0,0,1,18.2
3913130,11338.0,Caitlin Jade Foord,Arsenal WFC,0,0,3,0,0.122685679,0.122685679,20,12,0,0,3,3,0,19,1,1,11,80.5
3913130,15619.0,Bethany Mead,Arsenal WFC,0,0,2,0,0.112179573,0.112179573,28,16,0,0,0,0,1,17,1,0,4,65.6
3913130,15623.0,Vivianne Miedema,Arsenal WFC,0,0,2,0,0.45928622,0.45928622,29,25,0,0,1,1,1,20,1,1,5,65.7
3913130,18999.0,Leah Williamson,Arsenal WFC,0,0,0,0,0.0,0.0,46,37,0,0,12,3,0,3,0,0,3,48.1
3913130,25624.0,Risa Shimizu,West Ham United LFC,0,0,0,0,0.0,0.0,32,22,0,0,2,0,0,12,1,1,2,98.8
3913130,25834.0,Viviane Asseyi,West Ham United LFC,1,0,2,1,0.90056327,0.11706327,15,13,0,0,1,1,0,30,5,2,3,98.8
3913130,26092.0,Amanda Ilestedt,Arsenal WFC,0,0,0,0,0.0,0.0,44,39,0,0,9,2,0,4,0,0,2,50.6
3913130,31157.0,Hawa Cissoko,West Ham United LFC,1,1,1,0,0.14728665,0.14728665,25,18,0,1,3,1,1,11,2,8,4,87.3
3913130,32227.0,Emma Snerle,West Ham United LFC,0,0,0,0,0.0,0.0,14,8,0,0,0,1,1,14,3,1,6,59.2
3913130,42787.0,Mackenzie Arnold,West Ham United LFC,0,0,0,0,0.0,0.0,49,34,0,0,19,0,0,0,0,0,5,98.8
3913130,47521.0,Alessia Russo,Arsenal WFC,1,1,6,0,0.754665807,0.754665807,30,24,0,2,1,2,0,24,2,1,6,98.8
3913130,49697.0,Carlotte Wubben-Moy,Arsenal WFC,0,0,0,0,0.0,0.0,96,82,0,0,15,1,1,6,2,1,13,98.8
3913130,62906.0,Cloé Zoé Eyja Lacasse,Arsenal WFC,0,0,2,0,0.14692370700000001,0.14692370700000001,20,15,0,1,1,1,1,6,0,0,1,33.2
3913130,63788.0,Victoria Pelova,Arsenal WFC,0,0,0,0,0.0,0.0,38,31,0,2,4,1,0,13,5,0,7,65.8
3913130,107491.0,Emily Ann Fox,Arsenal WFC,0,0,0,0,0.0,0.0,94,77,0,4,13,1,1,16,5,0,9,98.8
3913130,131586.0,Kyra Lillee Cooney-Cross,Arsenal WFC,0,0,1,0,0.025540335,0.025540335,32,30,0,3,4,0,0,5,0,0,7,33.0
3913130,131653.0,Honoka Hayashi,West Ham United LFC,0,0,0,0,0.0,0.0,27,22,0,1,4,0,1,15,1,0,6,87.3
3913130,224866.0,Anna Marika Bergman Lundin,West Ham United LFC,0,0,0,0,0.0,0.0,1,0,0,0,0,0,0,3,1,0,1,11.4
3913130,276907.0,Amber Tysiak,West Ham United LFC,0,0,0,0,0.0,0.0,17,11,0,0,1,0,1,11,2,0,5,97.2
3913130,322322.0,Jessica Ziu,West Ham United LFC,0,0,0,0,0.0,0.0,8,5,0,0,0,0,1,12,0,1,1,39.6
3913130,370018.0,Shannon Cooke,West Ham United LFC,0,0,0,0,0.0,0.0,0,0,0,0,0,0,0,1,0,0,0,11.0
3913130,395055.0,Princess Ademiluyi,West Ham United LFC,0,0,0,0,0.0,0.0,0,0,0,0,0,0,0,0,0,0,0,1.8
3913130,401930.0,Riko Ueki,West Ham United LFC,0,0,1,0,0.06539959,0.06539959,27,16,0,0,0,0,0,25,2,2,3,97.0
3913131,10648.0,Shanice van de Sanden,Liverpool WFC,0,0,0,0,0.0,0.0,13,9,0,0,0,0,0,25,1,1,5,64.0
3913131,15547.0,Melissa Lawley,Liverpool WFC,0,0,0,0,0.0,0.0,11,6,1,0,0,0,0,13,1,0,2,37.2
3913131,15550.0,Bethany England,Tottenham Hotspur Women,0,0,0,0,0.0,0.0,26,18,0,0,1,0,0,23,1,0,2,64.5
3913131,15554.0,Gemma Bonner,Liverpool WFC,0,0,0,0,0.0,0.0,50,39,0,0,9,1,0,10,2,1,6,101.2
3913131,15618.0,Jasmine Matthews,Liverpool WFC,0,0,1,0,0.17812745,0.17812745,55,31,0,0,5,3,3,15,3,1,5,101.2
3913131,18146.0,Leanne Kiernan,Liverpool WFC,0,0,0,0,0.0,0.0,5,3,0,1,0,2,0,4,1,0,1,19.6
3913131,19777.0,Niamh Fahey,Liverpool WFC,0,0,0,0,0.0,0.0,43,38,0,0,3,0,0,12,1,1,3,81.6
3913131,21021.0,Molly Bartrip,Tottenham Hotspur Women,0,0,0,0,0.0,0.0,46,36,0,0,5,0,0,8,1,0,4,101.2
3913131,21023.0,Amanda Nildén,Tottenham Hotspur Women,0,0,1,0,0.28092974,0.28092974,60,43,0,1,9,3,2,15,2,1,10,101.2
3913131,24237.0,Missy Bo Kearns,Liverpool WFC,0,0,0,0,0.0,0.0,39,24,0,3,5,0,0,29,0,1,5,71.6
3913131,24400.0,Barbara Votíková,Tottenham Hotspur Women,0,0,0,0,0.0,0.0,36,27,0,0,11,0,0,0,0,0,9,101.2
3913131,24461.0,Shuang Wang,Tottenham Hotspur Women,0,0,1,0,0.39632395,0.39632395,12,9,0,0,0,1,0,5,1,0,1,15.8
3913131,24706.0,Sophie Roman Haug,Liverpool WFC,0,0,1,0,0.018832007,0.018832007,29,16,0,1,0,0,0,21,0,0,4,101.2
3913131,31533.0,Amy Turner,Tottenham Hotspur Women,0,0,0,0,0.0,0.0,39,33,0,0,6,1,0,7,1,4,2,101.2
3913131,31551.0,Kit Graham,Tottenham Hotspur Women,0,0,0,0,0.0,0.0,17,8,0,0,2,1,1,7,1,1,6,36.6
3913131,31558.0,Martha Thomas,Tottenham Hotspur Women,0,0,2,0,0.19961674,0.19961674,30,22,1,0,2,2,1,30,1,1,5,101.2
3913131,32403.0,Emma Wilhelmina Koivisto,Liverpool WFC,0,0,1,0,0.06223724,0.06223724,41,29,0,0,3,1,0,16,3,2,3,81.6
3913131,33664.0,Rachael Laws,Liverpool WFC,0,0,0,0,0.0,0.0,53,37,0,0,12,0,0,0,0,0,7,101.2
3913131,34232.0,Grace Fisk,Liverpool WFC,0,0,1,0,0.07727742,0.07727742,64,57,0,0,14,4,0,11,2,1,8,101.2
3913131,46533.0,Ramona Petzelberger,Tottenham Hotspur Women,0,0,0,0,0.0,0.0,2,2,0,0,0,0,0,1,0,0,0,6.5
3913131,46740.0,Grace Clinton,Tottenham Hotspur Women,0,0,1,0,0.03694304,0.03694304,39,25,0,2,4,3,1,31,3,1,11,94.7
3913131,46974.0,Marie Therese Höbinger,Liverpool WFC,1,1,1,0,0.06656655,0.06656655,11,7,0,0,1,1,0,5,0,0,3,29.6
3913131,55069.0,Lucy Parry,Liverpool WFC,0,0,0,0,0.0,0.0,6,3,0,0,1,1,1,6,1,0,1,19.6
3913131,61467.0,Jessica Naz,Tottenham Hotspur Women,0,0,0,0,0.0,0.0,8,8,0,0,1,1,1,14,0,0,2,36.8
3913131,87194.0,Celin Bizet Ildhusøy,Tottenham Hotspur Women,1,1,1,0,0.21728578,0.21728578,35,26,0,2,1,4,2,35,6,4,5,85.5
3913131,132034.0,Charlotte Layne Grant,Tottenham Hotspur Women,0,0,0,0,0.0,0.0,42,39,0,0,4,2,1,31,6,2,6,101.2
3913131,191850.0,Eveliina Summanen,Tottenham Hotspur Women,0,0,0,0,0.0,0.0,68,55,0,0,6,2,0,22,1,1,10,101.2
3913131,229194.0,Olga Ahtinen,Tottenham Hotspur Women,0,0,0,0,0.0,0.0,57,47,0,0,6,0,0,10,0,1,5,64.6
3913131,299860.0,Fuka Nagano,Liverpool WFC,0,0,1,0,0.06779669,0.06779669,59,46,0,0,7,2,0,22,5,2,11,100.7
3913131,322359.0,Ceri Holland,Liverpool WFC,0,0,4,0,0.215354265,0.215354265,31,20,0,0,6,0,3,34,6,3,10,101.2
3913132,10100.0,Janice Cayman,Leicester City WFC,0,0,0,0,0.0,0.0,37,28,0,0,1,0,0,23,5,1,5,98.7
3913132,10163.0,Leila Ouahabi El Ouahabi,Manchester City WFC,0,0,0,0,0.0,0.0,50,45,0,1,5,1,0,23,5,0,6,98.7
3913132,10252.0,Alex Greenwood,Manchester City WFC,0,0,1,0,0.01177752,0.01177752,132,118,0,1,23,6,1,6,2,0,11,98.7
3913132,15555.0,Lauren Hemp,Manchester City WFC,1,1,3,0,0.261732995,0.261732995,24,17,0,0,0,3,2,24,2,1,4,98.7
3913132,15570.0,Chloe Kelly,Manchester City WFC,1,1,3,0,0.043620556500000005,0.043620556500000005,51,31,0,3,4,2,4,13,0,0,9,91.0
3913132,15720.0,Sophie Howard,Leicester City WFC,0,0,0,0,0.0,0.0,43,38,0,0,5,1,0,16,3,5,2,98.7
3913132,16374.0,Aileen Whelan,Leicester City WFC,0,0,0,0,0.0,0.0,4,0,0,0,0,0,0,4,0,1,0,19.6
3913132,19416.0,Laura Coombs,Manchester City WFC,0,0,2,0,0.8997596499999999,0.8997596499999999,22,20,0,1,0,0,0,21,2,0,5,77.8
3913132,19498.0,Jessica Park,Manchester City WFC,0,0,1,0,0.064546406,0.064546406,16,16,0,2,1,1,1,7,0,0,3,35.6
3913132,25554.0,Khadija Monifa Shaw,Manchester City WFC,0,0,5,0,0.31288934199999996,0.31288934199999996,33,24,1,1,0,0,2,15,0,0,5,97.6
3913132,25601.0,Deanne Cynthia Rose,Leicester City WFC,0,0,0,0,0.0,0.0,3,1,0,0,0,0,0,12,0,0,0,30.9
3913132,25604.0,Saori Takarada,Leicester City WFC,0,0,0,0,0.0,0.0,28,22,0,0,3,0,0,22,3,1,5,88.2
3913132,25632.0,Yui Hasegawa,Manchester City WFC,0,0,0,0,0.0,0.0,68,64,0,0,3,2,0,16,1,0,10,98.7
3913132,25662.0,Catherine Joan Bott,Leicester City WFC,0,0,0,0,0.0,0.0,41,35,0,0,4,2,0,22,4,3,5,98.7
3913132,26520.0,Yuka Momiki,Leicester City WFC,0,0,0,0,0.0,0.0,18,13,0,1,2,0,0,15,0,1,3,79.0
3913132,30856.0,Julie Thibaud,Leicester City WFC,0,0,0,0,0.0,0.0,47,34,0,0,3,1,0,21,0,0,7,98.7
3913132,32210.0,Laia Aleixandri López,Manchester City WFC,0,0,0,0,0.0,0.0,119,108,0,0,21,7,0,11,1,0,5,98.7
3913132,33675.0,Laura Madison Blindkilde Brown,Manchester City WFC,0,0,0,0,0.0,0.0,1,0,0,0,0,0,1,4,0,0,1,7.7
3913132,35693.0,Mary Boio Fowler,Manchester City WFC,0,0,0,0,0.0,0.0,6,5,0,1,0,0,0,4,0,0,1,20.8
3913132,62666.0,Ingrid Filippa Angeldal,Manchester City WFC,0,0,3,0,0.195922651,0.195922651,30,26,0,0,2,1,0,20,2,0,5,63.1
3913132,63784.0,Lize Kop,Leicester City WFC,0,0,0,0,0.0,0.0,61,51,0,0,21,0,0,0,0,0,1,98.7
3913132,92248.0,Khiara Keating,Manchester City WFC,0,0,0,0,0.0,0.0,61,52,0,0,12,1,0,0,0,0,3,98.7
3913132,112522.0,Missy Goodwin,Leicester City WFC,0,0,0,0,0.0,0.0,2,2,0,0,0,0,1,4,0,0,3,10.6
3913132,132033.0,Courtney Jade Nevin,Leicester City WFC,0,0,0,0,0.0,0.0,23,18,0,0,0,2,0,8,0,1,3,46.1
3913132,135753.0,Samantha Tierney,Leicester City WFC,0,0,0,0,0.0,0.0,33,23,0,0,2,0,0,21,2,0,1,98.7
3913132,135759.0,Shannon O’Brien,Leicester City WFC,0,0,0,0,0.0,0.0,9,7,0,0,0,1,0,50,1,0,3,67.8
3913132,221888.0,Kerstin Yasmijn Casparij,Manchester City WFC,0,0,0,0,0.0,0.0,81,75,0,1,5,5,1,14,3,1,5,98.7
3913132,224822.0,Jutta Rantala,Leicester City WFC,0,0,1,0,0.08594403,0.08594403,23,18,0,0,2,1,2,22,5,0,6,88.1
3913132,225180.0,Emilia Pelgander,Leicester City WFC,0,0,0,0,0.0,0.0,5,4,0,0,0,0,0,3,1,0,1,10.4
3913132,241634.0,Remy Siemsen,Leicester City WFC,0,0,0,0,0.0,0.0,9,6,0,0,1,0,1,23,0,0,0,52.5
3913133,4636.0,Maria Thorisdottir,Brighton & Hove Albion WFC,0,0,0,0,0.0,0.0,49,44,0,1,5,0,0,3,0,2,4,84.9
3913133,4654.0,Nikita Parris,Manchester United W,2,2,3,0,0.45977872200000003,0.45977872200000003,18,15,0,1,1,0,1,13,1,1,3,82.4
3913133,10158.0,María Victoria Losada Gómez,Brighton & Hove Albion WFC,0,0,0,0,0.0,0.0,34,26,0,1,1,1,1,18,3,0,9,77.2
3913133,10167.0,Tatiana Vanessa Ferreira Pinto,Brighton & Hove Albion WFC,0,0,0,0,0.0,0.0,9,6,0,0,2,0,0,14,0,0,1,31.7
3913133,16376.0,Sophie Baggaley,Brighton & Hove Albion WFC,0,0,0,0,0.0,0.0,34,31,0,0,4,0,0,0,0,0,3,99.5
3913133,16381.0,Gemma Evans,Manchester United W,0,0,0,0,0.0,0.0,29,21,0,0,4,0,0,13,1,1,1,66.7
3913133,17274.0,Poppy Pattinson,Brighton & Hove Albion WFC,0,0,0,0,0.0,0.0,57,38,0,1,5,1,0,19,4,0,2,78.1
3913133,17275.0,Hannah Jayne Blundell,Manchester United W,0,0,0,0,0.0,0.0,93,75,0,0,7,0,0,12,2,3,4,99.5
3913133,21059.0,Katie Robinson,Brighton & Hove Albion WFC,0,0,0,0,0.0,0.0,22,17,0,0,2,2,0,12,1,0,7,99.5
3913133,22337.0,Maya Le Tissier,Manchester United W,0,0,0,0,0.0,0.0,87,75,0,0,15,2,0,9,1,0,5,99.5
3913133,25453.0,Geum-Min Lee,Brighton & Hove Albion WFC,0,0,0,0,0.0,0.0,22,15,0,1,1,1,0,17,0,0,3,67.8
3913133,25513.0,Lucía García Córdoba,Manchester United W,0,0,1,0,0.091622494,0.091622494,11,8,0,0,1,0,2,28,2,0,7,61.8
3913133,25543.0,Geyse da Silva Ferreira,Manchester United W,0,0,2,0,0.081637882,0.081637882,20,14,2,1,2,10,2,30,5,0,7,83.2
3913133,25785.0,Jayde Yuk Fun Riviere,Manchester United W,0,0,0,0,0.0,0.0,17,13,0,0,0,1,0,7,1,0,1,30.4
3913133,26094.0,Julia Zigiotti-Olme,Brighton & Hove Albion WFC,0,0,2,0,0.14990486,0.14990486,45,33,0,0,4,1,1,35,6,1,4,99.5
3913133,31534.0,Ella Toone,Manchester United W,0,0,2,0,0.194148247,0.194148247,28,21,0,1,3,2,0,20,1,1,5,82.2
3913133,31536.0,Millie Turner,Manchester United W,0,0,0,0,0.0,0.0,64,59,0,0,6,1,0,11,2,1,3,99.5
3913133,31538.0,Mary Alexandra Earps,Manchester United W,0,0,0,0,0.0,0.0,32,27,0,0,5,1,0,0,0,0,4,99.5
3913133,31539.0,Leah Galton,Manchester United W,0,0,0,0,0.0,0.0,8,4,0,0,1,1,0,12,0,0,1,37.7
3913133,31540.0,Katie Zelem,Manchester United W,0,0,1,0,0.040028755,0.040028755,68,53,0,3,5,0,0,24,6,1,7,99.5
3913133,31563.0,Rachel Williams,Manchester United W,0,0,0,0,0.0,0.0,4,2,0,0,0,1,0,5,0,0,3,17.1
3913133,31614.0,Melvine Malard,Manchester United W,0,0,1,0,0.062321674,0.062321674,7,7,0,0,0,0,0,8,1,0,0,16.3
3913133,34500.0,Emma Nanny Charlotte Kullberg,Brighton & Hove Albion WFC,0,0,0,0,0.0,0.0,48,36,0,0,4,1,0,22,4,3,4,99.5
3913133,50150.0,Irene Guerrero Sanmartín,Manchester United W,0,0,1,0,0.030102633,0.030102633,7,4,0,0,0,0,0,7,0,0,2,17.4
3913133,85004.0,Maisie Symonds,Brighton & Hove Albion WFC,0,0,0,0,0.0,0.0,11,9,0,0,2,0,0,10,0,0,1,21.3
3913133,105102.0,Veatriki Sarri,Brighton & Hove Albion WFC,0,0,0,0,0.0,0.0,33,25,0,0,3,0,1,25,2,2,8,84.7
3913133,131575.0,Mengwen Li,Brighton & Hove Albion WFC,0,0,0,0,0.0,0.0,11,7,0,0,1,0,0,4,0,0,1,21.4
3913133,276301.0,Elisabeth Terland,Brighton & Hove Albion WFC,0,0,2,0,0.1777754,0.1777754,15,10,0,0,3,2,0,21,2,1,3,99.5
3913133,276304.0,Guro Bergsvand,Brighton & Hove Albion WFC,0,0,0,0,0.0,0.0,54,46,0,0,5,3,1,4,0,0,8,99.5
3913133,386105.0,Lisa Fjeldstad Naalsund,Manchester United W,0,0,1,0,0.03409257,0.03409257,41,32,0,1,5,4,0,44,5,3,9,99.5
3913133,388473.0,Jorelyn Andrea Daniela Carabalí Martínez,Brighton & Hove Albion WFC,0,0,0,0,0.0,0.0,16,13,0,0,1,0,0,2,0,2,1,14.6
3913133,422963.0,Lily Dent,Brighton & Hove Albion WFC,0,0,0,0,0.0,0.0,4,3,0,0,0,0,0,10,0,0,1,14.8
3913134,4641.0,Francesca Kirby,Chelsea FCW,0,0,0,0,0.0,0.0,12,8,0,0,1,2,0,6,0,1,2,30.3
3913134,4660.0,Erin Cuthbert,Chelsea FCW,1,1,2,0,0.18736924200000002,0.18736924200000002,71,57,0,4,9,1,2,33,2,2,17,92.8
3913134,10225.0,Aurora Galli,Everton LFC,0,0,2,0,0.530867224,0.530867224,38,25,0,0,2,2,0,27,0,3,3,101.2
3913134,10514.0,Guro Reiten,Chelsea FCW,2,0,4,2,1.82810889,0.26110889,24,8,0,1,1,1,1,13,0,1,2,82.3
3913134,15290.0,Ashley Elizabeth Marie Lawrence,Chelsea FCW,0,0,0,0,0.0,0.0,57,47,0,0,4,4,2,21,1,0,2,101.2
3913134,15631.0,Niamh Charles,Chelsea FCW,0,0,1,0,0.053349853,0.053349853,67,61,0,0,8,0,1,18,3,2,7,101.2
3913134,15648.0,Melanie Leupolz,Chelsea FCW,0,0,2,0,0.072294196,0.072294196,62,49,0,0,3,1,3,28,5,3,12,101.2
3913134,16382.0,Heather Payne,Everton LFC,0,0,0,0,0.0,0.0,30,23,0,0,2,4,1,45,1,0,9,84.8
3913134,16386.0,Lucy Hope,Everton LFC,0,0,0,0,0.0,0.0,18,14,0,0,3,1,1,2,0,0,3,16.4
3913134,18254.0,Megan Finnigan,Everton LFC,0,0,0,0,0.0,0.0,53,47,0,0,5,1,1,8,0,1,2,101.2
3913134,19422.0,Jessica Carter,Chelsea FCW,0,0,0,0,0.0,0.0,62,57,0,0,4,0,1,10,1,1,7,101.2
3913134,22032.0,Hannah Hampton,Chelsea FCW,0,0,0,0,0.0,0.0,32,26,0,0,10,0,0,0,0,0,4,101.2
3913134,26093.0,Gun Nathalie Björn,Chelsea FCW,0,0,0,0,0.0,0.0,79,67,0,1,14,2,2,9,1,1,3,101.2
3913134,31531.0,Lauren James,Chelsea FCW,0,0,1,0,0.16453315,0.16453315,17,15,0,1,3,4,0,12,2,0,4,81.6
3913134,31555.0,Courtney Brosnan,Everton LFC,0,0,0,0,0.0,0.0,56,48,0,0,10,2,0,0,0,0,8,101.2
3913134,34499.0,Hanna Ulrika Bennison,Everton LFC,0,0,0,0,0.0,0.0,45,30,0,0,4,3,1,21,0,0,5,101.2
3913134,45737.0,Martina Piemonte,Everton LFC,0,0,0,0,0.0,0.0,28,16,0,0,1,0,1,35,0,0,2,101.2
3913134,46738.0,Emma Bissell,Everton LFC,0,0,0,0,0.0,0.0,3,1,0,0,1,1,0,12,0,0,0,39.9
3913134,47008.0,Sjoeke Nüsken,Chelsea FCW,0,0,0,0,0.0,0.0,8,7,0,0,1,0,0,3,1,1,0,19.6
3913134,53188.0,Mayra Tatiana Ramírez Ramírez,Chelsea FCW,0,0,1,0,0.058872502,0.058872502,23,20,0,2,1,3,1,21,3,0,6,82.0
3913134,62709.0,Jelena Canković,Chelsea FCW,0,0,0,0,0.0,0.0,8,6,0,0,1,1,0,4,0,0,1,8.4
3913134,62710.0,Johanna Rytting-Kaneryd,Chelsea FCW,0,0,1,0,0.23197667,0.23197667,29,19,0,0,1,2,0,15,4,2,6,70.9
3913134,63308.0,Justine Vanhaevermaet,Everton LFC,0,0,1,0,0.026364617,0.026364617,49,42,0,0,9,2,0,11,3,0,3,101.2
3913134,81580.0,Agnes Beever-Jones,Chelsea FCW,0,0,1,0,0.02454066,0.02454066,9,7,0,0,1,1,1,2,0,0,2,18.9
3913134,87191.0,Rikke Marie Madsen,Everton LFC,0,0,0,0,0.0,0.0,23,16,0,1,0,2,0,29,3,1,4,61.3
3913134,224149.0,Elise Isolde Stenevik,Everton LFC,0,0,0,0,0.0,0.0,60,48,0,2,5,2,0,22,2,1,3,101.2
3913134,276443.0,Kathrine Møller Kühl,Everton LFC,0,0,0,0,0.0,0.0,38,33,0,0,3,0,1,36,3,1,4,101.2
3913134,338059.0,Clare Wheeler,Everton LFC,0,0,0,0,0.0,0.0,50,39,0,0,2,0,0,23,5,0,7,83.0
3913134,361311.0,Mia Renee Fishel,Chelsea FCW,0,0,3,0,0.45572352,0.45572352,4,3,1,0,0,0,0,5,0,0,1,19.2
3913134,410042.0,Karoline Olesen,Everton LFC,0,0,0,0,0.0,0.0,8,7,0,0,0,0,0,10,0,0,1,16.4
3913135,4654.0,Nikita Parris,Manchester United W,0,0,3,0,0.120887464,0.120887464,8,8,0,1,0,1,0,29,1,1,3,81.2
3913135,5000.0,Stephanie-Elise Catley,Arsenal WFC,0,0,1,0,0.104665905,0.104665905,29,22,0,0,5,1,0,13,2,0,5,87.2
3913135,5102.0,Sabrina D’Angelo,Arsenal WFC,0,0,0,0,0.0,0.0,38,30,0,0,4,0,0,1,0,0,5,104.3
3913135,10229.0,Emma Stina Blackstenius,Arsenal WFC,0,0,3,0,0.340322444,0.340322444,25,20,0,0,1,2,1,18,2,0,3,70.0
3913135,10405.0,Lia Wälti,Arsenal WFC,0,0,0,0,0.0,0.0,53,43,0,0,8,1,1,15,2,0,7,103.7
3913135,10516.0,Frida Maanum,Arsenal WFC,0,0,0,0,0.0,0.0,10,10,0,0,0,0,0,2,0,0,1,25.8
3913135,11338.0,Caitlin Jade Foord,Arsenal WFC,0,0,0,0,0.0,0.0,8,5,0,0,0,0,0,3,0,0,1,17.2
3913135,15616.0,Kim Little,Arsenal WFC,1,0,1,1,0.7835,0.0,25,22,0,3,1,2,0,22,0,0,2,79.0
3913135,15619.0,Bethany Mead,Arsenal WFC,0,0,6,0,0.469758516,0.469758516,29,18,0,2,5,3,1,21,0,0,6,78.6
3913135,15620.0,Katie McCabe,Arsenal WFC,0,0,3,0,0.22607208900000003,0.22607208900000003,62,46,0,0,12,1,0,10,1,3,7,103.8
3913135,15623.0,Vivianne Miedema,Arsenal WFC,0,0,0,0,0.0,0.0,10,10,0,1,3,0,0,10,0,0,1,25.4
3913135,16381.0,Gemma Evans,Manchester United W,0,0,0,0,0.0,0.0,32,25,0,0,4,0,0,13,2,2,1,49.3
3913135,17275.0,Hannah Jayne Blundell,Manchester United W,0,0,0,0,0.0,0.0,50,41,0,0,5,0,0,22,5,1,2,104.3
3913135,19501.0,Hayley Ladd,Manchester United W,0,0,0,0,0.0,0.0,12,9,0,0,1,0,0,11,2,2,1,31.1
3913135,22337.0,Maya Le Tissier,Manchester United W,0,0,0,0,0.0,0.0,63,53,0,0,10,2,0,16,1,1,6,104.3
3913135,25513.0,Lucía García Córdoba,Manchester United W,1,1,1,0,0.50954044,0.50954044,23,8,0,1,0,3,1,29,6,1,7,104.3
3913135,25543.0,Geyse da Silva Ferreira,Manchester United W,0,0,1,0,0.05754923,0.05754923,6,1,0,0,0,4,1,17,3,1,3,66.1
3913135,31534.0,Ella Toone,Manchester United W,0,0,2,0,0.079165946,0.079165946,31,23,1,1,3,1,0,29,1,2,4,104.3
3913135,31536.0,Millie Turner,Manchester United W,0,0,0,0,0.0,0.0,67,64,0,0,11,2,0,11,1,3,2,104.3
3913135,31538.0,Mary Alexandra Earps,Manchester United W,0,0,0,0,0.0,0.0,35,33,0,0,6,0,0,0,0,0,3,104.3
3913135,31539.0,Leah Galton,Manchester United W,0,0,0,0,0.0,0.0,23,19,0,0,3,0,0,10,1,0,2,55.1
3913135,31540.0,Katie Zelem,Manchester United W,0,0,0,0,0.0,0.0,68,54,0,0,8,1,1,23,5,1,8,104.3
3913135,31563.0,Rachel Williams,Manchester United W,0,0,1,0,0.1306088,0.1306088,3,2,0,0,0,0,0,9,1,0,1,38.2
3913135,31614.0,Melvine Malard,Manchester United W,0,0,0,0,0.0,0.0,6,5,0,0,0,1,0,3,0,0,2,23.1
3913135,32694.0,Laia Codina Panedas,Arsenal WFC,0,0,0,0,0.0,0.0,59,48,0,0,16,3,0,8,0,1,5,104.3
3913135,47521.0,Alessia Russo,Arsenal WFC,0,0,0,0,0.0,0.0,8,6,0,0,0,0,0,10,1,0,1,34.3
3913135,49697.0,Carlotte Wubben-Moy,Arsenal WFC,0,0,0,0,0.0,0.0,70,62,0,0,21,2,0,11,5,1,8,104.3
3913135,62906.0,Cloé Zoé Eyja Lacasse,Arsenal WFC,1,1,2,0,0.80090065,0.80090065,29,21,0,1,3,2,2,24,3,0,7,104.3
3913135,63788.0,Victoria Pelova,Arsenal WFC,0,0,0,0,0.0,0.0,20,15,0,1,2,0,1,10,0,1,3,49.3
3913135,131586.0,Kyra Lillee Cooney-Cross,Arsenal WFC,0,0,0,0,0.0,0.0,21,17,0,0,2,2,0,3,0,0,3,55.1
3913135,386105.0,Lisa Fjeldstad Naalsund,Manchester United W,0,0,1,0,0.033060383,0.033060383,25,21,0,0,2,2,1,31,2,2,2,73.2
3913136,4979.0,Katrina Gorry,West Ham United LFC,0,0,2,0,0.18790978000000003,0.18790978000000003,60,48,0,1,4,2,4,29,3,3,12,105.3
3913136,5074.0,Shelina Laura Zadorsky,West Ham United LFC,0,0,0,0,0.0,0.0,62,50,0,0,13,1,0,6,1,4,10,105.3
3913136,10196.0,Kirsty Smith,West Ham United LFC,0,0,0,0,0.0,0.0,59,47,0,0,9,0,1,24,4,1,1,105.3
3913136,10225.0,Aurora Galli,Everton LFC,1,1,2,0,0.089841064,0.089841064,50,40,1,0,3,2,3,6,3,3,5,105.3
3913136,16382.0,Heather Payne,Everton LFC,0,0,0,0,0.0,0.0,34,23,0,1,2,5,1,33,4,0,7,91.0
3913136,16386.0,Lucy Hope,Everton LFC,0,0,2,0,0.076623865,0.076623865,39,25,0,1,4,2,0,15,0,0,4,62.6
3913136,18254.0,Megan Finnigan,Everton LFC,0,0,0,0,0.0,0.0,66,62,0,0,14,3,0,8,1,0,2,105.3
3913136,25624.0,Risa Shimizu,West Ham United LFC,0,0,0,0,0.0,0.0,67,50,0,0,11,2,1,13,2,0,2,105.3
3913136,25834.0,Viviane Asseyi,West Ham United LFC,0,0,1,0,0.0084996335,0.0084996335,21,17,0,1,1,1,0,41,2,1,0,105.3
3913136,31157.0,Hawa Cissoko,West Ham United LFC,0,0,0,0,0.0,0.0,13,11,0,0,2,1,0,4,2,3,1,47.1
3913136,31555.0,Courtney Brosnan,Everton LFC,0,0,0,0,0.0,0.0,60,57,0,0,7,0,0,0,0,0,4,105.3
3913136,31936.0,Kristie Mewis,West Ham United LFC,0,0,1,0,0.031176236,0.031176236,24,19,0,0,0,0,0,21,0,0,2,58.2
3913136,32227.0,Emma Snerle,West Ham United LFC,0,0,0,0,0.0,0.0,18,10,0,0,1,0,0,14,1,3,2,52.0
3913136,34499.0,Hanna Ulrika Bennison,Everton LFC,0,0,0,0,0.0,0.0,15,11,0,0,0,1,1,18,0,0,4,42.7
3913136,42787.0,Mackenzie Arnold,West Ham United LFC,0,0,0,0,0.0,0.0,40,33,0,0,9,0,0,0,0,0,8,105.3
3913136,45737.0,Martina Piemonte,Everton LFC,1,1,1,0,0.06483556,0.06483556,10,7,1,0,4,0,0,5,0,1,1,29.4
3913136,46459.0,Katja Snoeijs,Everton LFC,0,0,0,0,0.0,0.0,25,21,0,0,2,1,1,19,1,1,3,76.2
3913136,46738.0,Emma Bissell,Everton LFC,0,0,0,0,0.0,0.0,13,7,0,0,1,0,1,7,0,0,1,29.1
3913136,63308.0,Justine Vanhaevermaet,Everton LFC,0,0,1,0,0.2108303,0.2108303,72,57,0,0,12,0,2,5,1,3,3,105.3
3913136,87191.0,Rikke Marie Madsen,Everton LFC,0,0,1,0,0.2507931,0.2507931,19,14,0,0,0,1,0,40,1,0,5,75.0
3913136,131653.0,Honoka Hayashi,West Ham United LFC,0,0,0,0,0.0,0.0,24,22,0,0,2,0,0,21,2,1,1,81.8
3913136,224149.0,Elise Isolde Stenevik,Everton LFC,0,0,0,0,0.0,0.0,63,47,0,1,6,0,2,17,3,0,5,105.3
3913136,224866.0,Anna Marika Bergman Lundin,West Ham United LFC,0,0,0,0,0.0,0.0,11,5,0,0,0,0,0,8,2,0,0,23.5
3913136,276443.0,Kathrine Møller Kühl,Everton LFC,0,0,0,0,0.0,0.0,46,39,0,0,5,1,4,25,4,2,8,90.9
3913136,276907.0,Amber Tysiak,West Ham United LFC,0,0,0,0,0.0,0.0,40,38,0,0,5,0,0,6,1,3,2,105.3
3913136,322322.0,Jessica Ziu,West Ham United LFC,0,0,1,0,0.10426184,0.10426184,24,17,0,2,2,1,1,37,2,1,4,89.4
3913136,338059.0,Clare Wheeler,Everton LFC,0,0,0,0,0.0,0.0,45,33,0,0,4,3,2,40,3,2,9,105.3
3913136,395055.0,Princess Ademiluyi,West Ham United LFC,0,0,0,0,0.0,0.0,1,0,0,0,0,1,0,5,0,0,1,15.8
3913136,401930.0,Riko Ueki,West Ham United LFC,0,0,1,0,0.08542849,0.08542849,17,9,0,0,0,4,2,19,2,0,5,53.3
3913136,410042.0,Karoline Olesen,Everton LFC,0,0,0,0,0.0,0.0,1,1,0,0,0,0,0,2,0,0,1,14.4
3913136,424095.0,Eleanor Dale,Everton LFC,0,0,0,0,0.0,0.0,2,2,0,0,0,1,0,1,0,0,0,14.2
3913137,4636.0,Maria Thorisdottir,Brighton & Hove Albion WFC,0,0,0,0,0.0,0.0,63,54,0,0,10,3,1,2,0,0,5,99.3
3913137,10093.0,Yana Daniëls,Liverpool WFC,0,0,0,0,0.0,0.0,13,8,0,0,1,0,0,4,0,0,2,25.8
3913137,10158.0,María Victoria Losada Gómez,Brighton & Hove Albion WFC,0,0,0,0,0.0,0.0,62,49,0,1,7,5,0,15,7,2,7,99.3
3913137,10167.0,Tatiana Vanessa Ferreira Pinto,Brighton & Hove Albion WFC,0,0,1,0,0.0106713725,0.0106713725,28,23,0,0,3,0,0,21,1,1,3,75.5
3913137,15547.0,Melissa Lawley,Liverpool WFC,0,0,0,0,0.0,0.0,13,11,0,1,1,1,0,38,0,0,5,62.6
3913137,15554.0,Gemma Bonner,Liverpool WFC,0,0,0,0,0.0,0.0,48,37,0,0,6,1,0,12,2,3,5,99.3
3913137,15618.0,Jasmine Matthews,Liverpool WFC,0,0,0,0,0.0,0.0,26,19,0,1,3,0,0,11,1,0,4,73.5
3913137,16376.0,Sophie Baggaley,Brighton & Hove Albion WFC,0,0,0,0,0.0,0.0,46,39,0,0,24,0,0,0,0,0,3,99.3
3913137,17274.0,Poppy Pattinson,Brighton & Hove Albion WFC,0,0,3,0,0.08833062,0.08833062,69,51,0,2,7,0,0,9,2,4,8,98.6
3913137,18146.0,Leanne Kiernan,Liverpool WFC,0,0,0,0,0.0,0.0,6,4,0,1,0,1,0,12,0,1,1,36.7
3913137,19777.0,Niamh Fahey,Liverpool WFC,0,0,0,0,0.0,0.0,30,25,0,0,1,1,0,19,1,3,3,73.5
3913137,20725.0,Pauline Bremer,Brighton & Hove Albion WFC,0,0,1,0,0.041772526,0.041772526,15,9,0,1,1,0,0,0,0,0,1,37.8
3913137,21059.0,Katie Robinson,Brighton & Hove Albion WFC,0,0,0,0,0.0,0.0,18,11,0,0,0,1,0,11,0,0,3,75.5
3913137,24237.0,Missy Bo Kearns,Liverpool WFC,0,0,0,0,0.0,0.0,10,5,0,0,0,0,0,13,1,0,2,36.7
3913137,24706.0,Sophie Roman Haug,Liverpool WFC,0,0,4,0,0.581121086,0.581121086,25,20,0,0,5,0,0,16,2,0,4,99.3
3913137,25453.0,Geum-Min Lee,Brighton & Hove Albion WFC,0,0,0,0,0.0,0.0,12,10,0,0,0,0,0,0,0,0,0,23.8
3913137,26094.0,Julia Zigiotti-Olme,Brighton & Hove Albion WFC,0,0,1,0,0.0218165,0.0218165,54,36,0,0,5,2,0,10,3,0,5,99.3
3913137,32074.0,Jenna Clark,Liverpool WFC,0,0,0,0,0.0,0.0,6,3,0,0,1,0,0,5,0,1,0,25.8
3913137,32222.0,Sofie Lundgaard,Liverpool WFC,0,0,0,0,0.0,0.0,1,1,0,0,0,0,0,5,0,0,1,18.9
3913137,32403.0,Emma Wilhelmina Koivisto,Liverpool WFC,0,0,1,0,0.3575135,0.3575135,45,32,0,0,2,2,2,22,1,4,5,96.5
3913137,33664.0,Rachael Laws,Liverpool WFC,0,0,0,0,0.0,0.0,47,30,0,0,15,0,0,0,0,0,7,99.3
3913137,34232.0,Grace Fisk,Liverpool WFC,0,0,0,0,0.0,0.0,37,31,0,0,6,0,1,6,1,1,3,99.3
3913137,34500.0,Emma Nanny Charlotte Kullberg,Brighton & Hove Albion WFC,0,0,0,0,0.0,0.0,40,32,0,1,5,1,0,8,2,1,1,99.3
3913137,46974.0,Marie Therese Höbinger,Liverpool WFC,0,0,3,0,0.32566952699999996,0.32566952699999996,36,21,0,3,1,0,0,14,1,0,9,62.6
3913137,105102.0,Veatriki Sarri,Brighton & Hove Albion WFC,0,0,1,0,0.043977864,0.043977864,24,15,0,0,0,4,1,12,4,0,4,61.5
3913137,276301.0,Elisabeth Terland,Brighton & Hove Albion WFC,0,0,3,0,0.132126681,0.132126681,18,11,0,1,1,1,1,15,1,0,4,99.3
3913137,276304.0,Guro Bergsvand,Brighton & Hove Albion WFC,0,0,0,0,0.0,0.0,58,47,0,0,8,2,1,7,1,3,2,99.3
3913137,299860.0,Fuka Nagano,Liverpool WFC,0,0,0,0,0.0,0.0,33,23,0,0,4,1,0,21,5,3,3,80.3
3913137,322359.0,Ceri Holland,Liverpool WFC,1,1,1,0,0.23379387,0.23379387,27,19,0,0,0,0,0,31,3,2,5,94.6
3913137,405188.0,Madison Haley,Brighton & Hove Albion WFC,0,0,0,0,0.0,0.0,7,6,0,0,0,1,0,1,0,0,3,23.8
3913138,4641.0,Francesca Kirby,Chelsea FCW,0,0,1,0,0.13680106,0.13680106,23,17,0,2,0,0,1,10,1,1,1,66.7
3913138,4660.0,Erin Cuthbert,Chelsea FCW,0,0,3,0,0.148911665,0.148911665,62,52,0,4,7,1,0,29,3,1,11,103.9
3913138,5078.0,Alanna Stephanie Kennedy,Manchester City WFC,0,0,0,0,0.0,0.0,0,0,0,0,0,0,0,0,0,0,0,10.1
3913138,10163.0,Leila Ouahabi El Ouahabi,Manchester City WFC,0,0,0,0,0.0,0.0,51,45,0,1,3,1,1,18,3,2,3,103.9
3913138,10252.0,Alex Greenwood,Manchester City WFC,0,0,0,0,0.0,0.0,69,60,0,0,6,4,0,8,1,4,3,103.9
3913138,10514.0,Guro Reiten,Chelsea FCW,0,0,1,0,0.009428582,0.009428582,20,12,0,1,0,1,1,4,1,1,2,67.1
3913138,15290.0,Ashley Elizabeth Marie Lawrence,Chelsea FCW,0,0,0,0,0.0,0.0,42,31,0,0,6,4,1,13,1,0,2,76.0
3913138,15555.0,Lauren Hemp,Manchester City WFC,0,0,1,0,0.034097668,0.034097668,16,10,0,1,0,4,1,18,2,1,4,103.9
3913138,15570.0,Chloe Kelly,Manchester City WFC,0,0,2,0,0.200208373,0.200208373,18,13,0,3,0,3,0,22,0,0,1,82.7
3913138,15631.0,Niamh Charles,Chelsea FCW,0,0,1,0,0.052025985,0.052025985,60,48,0,1,6,2,1,8,2,1,6,103.9
3913138,15648.0,Melanie Leupolz,Chelsea FCW,0,0,1,0,0.052930646,0.052930646,54,44,0,1,8,0,0,18,5,1,8,83.2
3913138,19416.0,Laura Coombs,Manchester City WFC,0,0,1,0,0.047692053,0.047692053,18,18,0,0,1,1,0,30,1,0,0,97.8
3913138,19422.0,Jessica Carter,Chelsea FCW,0,0,0,0,0.0,0.0,104,98,0,1,26,4,0,7,2,0,9,103.9
3913138,19498.0,Jessica Park,Manchester City WFC,0,0,1,0,0.06455628,0.06455628,26,20,1,3,1,3,1,29,1,0,6,93.8
3913138,22032.0,Hannah Hampton,Chelsea FCW,0,0,0,0,0.0,0.0,45,40,0,0,15,0,0,0,0,0,4,103.9
3913138,25554.0,Khadija Monifa Shaw,Manchester City WFC,1,1,4,0,0.9273742039999999,0.9273742039999999,15,7,0,1,0,2,3,15,0,0,2,103.2
3913138,25632.0,Yui Hasegawa,Manchester City WFC,0,0,0,0,0.0,0.0,33,30,0,1,3,0,1,17,2,4,7,103.9
3913138,26093.0,Gun Nathalie Björn,Chelsea FCW,0,0,1,0,0.05060203,0.05060203,72,62,0,0,10,2,0,6,0,1,4,103.9
3913138,31531.0,Lauren James,Chelsea FCW,0,0,3,0,0.07308131600000001,0.07308131600000001,26,20,0,0,3,5,0,10,1,0,1,103.9
3913138,32210.0,Laia Aleixandri López,Manchester City WFC,0,0,2,0,0.131694932,0.131694932,45,41,0,0,3,4,1,16,1,2,2,93.8
3913138,35693.0,Mary Boio Fowler,Manchester City WFC,0,0,0,0,0.0,0.0,0,0,0,0,0,0,0,4,0,0,0,10.1
3913138,47008.0,Sjoeke Nüsken,Chelsea FCW,0,0,3,0,0.7087218200000001,0.7087218200000001,7,3,0,0,0,0,0,2,0,0,1,27.9
3913138,53188.0,Mayra Tatiana Ramírez Ramírez,Chelsea FCW,0,0,1,0,0.07523757,0.07523757,15,9,0,0,0,3,1,31,1,0,3,103.9
3913138,62666.0,Ingrid Filippa Angeldal,Manchester City WFC,0,0,0,0,0.0,0.0,0,0,0,0,0,0,0,5,0,0,0,21.2
3913138,62709.0,Jelena Canković,Chelsea FCW,0,0,1,0,0.07850557,0.07850557,15,14,0,1,6,1,0,2,0,0,1,20.6
3913138,62710.0,Johanna Rytting-Kaneryd,Chelsea FCW,0,0,0,0,0.0,0.0,23,17,0,1,2,3,0,4,1,0,1,37.2
3913138,81580.0,Agnes Beever-Jones,Chelsea FCW,0,0,1,0,0.07912111,0.07912111,8,7,0,0,0,0,0,4,0,0,2,36.8
3913138,92248.0,Khiara Keating,Manchester City WFC,0,0,0,0,0.0,0.0,54,33,0,0,13,1,0,0,0,0,8,103.9
3913138,221888.0,Kerstin Yasmijn Casparij,Manchester City WFC,0,0,1,0,0.042490266,0.042490266,32,27,0,1,7,1,0,16,3,0,2,103.9
3913139,4984.0,Rachel Corsie,Aston Villa W,0,0,2,0,0.14240309,0.14240309,63,52,0,0,12,0,0,18,0,0,8,100.4
3913139,8297.0,Adriana Kristina Leon,Aston Villa W,1,1,5,0,0.43445270199999997,0.43445270199999997,23,18,0,2,1,3,4,15,0,0,3,100.4
3913139,10192.0,Jordan Nobbs,Aston Villa W,1,1,3,0,0.229020111,0.229020111,46,38,0,0,1,2,0,17,2,1,5,88.5
3913139,10404.0,Noelle Maritz,Aston Villa W,0,0,0,0,0.0,0.0,72,66,0,0,10,5,0,11,0,1,3,100.4
3913139,15421.0,Kenza Dali,Aston Villa W,0,0,0,0,0.0,0.0,17,11,0,1,3,0,0,7,0,0,3,33.3
3913139,15550.0,Bethany England,Tottenham Hotspur Women,0,0,1,0,0.02196201,0.02196201,22,18,0,0,0,0,0,20,0,0,2,78.1
3913139,15559.0,Simone Magill,Aston Villa W,0,0,0,0,0.0,0.0,28,23,1,1,2,2,0,30,3,1,2,88.3
3913139,15571.0,Danielle Turner,Aston Villa W,0,0,0,0,0.0,0.0,2,2,0,0,1,0,0,3,2,0,0,11.2
3913139,15724.0,Mayumi Pacheco,Aston Villa W,0,0,1,0,0.069472015,0.069472015,48,41,1,1,3,0,1,11,1,3,10,89.2
3913139,18153.0,Alisha Lehmann,Aston Villa W,0,0,0,0,0.0,0.0,15,12,0,0,1,0,0,12,2,0,3,67.2
3913139,19500.0,Sarah Emma Mayling,Aston Villa W,0,0,0,0,0.0,0.0,61,54,0,1,5,0,1,17,2,2,4,100.4
3913139,21021.0,Molly Bartrip,Tottenham Hotspur Women,0,0,0,0,0.0,0.0,57,53,0,1,13,2,0,12,3,1,3,100.4
3913139,21023.0,Amanda Nildén,Tottenham Hotspur Women,0,0,1,0,0.009321631,0.009321631,48,37,0,0,11,5,1,6,3,0,7,100.4
3913139,24400.0,Barbara Votíková,Tottenham Hotspur Women,0,0,0,0,0.0,0.0,20,19,0,0,0,0,0,0,0,0,2,100.4
3913139,24461.0,Shuang Wang,Tottenham Hotspur Women,0,0,0,0,0.0,0.0,8,5,0,0,1,1,0,1,0,0,3,23.0
3913139,31532.0,Kirsty Hanson,Aston Villa W,0,0,1,0,0.03947291,0.03947291,33,22,0,2,2,5,2,25,2,2,4,100.4
3913139,31533.0,Amy Turner,Tottenham Hotspur Women,1,1,1,0,0.16580193,0.16580193,52,49,0,0,12,4,0,6,2,3,2,100.4
3913139,31551.0,Kit Graham,Tottenham Hotspur Women,0,0,6,0,0.222791711,0.222791711,63,46,0,1,8,1,3,27,4,1,12,100.4
3913139,31558.0,Martha Thomas,Tottenham Hotspur Women,0,0,3,0,0.518616695,0.518616695,22,15,0,0,1,1,0,14,1,0,2,78.4
3913139,32339.0,Daphne van Domselaar,Aston Villa W,0,0,0,0,0.0,0.0,70,58,0,0,15,0,0,0,0,0,3,100.4
3913139,46533.0,Ramona Petzelberger,Tottenham Hotspur Women,0,0,0,0,0.0,0.0,11,9,0,0,1,0,0,3,1,1,2,22.0
3913139,46740.0,Grace Clinton,Tottenham Hotspur Women,0,0,1,0,0.008846176,0.008846176,47,38,0,0,3,1,1,33,3,2,6,100.4
3913139,61467.0,Jessica Naz,Tottenham Hotspur Women,0,0,1,0,0.124775246,0.124775246,6,1,0,0,0,1,0,7,0,0,1,33.0
3913139,78072.0,Anna Patten,Aston Villa W,0,0,1,0,0.06769582,0.06769582,76,60,0,0,14,2,0,6,0,2,10,100.4
3913139,87194.0,Celin Bizet Ildhusøy,Tottenham Hotspur Women,0,0,0,0,0.0,0.0,23,13,0,0,0,4,3,15,5,0,3,67.5
3913139,132034.0,Charlotte Layne Grant,Tottenham Hotspur Women,0,0,1,0,0.0792129,0.0792129,34,24,0,2,4,2,0,9,0,0,5,77.8
3913139,191850.0,Eveliina Summanen,Tottenham Hotspur Women,0,0,0,0,0.0,0.0,46,34,1,0,4,0,0,9,0,1,4,77.5
3913139,224167.0,Matilda Liv Vinberg,Tottenham Hotspur Women,0,0,0,0,0.0,0.0,5,3,0,1,0,0,0,5,1,0,0,22.4
3913139,225576.0,Miriael Taylor,Aston Villa W,0,0,0,0,0.0,0.0,7,6,0,0,1,1,0,5,0,1,1,11.9
3913139,229194.0,Olga Ahtinen,Tottenham Hotspur Women,0,0,0,0,0.0,0.0,19,13,0,0,4,1,0,6,0,1,0,22.6
3913139,337745.0,Georgia Mullett,Aston Villa W,0,0,0,0,0.0,0.0,3,3,0,0,0,0,0,5,0,0,1,12.1
3913140,4865.0,Josie Green,Leicester City WFC,0,0,0,0,0.0,0.0,68,61,0,1,10,1,3,8,0,1,6,76.0
3913140,10100.0,Janice Cayman,Leicester City WFC,1,1,4,0,0.41583088,0.41583088,53,41,0,0,2,0,0,14,3,1,5,103.9
3913140,10179.0,Lisa Evans,Bristol City WFC,0,0,0,0,0.0,0.0,13,9,0,0,0,0,0,3,0,1,0,31.7
3913140,15716.0,Emily Syme,Bristol City WFC,0,0,0,0,0.0,0.0,2,2,0,0,0,0,0,3,0,0,0,14.2
3913140,15720.0,Sophie Howard,Leicester City WFC,0,0,0,0,0.0,0.0,14,13,0,0,4,1,0,1,0,2,0,27.8
3913140,15788.0,Amalie Grønbak Thestrup,Bristol City WFC,1,1,1,0,0.18752845,0.18752845,17,9,0,0,2,1,0,28,0,0,1,103.9
3913140,16374.0,Aileen Whelan,Leicester City WFC,0,0,4,0,0.703411801,0.703411801,31,23,0,1,0,0,0,15,1,1,3,86.4
3913140,19417.0,Amy Rodgers,Bristol City WFC,0,0,2,0,0.075139925,0.075139925,29,20,0,0,3,0,0,44,4,3,8,103.9
3913140,19499.0,Shania Hayles,Bristol City WFC,0,0,0,0,0.0,0.0,2,2,0,0,0,1,0,4,0,0,0,31.9
3913140,23413.0,Megan Connolly,Bristol City WFC,0,0,1,0,0.065496385,0.065496385,21,13,0,0,3,0,0,18,1,0,7,89.7
3913140,25601.0,Deanne Cynthia Rose,Leicester City WFC,0,0,2,0,0.33316924000000003,0.33316924000000003,11,9,0,2,0,4,2,6,2,0,2,28.0
3913140,25604.0,Saori Takarada,Leicester City WFC,1,1,3,0,0.718409712,0.718409712,66,55,0,1,6,1,0,17,0,0,10,103.9
3913140,25662.0,Catherine Joan Bott,Leicester City WFC,0,0,2,0,0.081486852,0.081486852,97,81,0,2,10,11,0,9,1,1,12,96.2
3913140,26520.0,Yuka Momiki,Leicester City WFC,1,1,1,0,0.010555887,0.010555887,56,45,1,3,6,0,1,9,2,0,4,86.1
3913140,30856.0,Julie Thibaud,Leicester City WFC,0,0,0,0,0.0,0.0,96,86,0,1,18,3,0,10,2,3,11,103.9
3913140,32169.0,Jamie-Lee Napier,Bristol City WFC,0,0,0,0,0.0,0.0,11,6,0,0,1,0,0,24,5,3,3,96.3
3913140,33067.0,Shae Yanez,Bristol City WFC,0,0,0,0,0.0,0.0,31,17,0,0,5,1,0,0,0,0,4,103.9
3913140,42836.0,Ella Powell,Bristol City WFC,0,0,1,0,0.0068207723,0.0068207723,20,5,0,1,3,1,0,10,2,1,6,72.2
3913140,46541.0,Asmita Ale,Leicester City WFC,0,0,0,0,0.0,0.0,5,5,0,0,1,1,0,3,1,0,0,7.6
3913140,46741.0,Naomi Layzell,Bristol City WFC,0,0,0,0,0.0,0.0,22,12,0,0,4,2,0,18,2,1,5,103.5
3913140,63784.0,Lize Kop,Leicester City WFC,0,0,0,0,0.0,0.0,64,58,0,0,12,0,0,0,0,0,2,103.9
3913140,84765.0,Carrie Jones,Bristol City WFC,0,0,0,0,0.0,0.0,15,9,0,0,1,0,0,26,0,0,5,96.5
3913140,135753.0,Samantha Tierney,Leicester City WFC,0,0,3,0,0.638170602,0.638170602,62,47,1,2,5,0,0,15,2,1,5,103.9
3913140,135759.0,Shannon O’Brien,Leicester City WFC,0,0,3,0,0.22967118000000003,0.22967118000000003,27,20,0,0,2,4,2,9,0,0,2,75.8
3913140,185543.0,Ffion Morgan,Bristol City WFC,1,1,1,0,0.07178164,0.07178164,16,6,0,1,1,3,1,16,1,7,6,71.2
3913140,185544.0,Jasmine Bull,Bristol City WFC,0,0,0,0,0.0,0.0,3,2,0,0,1,0,0,1,0,1,1,7.4
3913140,185545.0,Brooke Aspin,Bristol City WFC,0,0,0,0,0.0,0.0,28,18,0,0,7,0,0,10,2,2,2,103.9
3913140,224822.0,Jutta Rantala,Leicester City WFC,1,1,6,0,0.45839834049999995,0.45839834049999995,68,47,1,5,4,5,1,7,2,1,4,103.9
3913140,225180.0,Emilia Pelgander,Leicester City WFC,0,0,0,0,0.0,0.0,10,7,0,0,0,1,0,5,1,0,2,17.8
3913140,337710.0,Cecilie Maag Struck,Bristol City WFC,0,0,0,0,0.0,0.0,24,19,0,0,5,0,0,13,2,0,4,103.9
3913140,345061.0,Mari Ward,Bristol City WFC,0,0,0,0,0.0,0.0,8,5,0,0,1,1,1,3,0,0,0,7.5
3913140,410668.0,Denny Draper,Leicester City WFC,1,1,3,0,0.5207944,0.5207944,2,1,0,0,1,0,0,4,0,0,1,17.4
3913141,4984.0,Rachel Corsie,Aston Villa W,0,0,2,0,0.43306448,0.43306448,68,59,0,2,5,1,0,18,1,1,3,99.7
3913141,10093.0,Yana Daniëls,Liverpool WFC,0,0,0,0,0.0,0.0,7,5,0,0,1,0,0,2,0,1,0,13.6
3913141,10192.0,Jordan Nobbs,Aston Villa W,0,0,2,0,0.15633649600000002,0.15633649600000002,50,39,0,0,4,3,0,13,1,0,4,99.7
3913141,10404.0,Noelle Maritz,Aston Villa W,0,0,0,0,0.0,0.0,62,49,0,0,5,4,1,15,3,1,4,99.7
3913141,15421.0,Kenza Dali,Aston Villa W,0,0,3,0,0.239707148,0.239707148,74,55,0,4,5,6,1,6,0,0,5,99.7
3913141,15547.0,Melissa Lawley,Liverpool WFC,0,0,1,0,0.030159002,0.030159002,11,9,0,2,1,2,0,2,0,0,1,36.8
3913141,15554.0,Gemma Bonner,Liverpool WFC,0,0,1,0,0.11963477,0.11963477,35,29,0,0,10,4,0,5,0,0,2,47.3
3913141,15559.0,Simone Magill,Aston Villa W,0,0,1,0,0.078333795,0.078333795,20,13,0,0,1,2,1,12,2,0,2,62.4
3913141,15571.0,Danielle Turner,Aston Villa W,0,0,0,0,0.0,0.0,20,15,0,1,2,0,0,5,0,1,2,37.3
3913141,15618.0,Jasmine Matthews,Liverpool WFC,0,0,1,0,0.1293745,0.1293745,49,29,1,0,4,1,2,14,1,3,3,99.7
3913141,15724.0,Mayumi Pacheco,Aston Villa W,0,0,0,0,0.0,0.0,66,52,0,0,4,7,0,19,1,2,7,79.7
3913141,18146.0,Leanne Kiernan,Liverpool WFC,0,0,0,0,0.0,0.0,9,6,1,0,0,1,0,9,1,1,4,37.0
3913141,18153.0,Alisha Lehmann,Aston Villa W,0,0,0,0,0.0,0.0,21,13,0,1,1,0,0,10,1,1,3,62.4
3913141,19500.0,Sarah Emma Mayling,Aston Villa W,1,0,1,1,0.7835,0.0,69,53,0,0,5,3,0,18,2,2,4,79.9
3913141,19777.0,Niamh Fahey,Liverpool WFC,0,0,2,0,0.11115559,0.11115559,28,27,0,0,3,0,0,12,3,3,5,99.7
3913141,24237.0,Missy Bo Kearns,Liverpool WFC,0,0,2,0,0.095401776,0.095401776,13,9,0,1,2,1,1,8,0,0,1,28.6
3913141,24706.0,Sophie Roman Haug,Liverpool WFC,1,1,2,0,0.30798733,0.30798733,19,9,0,0,0,0,0,16,0,1,4,62.8
3913141,31527.0,Ebony Salmon,Aston Villa W,0,0,0,0,0.0,0.0,3,2,0,0,1,0,1,4,0,0,2,19.8
3913141,31532.0,Kirsty Hanson,Aston Villa W,0,0,2,0,0.08013221300000001,0.08013221300000001,30,20,0,1,1,12,3,23,7,0,5,99.7
3913141,32074.0,Jenna Clark,Liverpool WFC,0,0,0,0,0.0,0.0,20,16,0,0,5,4,0,10,1,2,1,52.4
3913141,32222.0,Sofie Lundgaard,Liverpool WFC,0,0,0,0,0.0,0.0,29,19,0,1,6,0,2,26,1,3,1,98.8
3913141,32339.0,Daphne van Domselaar,Aston Villa W,0,0,0,0,0.0,0.0,44,36,0,0,16,0,0,0,0,0,0,99.7
3913141,32403.0,Emma Wilhelmina Koivisto,Liverpool WFC,2,2,3,0,0.182902599,0.182902599,41,30,0,2,6,3,0,25,4,1,9,99.4
3913141,33010.0,Freya Gregory,Aston Villa W,0,0,0,0,0.0,0.0,9,6,0,0,1,2,0,6,0,0,2,20.0
3913141,33664.0,Rachael Laws,Liverpool WFC,0,0,0,0,0.0,0.0,54,38,0,0,8,3,0,0,0,0,6,99.7
3913141,34232.0,Grace Fisk,Liverpool WFC,1,1,1,0,0.12544395,0.12544395,57,49,0,0,9,5,0,11,1,4,6,99.7
3913141,46974.0,Marie Therese Höbinger,Liverpool WFC,0,0,0,0,0.0,0.0,42,30,0,1,5,3,0,19,2,2,4,86.1
3913141,78072.0,Anna Patten,Aston Villa W,0,0,1,0,0.044241615,0.044241615,57,46,0,0,12,4,2,4,2,2,6,99.7
3913141,299860.0,Fuka Nagano,Liverpool WFC,0,0,1,0,0.044004455,0.044004455,33,30,0,1,9,0,1,21,0,1,4,71.0
3913141,329372.0,Mia Enderby,Liverpool WFC,0,0,1,0,0.04499459,0.04499459,12,8,0,0,0,1,0,9,0,0,1,62.9
3913141,337745.0,Georgia Mullett,Aston Villa W,0,0,0,0,0.0,0.0,3,3,0,0,0,0,0,14,0,0,0,37.3
3913142,4638.0,Drew Spence,Tottenham Hotspur Women,0,0,0,0,0.0,0.0,16,14,0,0,1,0,0,7,1,0,1,37.4
3913142,4848.0,Ashleigh Neville,Tottenham Hotspur Women,0,0,0,0,0.0,0.0,16,14,0,0,3,1,0,11,5,0,1,60.9
3913142,5000.0,Stephanie-Elise Catley,Arsenal WFC,0,0,1,0,0.054707196,0.054707196,51,41,0,0,5,4,2,5,2,0,3,98.7
3913142,10229.0,Emma Stina Blackstenius,Arsenal WFC,0,0,0,0,0.0,0.0,4,1,0,0,0,0,0,10,0,1,1,25.9
3913142,10237.0,Manuela Zinsberger,Arsenal WFC,0,0,0,0,0.0,0.0,31,31,0,0,7,0,0,0,0,0,4,98.7
3913142,10405.0,Lia Wälti,Arsenal WFC,0,0,0,0,0.0,0.0,63,59,0,0,14,2,2,18,4,2,10,98.7
3913142,10516.0,Frida Maanum,Arsenal WFC,0,0,0,0,0.0,0.0,5,3,0,0,0,0,0,2,0,0,0,14.7
3913142,11338.0,Caitlin Jade Foord,Arsenal WFC,0,0,1,0,0.028462932,0.028462932,32,19,0,0,1,3,4,8,2,2,3,84.0
3913142,15550.0,Bethany England,Tottenham Hotspur Women,0,0,1,0,0.15045792,0.15045792,6,4,0,0,0,0,0,10,0,0,0,29.4
3913142,15616.0,Kim Little,Arsenal WFC,0,0,0,0,0.0,0.0,52,42,0,2,6,0,2,19,1,0,9,98.7
3913142,15619.0,Bethany Mead,Arsenal WFC,0,0,3,0,0.177536664,0.177536664,69,45,1,2,4,2,1,10,2,0,4,98.7
3913142,15620.0,Katie McCabe,Arsenal WFC,0,0,4,0,0.23438747999999998,0.23438747999999998,80,68,0,1,15,1,1,14,4,2,7,98.7
3913142,18158.0,Rebecca Leigh Spencer,Tottenham Hotspur Women,0,0,0,0,0.0,0.0,35,30,0,0,8,0,0,0,0,0,6,98.7
3913142,18999.0,Leah Williamson,Arsenal WFC,0,0,0,0,0.0,0.0,7,6,0,0,3,0,0,0,0,0,0,25.7
3913142,21021.0,Molly Bartrip,Tottenham Hotspur Women,0,0,0,0,0.0,0.0,60,54,0,0,12,0,0,9,4,0,3,98.7
3913142,21023.0,Amanda Nildén,Tottenham Hotspur Women,0,0,0,0,0.0,0.0,51,41,0,1,10,1,1,18,5,1,10,98.7
3913142,31533.0,Amy Turner,Tottenham Hotspur Women,0,0,0,0,0.0,0.0,28,25,0,0,3,1,0,9,1,0,2,98.7
3913142,31551.0,Kit Graham,Tottenham Hotspur Women,0,0,1,0,0.0723924,0.0723924,19,11,0,0,3,0,2,10,0,0,4,61.0
3913142,31558.0,Martha Thomas,Tottenham Hotspur Women,0,0,1,0,0.074713886,0.074713886,9,8,0,0,0,0,1,11,0,1,2,69.3
3913142,32694.0,Laia Codina Panedas,Arsenal WFC,0,0,0,0,0.0,0.0,56,51,0,0,15,4,0,12,0,0,2,73.0
3913142,46533.0,Ramona Petzelberger,Tottenham Hotspur Women,0,0,1,0,0.044027038,0.044027038,16,11,0,0,0,0,0,5,0,0,2,37.8
3913142,46740.0,Grace Clinton,Tottenham Hotspur Women,0,0,1,0,0.01563195,0.01563195,44,37,0,1,5,4,0,31,5,0,12,98.7
3913142,47521.0,Alessia Russo,Arsenal WFC,1,1,5,0,1.4145826549999998,1.4145826549999998,14,13,0,0,2,0,1,6,0,0,5,72.8
3913142,49697.0,Carlotte Wubben-Moy,Arsenal WFC,0,0,0,0,0.0,0.0,84,77,0,0,15,1,0,9,1,1,8,98.7
3913142,61467.0,Jessica Naz,Tottenham Hotspur Women,0,0,1,0,0.04424605,0.04424605,7,5,0,0,0,1,3,12,0,0,2,61.3
3913142,63788.0,Victoria Pelova,Arsenal WFC,0,0,0,0,0.0,0.0,36,32,0,1,4,2,0,15,2,0,6,73.3
3913142,87194.0,Celin Bizet Ildhusøy,Tottenham Hotspur Women,0,0,0,0,0.0,0.0,19,11,0,2,1,3,3,22,4,0,3,77.0
3913142,131586.0,Kyra Lillee Cooney-Cross,Arsenal WFC,0,0,0,0,0.0,0.0,6,5,0,0,0,1,1,8,2,0,0,25.4
3913142,191850.0,Eveliina Summanen,Tottenham Hotspur Women,0,0,0,0,0.0,0.0,57,53,0,0,3,0,0,13,1,0,8,98.7
3913142,224167.0,Matilda Liv Vinberg,Tottenham Hotspur Women,0,0,0,0,0.0,0.0,9,8,0,1,1,2,0,3,0,0,1,21.7
3913142,229194.0,Olga Ahtinen,Tottenham Hotspur Women,0,0,0,0,0.0,0.0,24,20,0,0,5,0,0,11,3,2,2,37.7
3913143,10163.0,Leila Ouahabi El Ouahabi,Manchester City WFC,0,0,1,0,0.1400813,0.1400813,96,83,0,2,6,3,1,16,2,0,9,97.6
3913143,10183.0,Toni Duggan,Everton LFC,0,0,0,0,0.0,0.0,4,3,0,0,0,0,0,0,0,0,1,11.8
3913143,10225.0,Aurora Galli,Everton LFC,0,0,0,0,0.0,0.0,22,15,0,0,3,2,0,15,3,1,7,70.9
3913143,10252.0,Alex Greenwood,Manchester City WFC,0,0,0,0,0.0,0.0,134,122,0,2,13,2,0,8,3,1,6,97.6
3913143,15555.0,Lauren Hemp,Manchester City WFC,1,1,4,0,0.39179044599999996,0.39179044599999996,60,47,0,4,4,8,4,16,5,0,6,97.6
3913143,15570.0,Chloe Kelly,Manchester City WFC,0,0,4,0,0.172596056,0.172596056,43,27,0,1,2,1,1,17,0,0,4,81.8
3913143,16382.0,Heather Payne,Everton LFC,0,0,0,0,0.0,0.0,12,10,0,1,0,4,1,50,3,0,4,85.7
3913143,16386.0,Lucy Hope,Everton LFC,0,0,0,0,0.0,0.0,42,34,0,0,7,4,0,12,4,2,1,97.1
3913143,19416.0,Laura Coombs,Manchester City WFC,0,0,3,0,0.26714943,0.26714943,36,32,1,2,3,1,2,26,3,0,2,97.6
3913143,19498.0,Jessica Park,Manchester City WFC,0,0,0,0,0.0,0.0,63,56,0,1,4,3,2,23,1,0,12,97.6
3913143,25554.0,Khadija Monifa Shaw,Manchester City WFC,1,1,6,0,1.1670015,1.1670015,17,15,0,4,0,2,1,16,1,2,7,97.6
3913143,25632.0,Yui Hasegawa,Manchester City WFC,0,0,2,0,0.054249952,0.054249952,62,59,0,0,5,0,1,22,0,3,10,97.6
3913143,31555.0,Courtney Brosnan,Everton LFC,0,0,0,0,0.0,0.0,34,27,0,0,8,0,0,1,0,0,5,97.6
3913143,32210.0,Laia Aleixandri López,Manchester City WFC,0,0,0,0,0.0,0.0,105,100,0,0,18,1,2,9,1,1,2,97.6
3913143,34499.0,Hanna Ulrika Bennison,Everton LFC,1,1,1,0,0.031185534,0.031185534,37,26,0,0,3,1,0,18,4,2,2,97.6
3913143,35693.0,Mary Boio Fowler,Manchester City WFC,0,0,1,0,0.17080471,0.17080471,4,3,0,0,0,2,1,9,2,0,0,15.8
3913143,45737.0,Martina Piemonte,Everton LFC,0,0,2,0,0.386433222,0.386433222,13,10,0,0,0,0,0,12,0,0,3,49.5
3913143,46459.0,Katja Snoeijs,Everton LFC,0,0,1,0,0.20570603,0.20570603,11,8,0,0,0,1,0,41,7,0,0,97.6
3913143,46738.0,Emma Bissell,Everton LFC,0,0,0,0,0.0,0.0,7,5,0,0,1,0,0,9,2,0,1,26.7
3913143,63308.0,Justine Vanhaevermaet,Everton LFC,0,0,0,0,0.0,0.0,27,19,0,0,0,0,0,13,2,0,0,97.3
3913143,87191.0,Rikke Marie Madsen,Everton LFC,0,0,1,0,0.16556562,0.16556562,10,6,0,0,0,0,0,18,0,3,2,48.1
3913143,92248.0,Khiara Keating,Manchester City WFC,0,0,0,0,0.0,0.0,64,55,0,0,16,0,0,0,0,0,2,97.6
3913143,221888.0,Kerstin Yasmijn Casparij,Manchester City WFC,0,0,1,0,0.09163025,0.09163025,68,62,0,1,6,2,0,16,1,0,4,97.6
3913143,224149.0,Elise Isolde Stenevik,Everton LFC,0,0,0,0,0.0,0.0,34,26,0,0,4,1,2,14,1,0,4,94.7
3913143,276443.0,Kathrine Møller Kühl,Everton LFC,0,0,0,0,0.0,0.0,29,21,1,0,2,0,2,31,0,2,7,97.6
3913143,338059.0,Clare Wheeler,Everton LFC,0,0,0,0,0.0,0.0,34,27,0,0,3,1,2,41,3,2,5,97.6
3913143,423420.0,Isabella Hobson,Everton LFC,0,0,0,0,0.0,0.0,1,0,0,0,0,0,0,0,0,0,0,2.9
3913144,4654.0,Nikita Parris,Manchester United W,0,0,3,0,0.37298409,0.37298409,27,17,0,0,0,3,2,26,4,1,6,100.2
3913144,4979.0,Katrina Gorry,West Ham United LFC,0,0,3,0,0.11510124,0.11510124,43,24,0,1,5,0,1,26,0,2,11,95.4
3913144,10196.0,Kirsty Smith,West Ham United LFC,0,0,0,0,0.0,0.0,46,34,0,2,10,4,4,18,2,2,8,100.2
3913144,16381.0,Gemma Evans,Manchester United W,0,0,0,0,0.0,0.0,25,22,0,1,2,0,1,5,1,0,3,39.6
3913144,17275.0,Hannah Jayne Blundell,Manchester United W,0,0,0,0,0.0,0.0,58,51,0,1,6,0,0,19,3,2,2,100.2
3913144,19501.0,Hayley Ladd,Manchester United W,0,0,0,0,0.0,0.0,24,13,0,0,1,0,0,12,2,0,1,60.4
3913144,22337.0,Maya Le Tissier,Manchester United W,0,0,2,0,0.117700976,0.117700976,73,58,0,2,15,1,2,16,3,0,7,99.0
3913144,25513.0,Lucía García Córdoba,Manchester United W,0,0,2,0,0.23794338999999998,0.23794338999999998,10,7,0,0,0,3,3,8,0,0,3,40.1
3913144,25624.0,Risa Shimizu,West Ham United LFC,0,0,0,0,0.0,0.0,47,36,0,0,13,0,0,6,1,1,2,100.2
3913144,25834.0,Viviane Asseyi,West Ham United LFC,1,1,7,0,0.324394474,0.324394474,23,16,0,2,3,1,1,25,0,0,5,100.2
3913144,31157.0,Hawa Cissoko,West Ham United LFC,0,0,0,0,0.0,0.0,37,33,0,0,8,2,0,11,0,0,4,100.2
3913144,31534.0,Ella Toone,Manchester United W,0,0,1,0,0.030991344,0.030991344,55,45,0,0,4,4,0,21,3,1,4,100.2
3913144,31536.0,Millie Turner,Manchester United W,0,0,2,0,0.23888813700000003,0.23888813700000003,53,50,0,1,9,0,1,6,2,4,4,60.6
3913144,31538.0,Mary Alexandra Earps,Manchester United W,0,0,0,0,0.0,0.0,54,45,0,0,10,0,0,0,0,0,3,100.2
3913144,31539.0,Leah Galton,Manchester United W,0,0,0,0,0.0,0.0,60,48,0,0,6,5,0,15,3,0,6,100.2
3913144,31540.0,Katie Zelem,Manchester United W,0,0,1,0,0.019644206,0.019644206,87,65,0,6,8,1,2,21,4,3,8,100.2
3913144,31563.0,Rachel Williams,Manchester United W,1,1,6,0,1.2390816889999998,1.2390816889999998,20,18,0,2,0,1,0,31,1,0,7,100.2
3913144,31614.0,Melvine Malard,Manchester United W,0,0,0,0,0.0,0.0,24,22,0,0,0,1,2,7,0,4,4,60.1
3913144,32227.0,Emma Snerle,West Ham United LFC,0,0,0,0,0.0,0.0,13,13,1,1,2,0,0,6,1,2,2,41.5
3913144,42787.0,Mackenzie Arnold,West Ham United LFC,0,0,0,0,0.0,0.0,56,36,0,0,22,0,1,0,0,0,9,100.2
3913144,50193.0,Anouk Denton,West Ham United LFC,0,0,0,0,0.0,0.0,33,21,0,1,4,1,0,26,2,2,0,73.2
3913144,131653.0,Honoka Hayashi,West Ham United LFC,0,0,1,0,0.09448572,0.09448572,39,31,0,0,6,0,0,25,1,2,7,100.2
3913144,224866.0,Anna Marika Bergman Lundin,West Ham United LFC,0,0,0,0,0.0,0.0,1,0,0,0,0,0,0,1,0,0,1,4.8
3913144,276907.0,Amber Tysiak,West Ham United LFC,0,0,1,0,0.01872653,0.01872653,30,23,0,1,4,0,0,12,0,0,5,100.2
3913144,322322.0,Jessica Ziu,West Ham United LFC,0,0,0,0,0.0,0.0,25,15,0,1,2,1,0,32,2,0,3,58.7
3913144,370018.0,Shannon Cooke,West Ham United LFC,0,0,0,0,0.0,0.0,5,4,0,0,1,1,0,3,0,0,0,26.9
3913144,386105.0,Lisa Fjeldstad Naalsund,Manchester United W,0,0,0,0,0.0,0.0,18,12,0,1,3,5,0,11,1,0,5,39.8
3913144,401930.0,Riko Ueki,West Ham United LFC,0,0,3,0,0.28982077700000003,0.28982077700000003,27,18,0,0,2,1,0,51,1,0,2,100.2
3913145,4641.0,Francesca Kirby,Chelsea FCW,0,0,0,0,0.0,0.0,8,6,0,0,0,0,0,10,1,1,0,23.8
3913145,4660.0,Erin Cuthbert,Chelsea FCW,0,0,0,0,0.0,0.0,13,10,0,0,0,0,0,19,0,1,0,48.2
3913145,4865.0,Josie Green,Leicester City WFC,0,0,0,0,0.0,0.0,36,30,0,0,6,1,0,8,3,1,6,55.6
3913145,10100.0,Janice Cayman,Leicester City WFC,0,0,0,0,0.0,0.0,33,28,0,0,2,2,0,13,2,2,2,68.6
3913145,10260.0,Lena Petermann,Leicester City WFC,0,0,0,0,0.0,0.0,6,4,0,0,0,1,0,14,0,0,2,30.7
3913145,10418.0,Eve Perisset,Chelsea FCW,0,0,0,0,0.0,0.0,85,73,0,3,19,1,0,16,3,2,7,99.0
3913145,10514.0,Guro Reiten,Chelsea FCW,0,0,3,0,0.135323594,0.135323594,23,14,0,2,1,1,1,17,0,3,4,75.6
3913145,15549.0,Sophie Louise Ingle,Chelsea FCW,0,0,1,0,0.062742755,0.062742755,30,22,0,1,5,1,0,11,1,0,4,50.8
3913145,15631.0,Niamh Charles,Chelsea FCW,0,0,1,0,0.040670555,0.040670555,47,40,0,2,5,4,1,17,1,3,5,99.0
3913145,15720.0,Sophie Howard,Leicester City WFC,0,0,0,0,0.0,0.0,25,24,0,0,3,1,0,11,4,0,1,41.8
3913145,16374.0,Aileen Whelan,Leicester City WFC,0,0,1,0,0.07226228,0.07226228,12,9,0,1,1,0,0,13,0,0,1,68.3
3913145,19422.0,Jessica Carter,Chelsea FCW,0,0,0,0,0.0,0.0,76,73,0,0,13,5,1,10,1,1,7,99.0
3913145,22032.0,Hannah Hampton,Chelsea FCW,0,0,0,0,0.0,0.0,44,34,0,0,21,0,0,0,0,0,5,99.0
3913145,25604.0,Saori Takarada,Leicester City WFC,0,0,0,0,0.0,0.0,48,41,0,0,4,1,0,22,0,1,6,99.0
3913145,25662.0,Catherine Joan Bott,Leicester City WFC,0,0,0,0,0.0,0.0,73,58,0,0,6,5,3,21,2,3,10,99.0
3913145,26093.0,Gun Nathalie Björn,Chelsea FCW,1,1,1,0,0.21973425,0.21973425,43,37,0,0,5,0,0,11,0,1,7,99.0
3913145,26520.0,Yuka Momiki,Leicester City WFC,0,0,2,0,0.27780403,0.27780403,37,29,0,0,4,0,1,18,2,1,4,87.1
3913145,30856.0,Julie Thibaud,Leicester City WFC,0,0,0,0,0.0,0.0,64,56,0,0,9,1,2,18,2,1,11,99.0
3913145,47008.0,Sjoeke Nüsken,Chelsea FCW,0,0,3,0,0.265846257,0.265846257,30,24,0,0,4,1,0,17,2,1,6,75.2
3913145,53188.0,Mayra Tatiana Ramírez Ramírez,Chelsea FCW,1,1,4,0,1.12301497,1.12301497,14,12,0,2,1,6,3,24,2,0,1,75.2
3913145,62709.0,Jelena Canković,Chelsea FCW,0,0,3,0,0.296771935,0.296771935,48,38,1,0,5,1,1,28,3,0,4,99.0
3913145,62710.0,Johanna Rytting-Kaneryd,Chelsea FCW,1,1,1,0,0.14655587,0.14655587,41,28,0,3,2,3,2,22,3,0,8,81.5
3913145,63784.0,Lize Kop,Leicester City WFC,0,0,0,0,0.0,0.0,62,55,0,0,22,1,0,0,0,0,3,99.0
3913145,81580.0,Agnes Beever-Jones,Chelsea FCW,0,0,0,0,0.0,0.0,10,9,1,0,1,1,0,16,2,0,0,23.4
3913145,84901.0,Catarina Cantanhede Melônio Macário,Chelsea FCW,1,1,1,0,0.14227818,0.14227818,4,4,0,1,0,0,1,11,0,0,0,23.8
3913145,132033.0,Courtney Jade Nevin,Leicester City WFC,0,0,0,0,0.0,0.0,30,17,0,0,0,5,1,15,0,0,4,99.0
3913145,135753.0,Samantha Tierney,Leicester City WFC,0,0,0,0,0.0,0.0,54,41,0,3,6,0,0,36,1,1,6,99.0
3913145,182500.0,Ava Baker,Leicester City WFC,0,0,0,0,0.0,0.0,5,2,0,0,0,0,1,6,0,1,3,30.4
3913145,224822.0,Jutta Rantala,Leicester City WFC,0,0,2,0,0.140557534,0.140557534,32,23,0,1,3,3,1,18,0,0,3,87.6
3913145,225180.0,Emilia Pelgander,Leicester City WFC,0,0,0,0,0.0,0.0,6,6,0,0,0,0,0,3,0,0,2,11.9
3913145,389365.0,Maika Hamano,Chelsea FCW,0,0,2,0,0.26348875,0.26348875,11,8,0,0,1,0,1,4,2,0,3,17.5
3913145,410668.0,Denny Draper,Leicester City WFC,0,0,0,0,0.0,0.0,0,0,0,0,0,0,0,7,0,0,0,11.4
3913146,4636.0,Maria Thorisdottir,Brighton & Hove Albion WFC,0,0,0,0,0.0,0.0,90,86,1,0,8,2,1,9,0,0,7,104.1
3913146,10158.0,María Victoria Losada Gómez,Brighton & Hove Albion WFC,1,0,1,1,0.7835,0.0,82,70,1,2,6,1,1,22,3,1,9,104.1
3913146,10167.0,Tatiana Vanessa Ferreira Pinto,Brighton & Hove Albion WFC,1,1,2,0,0.29186987,0.29186987,42,37,0,2,2,1,1,30,3,0,4,98.6
3913146,10179.0,Lisa Evans,Bristol City WFC,0,0,1,0,0.3647198,0.3647198,19,15,0,2,4,2,1,12,0,1,2,63.7
3913146,15716.0,Emily Syme,Bristol City WFC,0,0,1,0,0.016696637,0.016696637,20,16,0,0,2,0,0,17,1,1,3,64.1
3913146,15788.0,Amalie Grønbak Thestrup,Bristol City WFC,1,1,4,0,0.450922274,0.450922274,23,15,0,1,0,2,0,26,1,0,5,104.1
3913146,16376.0,Sophie Baggaley,Brighton & Hove Albion WFC,0,0,0,0,0.0,0.0,36,32,0,0,4,1,0,0,0,0,5,104.1
3913146,19417.0,Amy Rodgers,Bristol City WFC,0,0,1,0,0.032664537,0.032664537,43,36,0,1,5,0,0,49,4,3,13,96.7
3913146,19499.0,Shania Hayles,Bristol City WFC,0,0,0,0,0.0,0.0,6,4,0,0,0,0,0,1,0,0,2,40.4
3913146,20725.0,Pauline Bremer,Brighton & Hove Albion WFC,1,1,3,0,0.7912413060000001,0.7912413060000001,58,50,1,0,7,3,1,20,5,3,9,104.1
3913146,21059.0,Katie Robinson,Brighton & Hove Albion WFC,1,1,3,0,1.041226215,1.041226215,24,18,0,0,1,6,2,27,3,0,5,97.0
3913146,23413.0,Megan Connolly,Bristol City WFC,1,1,1,0,0.08247288,0.08247288,46,31,0,2,6,1,2,17,1,1,7,104.1
3913146,25453.0,Geum-Min Lee,Brighton & Hove Albion WFC,0,0,0,0,0.0,0.0,12,9,1,0,2,1,0,6,0,1,1,27.5
3913146,26094.0,Julia Zigiotti-Olme,Brighton & Hove Albion WFC,0,0,0,0,0.0,0.0,102,83,0,1,8,2,2,22,2,4,8,104.1
3913146,34500.0,Emma Nanny Charlotte Kullberg,Brighton & Hove Albion WFC,0,0,0,0,0.0,0.0,36,26,0,0,5,0,2,14,0,3,4,68.0
3913146,42836.0,Ella Powell,Bristol City WFC,0,0,2,0,0.13219964,0.13219964,35,16,0,1,2,6,6,16,1,3,6,96.3
3913146,84765.0,Carrie Jones,Bristol City WFC,0,0,4,0,0.341484997,0.341484997,25,17,0,0,0,1,3,36,4,1,6,104.1
3913146,105102.0,Veatriki Sarri,Brighton & Hove Albion WFC,0,0,1,0,0.120975174,0.120975174,27,14,0,2,1,1,2,22,1,2,4,76.6
3913146,131575.0,Mengwen Li,Brighton & Hove Albion WFC,0,0,0,0,0.0,0.0,10,9,0,0,1,1,0,7,2,0,0,36.1
3913146,185543.0,Ffion Morgan,Bristol City WFC,0,0,0,0,0.0,0.0,43,22,1,0,8,4,2,24,2,6,7,104.1
3913146,185544.0,Jasmine Bull,Bristol City WFC,0,0,0,0,0.0,0.0,9,6,0,0,2,0,0,7,1,0,2,40.0
3913146,185545.0,Brooke Aspin,Bristol City WFC,1,1,3,0,0.272509016,0.272509016,32,21,0,0,11,0,0,11,4,4,0,103.7
3913146,276301.0,Elisabeth Terland,Brighton & Hove Albion WFC,2,2,7,0,1.14991882,1.14991882,13,12,0,1,2,0,1,23,0,0,3,76.3
3913146,276304.0,Guro Bergsvand,Brighton & Hove Albion WFC,0,0,1,0,0.17952171,0.17952171,87,80,0,0,5,6,0,7,2,0,6,104.1
3913146,326619.0,Olivia Clarke,Bristol City WFC,0,0,0,0,0.0,0.0,27,24,0,0,8,0,0,0,0,0,0,104.1
3913146,337710.0,Cecilie Maag Struck,Bristol City WFC,0,0,0,0,0.0,0.0,49,42,0,1,7,0,0,4,2,2,6,104.1
3913146,345061.0,Mari Ward,Bristol City WFC,0,0,0,0,0.0,0.0,2,1,0,0,1,1,0,2,1,1,0,7.3
3913146,365118.0,Fearne Slocombe,Bristol City WFC,0,0,0,0,0.0,0.0,3,0,0,0,0,0,0,2,0,0,0,7.7
3913146,405188.0,Madison Haley,Brighton & Hove Albion WFC,1,1,1,0,0.2753208,0.2753208,8,5,0,2,0,0,0,9,1,0,1,27.8
3913146,422963.0,Lily Dent,Brighton & Hove Albion WFC,0,0,0,0,0.0,0.0,2,2,0,0,0,1,0,3,0,0,1,5.5
3913146,425870.0,Olivia Johnson,Brighton & Hove Albion WFC,0,0,0,0,0.0,0.0,2,1,0,0,0,0,0,1,0,0,1,5.8
3913147,4984.0,Rachel Corsie,Aston Villa W,0,0,0,0,0.0,0.0,1,1,0,0,0,0,0,1,0,0,1,7.0
3913147,5058.0,Rachel Daly,Aston Villa W,0,0,0,0,0.0,0.0,38,29,0,0,7,0,1,16,4,2,6,93.0
3913147,8297.0,Adriana Kristina Leon,Aston Villa W,0,0,1,0,0.088323705,0.088323705,25,18,1,0,0,1,2,14,2,0,4,85.3
3913147,10192.0,Jordan Nobbs,Aston Villa W,0,0,0,0,0.0,0.0,68,59,1,1,8,0,0,15,4,0,6,100.3
3913147,10225.0,Aurora Galli,Everton LFC,0,0,1,0,0.010892485,0.010892485,62,47,1,1,5,1,2,27,3,2,2,100.0
3913147,10404.0,Noelle Maritz,Aston Villa W,0,0,0,0,0.0,0.0,56,47,0,0,7,0,1,18,3,0,3,100.3
3913147,15421.0,Kenza Dali,Aston Villa W,1,1,1,0,0.059683524,0.059683524,50,40,0,0,4,3,1,11,0,0,8,85.0
3913147,15559.0,Simone Magill,Aston Villa W,0,0,0,0,0.0,0.0,6,5,0,2,2,1,0,6,1,0,2,28.2
3913147,15571.0,Danielle Turner,Aston Villa W,0,0,1,0,0.059464227,0.059464227,63,53,0,0,6,1,0,14,0,1,5,100.3
3913147,15724.0,Mayumi Pacheco,Aston Villa W,0,0,0,0,0.0,0.0,40,31,0,0,3,1,1,14,1,0,6,72.2
3913147,16386.0,Lucy Hope,Everton LFC,0,0,2,0,0.49635079200000004,0.49635079200000004,19,13,0,1,2,0,0,26,0,1,2,72.2
3913147,18254.0,Megan Finnigan,Everton LFC,0,0,0,0,0.0,0.0,74,67,0,0,9,3,0,10,4,1,1,100.3
3913147,19500.0,Sarah Emma Mayling,Aston Villa W,0,0,0,0,0.0,0.0,54,45,0,2,9,0,0,13,3,0,3,100.3
3913147,31527.0,Ebony Salmon,Aston Villa W,1,1,3,0,0.449002,0.449002,10,7,0,0,1,0,2,10,0,0,3,72.2
3913147,31555.0,Courtney Brosnan,Everton LFC,0,0,0,0,0.0,0.0,37,37,0,0,4,0,0,0,0,0,9,100.3
3913147,33010.0,Freya Gregory,Aston Villa W,0,0,0,0,0.0,0.0,14,11,0,0,1,1,0,8,2,0,0,28.1
3913147,34499.0,Hanna Ulrika Bennison,Everton LFC,0,0,2,0,0.09240100300000001,0.09240100300000001,37,31,0,0,4,3,3,34,4,0,8,100.3
3913147,45737.0,Martina Piemonte,Everton LFC,0,0,2,0,0.093946308,0.093946308,15,9,0,0,0,1,1,35,2,0,2,72.8
3913147,46459.0,Katja Snoeijs,Everton LFC,0,0,1,0,0.032853603,0.032853603,10,7,0,1,0,1,2,44,3,2,4,100.0
3913147,46738.0,Emma Bissell,Everton LFC,0,0,0,0,0.0,0.0,10,5,0,0,0,0,1,6,0,0,1,27.6
3913147,63308.0,Justine Vanhaevermaet,Everton LFC,0,0,0,0,0.0,0.0,60,48,0,0,8,4,0,16,3,0,3,100.3
3913147,78072.0,Anna Patten,Aston Villa W,0,0,0,0,0.0,0.0,71,62,0,0,8,2,1,7,0,0,3,100.3
3913147,131589.0,Anna Jessica Leat,Aston Villa W,0,0,0,0,0.0,0.0,56,47,0,0,20,0,0,0,0,0,7,100.3
3913147,224149.0,Elise Isolde Stenevik,Everton LFC,1,1,2,0,0.11283514,0.11283514,64,48,0,1,11,4,0,17,3,2,4,99.5
3913147,225576.0,Miriael Taylor,Aston Villa W,0,0,1,0,0.044933166,0.044933166,8,5,0,0,0,0,0,2,0,1,2,15.4
3913147,276443.0,Kathrine Møller Kühl,Everton LFC,0,0,0,0,0.0,0.0,29,25,0,2,2,1,3,40,0,0,5,92.5
3913147,337745.0,Georgia Mullett,Aston Villa W,0,0,1,0,0.042753916,0.042753916,3,2,0,0,0,1,1,7,0,0,1,15.1
3913147,338059.0,Clare Wheeler,Everton LFC,0,0,0,0,0.0,0.0,54,45,0,0,2,1,1,19,3,2,9,100.3
3913147,423420.0,Isabella Hobson,Everton LFC,0,0,0,0,0.0,0.0,7,4,0,0,0,1,0,2,1,1,1,7.8
3913147,424095.0,Eleanor Dale,Everton LFC,0,0,0,0,0.0,0.0,3,3,0,0,0,0,0,8,0,0,0,27.6
3913148,4979.0,Katrina Gorry,West Ham United LFC,0,0,0,0,0.0,0.0,41,28,0,1,4,2,2,24,2,2,11,86.3
3913148,5074.0,Shelina Laura Zadorsky,West Ham United LFC,0,0,0,0,0.0,0.0,58,44,0,0,14,1,0,13,0,2,4,108.8
3913148,10093.0,Yana Daniëls,Liverpool WFC,0,0,0,0,0.0,0.0,19,13,0,1,1,2,0,5,1,0,1,31.6
3913148,10196.0,Kirsty Smith,West Ham United LFC,0,0,2,0,0.080734119,0.080734119,37,29,0,0,4,0,0,19,1,0,8,108.8
3913148,10648.0,Shanice van de Sanden,Liverpool WFC,0,0,1,0,0.51749504,0.51749504,9,5,0,0,0,1,0,8,1,0,3,36.1
3913148,15618.0,Jasmine Matthews,Liverpool WFC,0,0,0,0,0.0,0.0,57,44,0,3,1,0,1,18,7,0,8,108.8
3913148,18146.0,Leanne Kiernan,Liverpool WFC,1,1,4,0,1.129060623,1.129060623,17,15,0,0,1,1,0,17,0,1,2,72.7
3913148,19777.0,Niamh Fahey,Liverpool WFC,0,0,1,0,0.083072945,0.083072945,71,60,1,0,11,5,0,11,0,0,6,108.8
3913148,24237.0,Missy Bo Kearns,Liverpool WFC,1,1,3,0,0.24481734300000002,0.24481734300000002,26,19,0,2,3,1,0,16,3,1,5,70.7
3913148,24706.0,Sophie Roman Haug,Liverpool WFC,1,1,1,0,0.20019844,0.20019844,45,25,0,0,2,0,0,10,0,0,2,108.8
3913148,25624.0,Risa Shimizu,West Ham United LFC,0,0,0,0,0.0,0.0,63,50,0,0,7,0,0,17,4,1,0,108.8
3913148,25834.0,Viviane Asseyi,West Ham United LFC,0,0,4,0,0.369041377,0.369041377,20,13,0,1,0,3,0,15,2,1,7,108.8
3913148,31157.0,Hawa Cissoko,West Ham United LFC,0,0,1,0,0.04683459,0.04683459,31,24,0,0,7,4,0,12,0,0,2,68.8
3913148,32074.0,Jenna Clark,Liverpool WFC,0,0,0,0,0.0,0.0,48,38,0,0,7,2,0,12,0,1,5,108.8
3913148,32222.0,Sofie Lundgaard,Liverpool WFC,0,0,0,0,0.0,0.0,17,15,0,0,3,0,0,10,3,0,2,35.2
3913148,32227.0,Emma Snerle,West Ham United LFC,0,0,0,0,0.0,0.0,22,16,0,1,0,0,0,17,1,0,4,69.3
3913148,32403.0,Emma Wilhelmina Koivisto,Liverpool WFC,0,0,0,0,0.0,0.0,44,35,0,0,7,1,1,19,5,3,4,108.8
3913148,33664.0,Rachael Laws,Liverpool WFC,0,0,0,0,0.0,0.0,67,55,0,0,29,1,0,0,0,0,5,108.8
3913148,34232.0,Grace Fisk,Liverpool WFC,0,0,0,0,0.0,0.0,74,57,0,0,9,1,0,6,1,0,5,108.8
3913148,42787.0,Mackenzie Arnold,West Ham United LFC,0,0,0,0,0.0,0.0,50,35,0,0,21,0,0,0,0,0,8,108.8
3913148,46635.0,Emma Harries,West Ham United LFC,0,0,0,0,0.0,0.0,2,1,0,0,0,0,0,1,1,0,1,4.8
3913148,46974.0,Marie Therese Höbinger,Liverpool WFC,0,0,1,0,0.026886132,0.026886132,45,33,0,2,3,0,1,11,3,0,9,77.2
3913148,131653.0,Honoka Hayashi,West Ham United LFC,0,0,0,0,0.0,0.0,32,28,0,1,5,0,0,16,4,0,5,86.0
3913148,224866.0,Anna Marika Bergman Lundin,West Ham United LFC,0,0,0,0,0.0,0.0,10,8,0,0,0,1,0,5,1,0,1,22.8
3913148,276907.0,Amber Tysiak,West Ham United LFC,0,0,0,0,0.0,0.0,43,35,0,0,5,0,0,14,3,1,4,108.8
3913148,322322.0,Jessica Ziu,West Ham United LFC,0,0,0,0,0.0,0.0,20,13,0,1,1,1,1,11,1,0,4,39.5
3913148,322359.0,Ceri Holland,Liverpool WFC,0,0,2,0,0.21215467,0.21215467,46,40,1,0,9,2,1,17,2,1,9,107.7
3913148,370018.0,Shannon Cooke,West Ham United LFC,0,0,0,0,0.0,0.0,25,17,0,0,6,1,0,11,1,0,3,39.4
3913148,395055.0,Princess Ademiluyi,West Ham United LFC,0,0,0,0,0.0,0.0,6,4,0,0,0,0,0,7,1,0,1,22.5
3913148,401930.0,Riko Ueki,West Ham United LFC,1,1,2,0,0.115367264,0.115367264,40,28,0,0,1,0,1,23,2,0,6,103.9
3913149,4638.0,Drew Spence,Tottenham Hotspur Women,0,0,1,0,0.015048925,0.015048925,21,18,0,2,3,0,1,11,2,2,3,51.8
3913149,4848.0,Ashleigh Neville,Tottenham Hotspur Women,0,0,0,0,0.0,0.0,47,39,0,0,7,1,2,19,4,3,10,102.2
3913149,4865.0,Josie Green,Leicester City WFC,0,0,0,0,0.0,0.0,11,7,0,0,0,1,0,3,0,0,2,25.3
3913149,10100.0,Janice Cayman,Leicester City WFC,0,0,1,0,0.0631567,0.0631567,37,24,0,0,4,2,1,33,2,1,5,91.4
3913149,10260.0,Lena Petermann,Leicester City WFC,0,0,2,0,0.20218871500000002,0.20218871500000002,17,12,0,0,0,0,0,23,1,0,5,72.6
3913149,15550.0,Bethany England,Tottenham Hotspur Women,0,0,2,0,0.13651038999999998,0.13651038999999998,12,9,0,0,0,0,1,10,1,0,1,42.0
3913149,15720.0,Sophie Howard,Leicester City WFC,0,0,0,0,0.0,0.0,65,51,0,0,9,1,1,7,1,3,3,102.2
3913149,16374.0,Aileen Whelan,Leicester City WFC,0,0,1,0,0.072169885,0.072169885,23,18,0,0,0,1,0,21,0,0,3,102.2
3913149,18158.0,Rebecca Leigh Spencer,Tottenham Hotspur Women,0,0,0,0,0.0,0.0,45,36,0,0,11,0,0,0,0,0,9,102.2
3913149,21023.0,Amanda Nildén,Tottenham Hotspur Women,0,0,1,0,0.049349826,0.049349826,64,50,0,0,7,5,2,14,1,9,6,102.2
3913149,21048.0,Rosella Ayane,Tottenham Hotspur Women,0,0,1,0,0.39851376,0.39851376,10,4,0,0,0,2,2,18,1,0,6,42.0
3913149,25601.0,Deanne Cynthia Rose,Leicester City WFC,0,0,0,0,0.0,0.0,5,1,0,0,1,0,3,3,2,0,1,29.6
3913149,25604.0,Saori Takarada,Leicester City WFC,0,0,2,0,0.097366329,0.097366329,39,32,0,1,5,1,1,38,9,0,10,102.2
3913149,25662.0,Catherine Joan Bott,Leicester City WFC,0,0,0,0,0.0,0.0,70,50,0,0,8,4,2,24,6,1,9,102.2
3913149,26520.0,Yuka Momiki,Leicester City WFC,0,0,2,0,0.13245342,0.13245342,39,31,0,1,4,3,1,20,1,0,13,77.1
3913149,30856.0,Julie Thibaud,Leicester City WFC,0,0,1,0,0.28726977,0.28726977,53,44,0,1,15,0,1,15,3,1,5,76.9
3913149,31533.0,Amy Turner,Tottenham Hotspur Women,0,0,0,0,0.0,0.0,44,39,0,0,8,1,1,6,1,1,3,102.2
3913149,31551.0,Kit Graham,Tottenham Hotspur Women,0,0,2,0,0.189698758,0.189698758,25,15,0,1,3,3,2,6,0,2,4,50.4
3913149,46533.0,Ramona Petzelberger,Tottenham Hotspur Women,0,0,0,0,0.0,0.0,20,17,0,0,2,0,0,10,1,0,2,29.4
3913149,46740.0,Grace Clinton,Tottenham Hotspur Women,0,0,1,0,0.009126224,0.009126224,25,19,0,1,2,1,2,21,4,0,6,72.9
3913149,46972.0,Luana Bühler,Tottenham Hotspur Women,0,0,0,0,0.0,0.0,47,37,0,0,9,1,0,10,1,1,4,102.2
3913149,61467.0,Jessica Naz,Tottenham Hotspur Women,0,0,0,0,0.0,0.0,33,23,1,2,3,4,4,25,3,1,7,102.2
3913149,63784.0,Lize Kop,Leicester City WFC,0,0,0,0,0.0,0.0,54,44,0,0,11,0,0,0,0,0,4,102.2
3913149,87194.0,Celin Bizet Ildhusøy,Tottenham Hotspur Women,0,0,1,0,0.0846304,0.0846304,19,15,0,0,0,2,1,18,1,1,0,60.2
3913149,132033.0,Courtney Jade Nevin,Leicester City WFC,0,0,0,0,0.0,0.0,4,3,0,0,0,0,0,5,2,1,2,10.9
3913149,135753.0,Samantha Tierney,Leicester City WFC,0,0,0,0,0.0,0.0,48,38,0,2,4,0,0,28,1,0,11,101.9
3913149,191850.0,Eveliina Summanen,Tottenham Hotspur Women,0,0,0,0,0.0,0.0,51,39,0,0,7,2,1,19,2,1,3,85.5
3913149,224167.0,Matilda Liv Vinberg,Tottenham Hotspur Women,1,1,2,0,0.31065942,0.31065942,23,15,0,0,0,2,1,12,0,0,5,60.3
3913149,224822.0,Jutta Rantala,Leicester City WFC,0,0,3,0,0.10901746899999999,0.10901746899999999,37,21,0,2,3,1,0,26,2,1,8,102.2
3913149,225180.0,Emilia Pelgander,Leicester City WFC,0,0,0,0,0.0,0.0,4,4,0,0,1,0,0,9,1,0,2,25.1
3913149,229194.0,Olga Ahtinen,Tottenham Hotspur Women,0,0,0,0,0.0,0.0,5,4,0,0,2,0,0,2,0,0,3,16.2
3913150,4636.0,Maria Thorisdottir,Brighton & Hove Albion WFC,0,0,0,0,0.0,0.0,11,10,0,0,1,1,0,9,1,1,1,98.3
3913150,4649.0,Esme Beth Morgan,Manchester City WFC,0,0,0,0,0.0,0.0,11,11,0,0,2,0,0,0,0,0,1,11.9
3913150,5078.0,Alanna Stephanie Kennedy,Manchester City WFC,0,0,0,0,0.0,0.0,11,10,0,0,0,0,0,2,0,0,1,11.8
3913150,10158.0,María Victoria Losada Gómez,Brighton & Hove Albion WFC,0,0,0,0,0.0,0.0,33,29,0,0,3,0,0,22,2,3,7,65.0
3913150,10163.0,Leila Ouahabi El Ouahabi,Manchester City WFC,0,0,0,0,0.0,0.0,68,63,0,1,4,3,4,10,1,0,5,98.3
3913150,10167.0,Tatiana Vanessa Ferreira Pinto,Brighton & Hove Albion WFC,0,0,0,0,0.0,0.0,14,10,0,0,1,1,0,24,4,1,4,83.1
3913150,10252.0,Alex Greenwood,Manchester City WFC,0,0,2,0,0.1393025,0.1393025,131,116,0,2,16,8,1,7,2,2,7,98.3
3913150,15555.0,Lauren Hemp,Manchester City WFC,1,1,5,0,0.383720943,0.383720943,42,36,1,1,2,4,0,17,2,1,8,82.6
3913150,15570.0,Chloe Kelly,Manchester City WFC,0,0,0,0,0.0,0.0,6,4,0,0,0,1,2,3,1,0,0,15.7
3913150,16376.0,Sophie Baggaley,Brighton & Hove Albion WFC,0,0,0,0,0.0,0.0,28,24,0,0,5,0,0,0,0,0,0,98.3
3913150,19416.0,Laura Coombs,Manchester City WFC,1,1,5,0,0.439207328,0.439207328,36,32,0,1,0,0,2,19,1,0,2,82.6
3913150,19498.0,Jessica Park,Manchester City WFC,0,0,1,0,0.05317242,0.05317242,52,46,1,0,5,4,2,28,1,0,7,98.3
3913150,21059.0,Katie Robinson,Brighton & Hove Albion WFC,0,0,0,0,0.0,0.0,16,9,0,0,1,3,1,30,0,2,5,98.3
3913150,25453.0,Geum-Min Lee,Brighton & Hove Albion WFC,1,1,1,0,0.26634285,0.26634285,14,12,0,0,0,0,0,15,2,0,2,33.5
3913150,25554.0,Khadija Monifa Shaw,Manchester City WFC,1,1,3,0,0.128395301,0.128395301,21,18,0,3,0,2,1,20,3,0,6,98.3
3913150,25632.0,Yui Hasegawa,Manchester City WFC,0,0,0,0,0.0,0.0,69,63,1,3,4,1,1,15,1,1,12,86.5
3913150,26094.0,Julia Zigiotti-Olme,Brighton & Hove Albion WFC,0,0,0,0,0.0,0.0,49,38,0,0,3,2,0,37,0,2,8,98.3
3913150,32210.0,Laia Aleixandri López,Manchester City WFC,0,0,0,0,0.0,0.0,89,82,0,0,12,6,0,6,0,2,7,86.5
3913150,33675.0,Laura Madison Blindkilde Brown,Manchester City WFC,0,0,0,0,0.0,0.0,6,6,0,0,0,0,1,3,1,1,0,15.7
3913150,34500.0,Emma Nanny Charlotte Kullberg,Brighton & Hove Albion WFC,0,0,0,0,0.0,0.0,24,17,0,0,2,0,0,17,1,0,3,98.3
3913150,35693.0,Mary Boio Fowler,Manchester City WFC,1,1,4,0,0.685110272,0.685110272,52,41,1,1,6,2,3,17,3,0,4,98.3
3913150,41812.0,Ruby Mace,Manchester City WFC,0,0,0,0,0.0,0.0,8,8,0,0,0,0,0,2,1,0,0,11.8
3913150,85004.0,Maisie Symonds,Brighton & Hove Albion WFC,0,0,1,0,0.04523709,0.04523709,17,15,0,0,4,0,0,9,1,0,3,33.3
3913150,92248.0,Khiara Keating,Manchester City WFC,0,0,0,0,0.0,0.0,70,61,0,0,13,0,0,0,0,0,2,98.3
3913150,105102.0,Veatriki Sarri,Brighton & Hove Albion WFC,0,0,0,0,0.0,0.0,5,2,1,0,1,1,0,10,1,0,3,15.2
3913150,131575.0,Mengwen Li,Brighton & Hove Albion WFC,0,0,0,0,0.0,0.0,19,16,0,0,0,1,0,7,0,0,1,49.2
3913150,221888.0,Kerstin Yasmijn Casparij,Manchester City WFC,0,0,1,0,0.02512538,0.02512538,66,62,0,0,7,0,0,15,2,0,2,86.5
3913150,276301.0,Elisabeth Terland,Brighton & Hove Albion WFC,0,0,0,0,0.0,0.0,20,14,0,0,3,1,0,43,0,0,4,98.3
3913150,276304.0,Guro Bergsvand,Brighton & Hove Albion WFC,0,0,0,0,0.0,0.0,46,38,0,0,8,3,1,17,6,0,5,98.3
3913150,388473.0,Jorelyn Andrea Daniela Carabalí Martínez,Brighton & Hove Albion WFC,0,0,1,0,0.0065690987,0.0065690987,42,30,0,0,7,0,0,26,1,0,3,86.0
3913150,405188.0,Madison Haley,Brighton & Hove Albion WFC,0,0,0,0,0.0,0.0,16,9,0,0,0,0,0,13,0,0,3,64.8
3913150,422964.0,Grace Lucy McEwan,Brighton & Hove Albion WFC,0,0,0,0,0.0,0.0,1,1,0,0,1,0,0,1,0,0,0,12.4
3913151,4654.0,Nikita Parris,Manchester United W,0,0,1,0,0.13478655,0.13478655,12,9,0,0,0,0,0,3,0,0,0,78.3
3913151,10179.0,Lisa Evans,Bristol City WFC,0,0,0,0,0.0,0.0,8,7,0,0,2,1,0,0,0,0,0,8.8
3913151,15716.0,Emily Syme,Bristol City WFC,0,0,0,0,0.0,0.0,24,18,0,0,3,0,0,9,1,2,6,102.9
3913151,15788.0,Amalie Grønbak Thestrup,Bristol City WFC,0,0,0,0,0.0,0.0,17,13,0,1,0,0,0,37,1,0,1,102.9
3913151,17275.0,Hannah Jayne Blundell,Manchester United W,0,0,0,0,0.0,0.0,85,79,0,1,6,0,1,15,1,3,5,102.9
3913151,19417.0,Amy Rodgers,Bristol City WFC,0,0,0,0,0.0,0.0,33,22,0,0,6,0,0,29,3,3,6,102.9
3913151,19499.0,Shania Hayles,Bristol City WFC,0,0,1,0,0.0853362,0.0853362,8,7,0,0,1,2,1,20,1,0,1,57.0
3913151,22337.0,Maya Le Tissier,Manchester United W,0,0,0,0,0.0,0.0,107,94,0,0,20,5,0,3,1,0,4,102.9
3913151,23412.0,Abigail Harrison,Bristol City WFC,0,0,0,0,0.0,0.0,9,4,0,0,1,0,0,5,0,0,1,35.4
3913151,23413.0,Megan Connolly,Bristol City WFC,0,0,0,0,0.0,0.0,37,27,0,2,7,0,1,5,0,0,4,102.9
3913151,25513.0,Lucía García Córdoba,Manchester United W,0,0,2,0,0.16058331800000003,0.16058331800000003,28,22,1,1,1,3,1,22,2,0,3,102.9
3913151,25543.0,Geyse da Silva Ferreira,Manchester United W,0,0,1,0,0.013332047,0.013332047,6,4,0,0,0,4,0,7,0,0,6,41.6
3913151,25785.0,Jayde Yuk Fun Riviere,Manchester United W,0,0,1,0,0.019816672,0.019816672,66,56,0,0,3,3,1,14,0,0,2,102.4
3913151,31534.0,Ella Toone,Manchester United W,0,0,0,0,0.0,0.0,80,64,0,0,7,1,1,18,2,0,9,102.9
3913151,31536.0,Millie Turner,Manchester United W,0,0,0,0,0.0,0.0,86,77,0,0,10,6,0,11,4,1,4,102.9
3913151,31538.0,Mary Alexandra Earps,Manchester United W,0,0,0,0,0.0,0.0,29,27,0,0,7,0,0,0,0,0,2,102.9
3913151,31540.0,Katie Zelem,Manchester United W,0,0,0,0,0.0,0.0,86,67,1,2,8,0,0,13,4,0,3,102.9
3913151,31563.0,Rachel Williams,Manchester United W,0,0,1,0,0.08063629,0.08063629,5,2,0,0,0,0,0,2,1,0,2,24.6
3913151,31614.0,Melvine Malard,Manchester United W,0,0,0,0,0.0,0.0,14,12,0,1,0,0,0,12,2,1,2,60.4
3913151,32169.0,Jamie-Lee Napier,Bristol City WFC,0,0,0,0,0.0,0.0,30,18,0,0,4,4,1,20,5,2,4,102.1
3913151,33067.0,Shae Yanez,Bristol City WFC,0,0,0,0,0.0,0.0,44,31,0,0,10,0,0,0,0,0,4,102.9
3913151,42836.0,Ella Powell,Bristol City WFC,0,0,0,0,0.0,0.0,33,22,0,0,5,1,2,11,1,0,2,67.5
3913151,185543.0,Ffion Morgan,Bristol City WFC,0,0,0,0,0.0,0.0,18,10,0,0,3,5,0,17,1,3,1,94.1
3913151,185545.0,Brooke Aspin,Bristol City WFC,0,0,2,0,0.103812924,0.103812924,30,23,0,0,1,0,0,8,0,0,0,102.9
3913151,224845.0,Sarah Anne Stratigakis,Bristol City WFC,0,0,0,0,0.0,0.0,8,7,0,0,1,0,0,7,0,2,3,35.6
3913151,337710.0,Cecilie Maag Struck,Bristol City WFC,0,0,0,0,0.0,0.0,22,19,0,0,3,0,0,6,0,1,1,67.3
3913151,345061.0,Mari Ward,Bristol City WFC,0,0,0,0,0.0,0.0,8,6,0,0,0,0,0,12,1,1,1,45.9
3913151,386105.0,Lisa Fjeldstad Naalsund,Manchester United W,2,2,2,0,0.31602797,0.31602797,42,33,0,0,4,3,1,13,2,0,7,102.9
3913152,4660.0,Erin Cuthbert,Chelsea FCW,0,0,1,0,0.02883206,0.02883206,36,30,0,1,3,0,0,26,6,3,9,99.4
3913152,5000.0,Stephanie-Elise Catley,Arsenal WFC,0,0,1,0,0.050590634,0.050590634,17,13,0,0,2,1,0,4,1,0,1,99.4
3913152,10229.0,Emma Stina Blackstenius,Arsenal WFC,0,0,0,0,0.0,0.0,10,6,0,0,1,2,0,6,0,0,2,49.1
3913152,10237.0,Manuela Zinsberger,Arsenal WFC,0,0,0,0,0.0,0.0,32,31,0,0,10,0,0,0,0,0,1,99.4
3913152,10405.0,Lia Wälti,Arsenal WFC,0,0,0,0,0.0,0.0,47,40,0,0,9,0,0,15,4,0,7,77.0
3913152,10418.0,Eve Perisset,Chelsea FCW,0,0,0,0,0.0,0.0,41,35,0,2,4,1,1,14,4,1,4,99.4
3913152,10514.0,Guro Reiten,Chelsea FCW,0,0,1,0,0.085810654,0.085810654,18,11,0,1,1,2,4,17,4,1,5,99.4
3913152,10516.0,Frida Maanum,Arsenal WFC,0,0,2,0,0.13564723,0.13564723,17,13,0,0,0,0,0,6,0,0,0,50.3
3913152,11338.0,Caitlin Jade Foord,Arsenal WFC,0,0,0,0,0.0,0.0,13,9,0,0,0,1,2,9,1,0,2,60.2
3913152,15290.0,Ashley Elizabeth Marie Lawrence,Chelsea FCW,0,0,1,0,0.038635667,0.038635667,15,10,0,1,2,2,2,2,0,0,0,25.6
3913152,15357.0,Kadeisha Buchanan,Chelsea FCW,0,0,0,0,0.0,0.0,55,47,0,0,15,0,0,8,4,1,5,99.4
3913152,15616.0,Kim Little,Arsenal WFC,0,0,2,0,0.10188404100000001,0.10188404100000001,33,27,0,0,3,1,1,21,2,0,8,99.4
3913152,15619.0,Bethany Mead,Arsenal WFC,0,0,1,0,0.06313255,0.06313255,27,20,0,3,2,1,0,14,3,0,5,99.4
3913152,15620.0,Katie McCabe,Arsenal WFC,0,0,1,0,0.023238748,0.023238748,60,43,0,1,7,0,1,11,1,0,7,99.4
3913152,15631.0,Niamh Charles,Chelsea FCW,0,0,0,0,0.0,0.0,49,31,0,1,5,1,0,7,2,0,4,73.8
3913152,15648.0,Melanie Leupolz,Chelsea FCW,0,0,2,0,0.07904792199999999,0.07904792199999999,36,26,0,1,4,1,0,19,1,2,10,99.4
3913152,18999.0,Leah Williamson,Arsenal WFC,0,0,0,0,0.0,0.0,91,79,0,2,24,4,0,9,0,5,6,99.4
3913152,19422.0,Jessica Carter,Chelsea FCW,0,0,0,0,0.0,0.0,35,27,0,1,3,0,0,5,0,0,5,99.4
3913152,22032.0,Hannah Hampton,Chelsea FCW,0,0,0,0,0.0,0.0,52,38,0,0,17,1,0,0,0,0,6,99.4
3913152,31531.0,Lauren James,Chelsea FCW,1,1,7,0,0.712541866,0.712541866,29,23,0,1,6,8,2,10,0,0,1,87.0
3913152,47008.0,Sjoeke Nüsken,Chelsea FCW,2,2,2,0,0.6225777,0.6225777,23,14,1,1,1,1,1,10,1,1,5,99.4
3913152,47521.0,Alessia Russo,Arsenal WFC,0,0,3,0,0.158349246,0.158349246,11,10,0,1,0,0,0,10,1,0,4,50.3
3913152,49697.0,Carlotte Wubben-Moy,Arsenal WFC,0,0,1,0,0.088213034,0.088213034,81,75,0,0,19,2,0,12,1,1,12,99.4
3913152,62710.0,Johanna Rytting-Kaneryd,Chelsea FCW,0,0,4,0,0.91771494,0.91771494,23,19,0,1,1,2,2,8,1,2,8,99.4
3913152,62906.0,Cloé Zoé Eyja Lacasse,Arsenal WFC,0,0,0,0,0.0,0.0,12,9,0,1,2,1,0,10,2,1,3,39.2
3913152,63788.0,Victoria Pelova,Arsenal WFC,0,0,0,0,0.0,0.0,25,17,0,0,1,0,0,2,0,2,5,49.1
3913152,84901.0,Catarina Cantanhede Melônio Macário,Chelsea FCW,0,0,0,0,0.0,0.0,8,6,0,1,1,2,1,1,0,0,0,12.4
3913152,107491.0,Emily Ann Fox,Arsenal WFC,0,0,0,0,0.0,0.0,35,23,0,0,4,2,0,7,2,2,3,50.3
3913152,131586.0,Kyra Lillee Cooney-Cross,Arsenal WFC,0,0,0,0,0.0,0.0,11,10,0,0,0,0,1,0,0,0,4,22.4
3913153,10088.0,Katrine Veje,Everton LFC,0,0,0,0,0.0,0.0,11,9,0,1,4,0,0,4,0,0,2,25.4
3913153,10093.0,Yana Daniëls,Liverpool WFC,0,0,0,0,0.0,0.0,8,5,0,0,2,0,1,9,4,1,1,36.5
3913153,10225.0,Aurora Galli,Everton LFC,0,0,0,0,0.0,0.0,75,64,0,0,6,5,2,14,2,2,9,108.0
3913153,15547.0,Melissa Lawley,Liverpool WFC,0,0,0,0,0.0,0.0,6,5,0,0,0,1,0,5,0,0,2,26.9
3913153,15618.0,Jasmine Matthews,Liverpool WFC,0,0,1,0,0.06723016,0.06723016,39,32,0,0,2,0,1,10,3,1,5,71.4
3913153,16382.0,Heather Payne,Everton LFC,0,0,0,0,0.0,0.0,35,27,0,1,1,5,0,33,4,1,4,108.0
3913153,16386.0,Lucy Hope,Everton LFC,0,0,2,0,0.11978435700000001,0.11978435700000001,52,37,0,0,9,5,1,9,0,1,8,108.0
3913153,18146.0,Leanne Kiernan,Liverpool WFC,0,0,1,0,0.027866134,0.027866134,22,19,0,0,1,4,2,31,1,0,3,66.6
3913153,18254.0,Megan Finnigan,Everton LFC,0,0,1,0,0.07327333,0.07327333,43,35,0,0,8,0,1,4,1,0,1,107.2
3913153,19777.0,Niamh Fahey,Liverpool WFC,0,0,0,0,0.0,0.0,73,63,0,0,17,1,0,18,4,0,7,108.0
3913153,24237.0,Missy Bo Kearns,Liverpool WFC,0,0,1,0,0.14410606,0.14410606,29,18,0,0,4,1,1,17,1,0,5,66.5
3913153,24706.0,Sophie Roman Haug,Liverpool WFC,0,0,5,0,0.37689817999999997,0.37689817999999997,32,17,0,1,3,1,0,21,1,1,3,108.0
3913153,31555.0,Courtney Brosnan,Everton LFC,0,0,0,0,0.0,0.0,50,32,0,0,11,2,0,0,0,0,8,108.0
3913153,32074.0,Jenna Clark,Liverpool WFC,0,0,0,0,0.0,0.0,50,41,0,1,8,1,0,11,3,0,3,108.0
3913153,32230.0,Karen Holmgaard,Everton LFC,0,0,0,0,0.0,0.0,11,6,0,1,1,0,0,6,0,0,1,14.9
3913153,33664.0,Rachael Laws,Liverpool WFC,0,0,0,0,0.0,0.0,44,28,0,0,12,0,0,0,0,0,3,108.0
3913153,34232.0,Grace Fisk,Liverpool WFC,0,0,0,0,0.0,0.0,69,58,0,0,9,3,0,9,2,1,9,108.0
3913153,34499.0,Hanna Ulrika Bennison,Everton LFC,0,0,0,0,0.0,0.0,33,23,0,2,4,2,1,11,0,2,10,93.0
3913153,45737.0,Martina Piemonte,Everton LFC,0,0,1,0,0.04102625,0.04102625,12,6,0,0,2,0,0,5,0,0,0,25.4
3913153,46459.0,Katja Snoeijs,Everton LFC,0,0,2,0,0.21980169500000002,0.21980169500000002,20,13,0,0,2,1,0,19,1,0,7,107.5
3913153,46738.0,Emma Bissell,Everton LFC,0,0,1,0,0.07302587,0.07302587,20,8,0,0,0,0,0,10,1,0,5,82.5
3913153,46974.0,Marie Therese Höbinger,Liverpool WFC,0,0,0,0,0.0,0.0,15,11,0,2,2,0,0,13,1,0,0,41.5
3913153,55069.0,Lucy Parry,Liverpool WFC,0,0,0,0,0.0,0.0,35,27,0,1,9,4,1,16,1,1,4,81.1
3913153,63308.0,Justine Vanhaevermaet,Everton LFC,0,0,1,0,0.009869454,0.009869454,45,38,0,0,3,1,0,9,2,0,3,108.0
3913153,276443.0,Kathrine Møller Kühl,Everton LFC,0,0,0,0,0.0,0.0,29,24,0,0,4,1,0,25,0,0,2,82.5
3913153,299860.0,Fuka Nagano,Liverpool WFC,0,0,0,0,0.0,0.0,50,35,0,0,5,0,0,22,2,3,4,108.0
3913153,322359.0,Ceri Holland,Liverpool WFC,0,0,1,0,0.20827171,0.20827171,39,24,0,1,5,3,0,22,2,2,6,107.2
3913153,329372.0,Mia Enderby,Liverpool WFC,0,0,0,0,0.0,0.0,7,4,0,0,0,1,0,8,2,0,2,41.4
3913153,338059.0,Clare Wheeler,Everton LFC,0,0,0,0,0.0,0.0,47,36,0,0,2,3,0,29,2,1,10,108.0
3913154,4638.0,Drew Spence,Tottenham Hotspur Women,0,0,4,0,0.250045859,0.250045859,62,51,0,1,7,2,0,7,0,0,4,78.7
3913154,4848.0,Ashleigh Neville,Tottenham Hotspur Women,0,0,4,0,0.37423338949999996,0.37423338949999996,59,48,0,0,10,3,0,15,7,4,3,98.6
3913154,10179.0,Lisa Evans,Bristol City WFC,0,0,0,0,0.0,0.0,8,5,0,0,1,2,0,3,0,0,0,28.3
3913154,15550.0,Bethany England,Tottenham Hotspur Women,1,1,2,0,0.18091894,0.18091894,32,26,0,4,3,2,1,13,0,0,2,98.6
3913154,15716.0,Emily Syme,Bristol City WFC,0,0,1,0,0.047366034,0.047366034,28,22,0,1,1,1,0,10,0,1,6,98.6
3913154,15788.0,Amalie Grønbak Thestrup,Bristol City WFC,0,0,2,0,0.10063904600000001,0.10063904600000001,17,11,0,0,0,1,0,20,1,0,1,98.6
3913154,18158.0,Rebecca Leigh Spencer,Tottenham Hotspur Women,0,0,0,0,0.0,0.0,34,30,0,0,6,0,0,0,0,0,2,98.6
3913154,19417.0,Amy Rodgers,Bristol City WFC,0,0,1,0,0.1609965,0.1609965,22,14,0,0,4,2,0,19,4,3,8,98.6
3913154,19499.0,Shania Hayles,Bristol City WFC,0,0,0,0,0.0,0.0,10,7,0,0,0,3,0,7,1,0,4,42.2
3913154,21023.0,Amanda Nildén,Tottenham Hotspur Women,0,0,2,0,0.069887114,0.069887114,64,53,0,1,2,5,1,12,2,0,9,98.6
3913154,23412.0,Abigail Harrison,Bristol City WFC,0,0,2,0,0.12267072200000001,0.12267072200000001,22,14,0,0,0,0,0,3,0,0,5,70.3
3913154,23413.0,Megan Connolly,Bristol City WFC,0,0,0,0,0.0,0.0,43,27,0,1,9,1,1,6,0,0,5,98.6
3913154,24461.0,Shuang Wang,Tottenham Hotspur Women,0,0,4,0,0.35656167,0.35656167,19,17,0,1,1,1,0,2,0,0,2,34.6
3913154,31533.0,Amy Turner,Tottenham Hotspur Women,0,0,0,0,0.0,0.0,68,65,0,0,5,3,0,3,0,3,3,98.6
3913154,31551.0,Kit Graham,Tottenham Hotspur Women,0,0,0,0,0.0,0.0,11,10,0,1,3,1,0,2,0,0,0,19.9
3913154,42836.0,Ella Powell,Bristol City WFC,0,0,0,0,0.0,0.0,38,27,0,1,5,4,1,17,2,3,8,98.6
3913154,46740.0,Grace Clinton,Tottenham Hotspur Women,0,0,1,0,0.0473847,0.0473847,42,33,1,2,8,3,2,15,2,0,10,78.9
3913154,46972.0,Luana Bühler,Tottenham Hotspur Women,0,0,0,0,0.0,0.0,77,75,0,0,8,5,0,7,0,0,3,98.6
3913154,61467.0,Jessica Naz,Tottenham Hotspur Women,0,0,1,0,0.074113585,0.074113585,30,22,0,1,0,1,1,9,2,3,4,64.1
3913154,64240.0,Francesca Bentley,Bristol City WFC,0,0,0,0,0.0,0.0,37,31,0,0,11,0,0,0,0,0,6,98.6
3913154,87194.0,Celin Bizet Ildhusøy,Tottenham Hotspur Women,0,0,2,0,0.34535864000000005,0.34535864000000005,21,14,0,2,1,1,1,11,3,1,3,63.9
3913154,185543.0,Ffion Morgan,Bristol City WFC,0,0,0,0,0.0,0.0,20,10,0,0,2,4,1,14,1,1,4,70.1
3913154,185544.0,Jasmine Bull,Bristol City WFC,0,0,0,0,0.0,0.0,12,6,0,0,1,3,0,4,1,1,2,28.5
3913154,185545.0,Brooke Aspin,Bristol City WFC,0,0,0,0,0.0,0.0,43,33,0,0,9,0,0,11,1,1,0,98.6
3913154,191850.0,Eveliina Summanen,Tottenham Hotspur Women,0,0,2,0,0.145519037,0.145519037,89,78,0,4,10,0,1,10,1,1,3,98.6
3913154,224167.0,Matilda Liv Vinberg,Tottenham Hotspur Women,0,0,3,0,0.15860059,0.15860059,13,10,0,2,0,2,0,6,0,0,1,34.5
3913154,224845.0,Sarah Anne Stratigakis,Bristol City WFC,0,0,1,0,0.11001505,0.11001505,12,6,0,1,0,1,0,12,0,0,3,56.1
3913154,229194.0,Olga Ahtinen,Tottenham Hotspur Women,0,0,0,0,0.0,0.0,16,14,0,1,4,0,0,4,2,0,2,19.7
3913154,337710.0,Cecilie Maag Struck,Bristol City WFC,0,0,1,0,0.03220367,0.03220367,23,18,0,0,2,0,0,7,1,0,1,42.5
3913154,345061.0,Mari Ward,Bristol City WFC,0,0,1,0,0.026125312,0.026125312,15,10,0,0,1,0,0,17,1,0,6,56.3
3913155,4649.0,Esme Beth Morgan,Manchester City WFC,0,0,0,0,0.0,0.0,6,3,0,0,1,0,0,4,1,0,1,11.1
3913155,4654.0,Nikita Parris,Manchester United W,0,0,1,0,0.12654297,0.12654297,10,7,0,2,0,0,1,36,0,0,2,59.2
3913155,5078.0,Alanna Stephanie Kennedy,Manchester City WFC,0,0,1,0,0.047324397,0.047324397,72,54,0,0,8,7,0,2,1,0,10,100.4
3913155,10163.0,Leila Ouahabi El Ouahabi,Manchester City WFC,0,0,0,0,0.0,0.0,42,35,1,0,2,1,0,21,5,0,1,89.2
3913155,10252.0,Alex Greenwood,Manchester City WFC,0,0,0,0,0.0,0.0,67,59,0,0,12,4,0,5,2,5,4,100.1
3913155,15555.0,Lauren Hemp,Manchester City WFC,0,0,1,0,0.053178925,0.053178925,30,26,0,1,3,1,3,14,7,1,9,100.4
3913155,17275.0,Hannah Jayne Blundell,Manchester United W,0,0,0,0,0.0,0.0,61,48,0,0,2,2,0,25,2,1,6,100.4
3913155,19416.0,Laura Coombs,Manchester City WFC,0,0,2,0,0.1822541,0.1822541,31,25,0,1,1,0,0,12,1,0,1,85.2
3913155,19498.0,Jessica Park,Manchester City WFC,2,2,4,0,0.7563610169999999,0.7563610169999999,43,40,1,3,3,8,4,25,3,1,7,100.4
3913155,19503.0,Aoife Mannion,Manchester United W,0,0,0,0,0.0,0.0,28,24,0,0,0,0,0,5,0,1,3,41.3
3913155,22337.0,Maya Le Tissier,Manchester United W,0,0,2,0,0.35184662,0.35184662,71,58,0,1,18,7,0,11,3,1,3,100.4
3913155,25513.0,Lucía García Córdoba,Manchester United W,0,0,4,0,0.24769174100000002,0.24769174100000002,20,15,0,1,1,2,1,32,1,2,8,100.4
3913155,25543.0,Geyse da Silva Ferreira,Manchester United W,0,0,5,0,0.271134462,0.271134462,23,11,0,2,0,10,5,27,3,0,15,100.4
3913155,25554.0,Khadija Monifa Shaw,Manchester City WFC,1,1,5,0,1.004132255,1.004132255,20,12,0,0,0,0,0,16,1,0,5,100.4
3913155,25632.0,Yui Hasegawa,Manchester City WFC,0,0,1,0,0.018514134,0.018514134,42,39,0,2,2,1,0,15,3,1,5,100.4
3913155,25785.0,Jayde Yuk Fun Riviere,Manchester United W,0,0,0,0,0.0,0.0,22,17,0,0,2,2,0,11,2,2,0,58.0
3913155,31534.0,Ella Toone,Manchester United W,0,0,2,0,0.095819931,0.095819931,33,26,0,1,2,1,0,21,1,2,4,87.0
3913155,31536.0,Millie Turner,Manchester United W,0,0,1,0,0.040796265,0.040796265,65,62,0,0,7,2,0,11,1,0,5,100.4
3913155,31538.0,Mary Alexandra Earps,Manchester United W,0,0,0,0,0.0,0.0,29,27,0,0,10,0,0,0,0,0,1,100.4
3913155,31540.0,Katie Zelem,Manchester United W,0,0,0,0,0.0,0.0,57,42,0,3,4,0,0,28,6,2,6,100.4
3913155,31563.0,Rachel Williams,Manchester United W,0,0,0,0,0.0,0.0,8,5,0,0,0,0,0,12,0,0,1,40.4
3913155,31614.0,Melvine Malard,Manchester United W,0,0,0,0,0.0,0.0,2,1,0,0,0,1,0,4,0,0,0,13.4
3913155,35693.0,Mary Boio Fowler,Manchester City WFC,0,0,1,0,0.06364551,0.06364551,43,32,0,3,3,1,2,12,1,0,3,100.4
3913155,62666.0,Ingrid Filippa Angeldal,Manchester City WFC,0,0,0,0,0.0,0.0,4,4,0,0,1,1,0,6,0,1,2,15.1
3913155,92248.0,Khiara Keating,Manchester City WFC,0,0,0,0,0.0,0.0,60,54,0,0,17,0,0,0,0,0,3,100.4
3913155,221888.0,Kerstin Yasmijn Casparij,Manchester City WFC,0,0,0,0,0.0,0.0,57,46,0,0,6,3,0,16,3,2,7,100.4
3913155,386105.0,Lisa Fjeldstad Naalsund,Manchester United W,0,0,0,0,0.0,0.0,33,25,0,1,3,1,2,24,5,3,5,100.4
3913156,4984.0,Rachel Corsie,Aston Villa W,0,0,0,0,0.0,0.0,6,4,0,0,0,0,0,7,0,0,0,32.0
3913156,5000.0,Stephanie-Elise Catley,Arsenal WFC,0,0,1,0,0.052740492,0.052740492,39,34,0,0,2,1,0,3,0,0,4,31.9
3913156,5058.0,Rachel Daly,Aston Villa W,0,0,0,0,0.0,0.0,26,22,0,0,1,0,1,19,3,1,4,99.1
3913156,8297.0,Adriana Kristina Leon,Aston Villa W,0,0,0,0,0.0,0.0,14,13,1,0,0,2,0,32,2,0,2,93.9
3913156,10192.0,Jordan Nobbs,Aston Villa W,0,0,0,0,0.0,0.0,47,43,0,0,4,1,0,37,2,4,6,99.1
3913156,10229.0,Emma Stina Blackstenius,Arsenal WFC,1,1,4,0,0.667684876,0.667684876,7,4,0,0,0,0,1,2,0,0,2,25.4
3913156,10237.0,Manuela Zinsberger,Arsenal WFC,0,0,0,0,0.0,0.0,32,32,0,0,4,0,0,0,0,0,2,99.1
3913156,10404.0,Noelle Maritz,Aston Villa W,0,0,0,0,0.0,0.0,53,40,0,0,7,1,1,23,3,0,2,99.1
3913156,10516.0,Frida Maanum,Arsenal WFC,0,0,7,0,0.594684526,0.594684526,31,27,0,1,2,0,1,13,0,1,5,73.7
3913156,11338.0,Caitlin Jade Foord,Arsenal WFC,0,0,2,0,0.34769881,0.34769881,12,11,0,0,0,0,0,3,0,0,0,31.3
3913156,15421.0,Kenza Dali,Aston Villa W,0,0,0,0,0.0,0.0,38,28,0,0,2,1,0,18,0,0,5,99.1
3913156,15571.0,Danielle Turner,Aston Villa W,0,0,0,0,0.0,0.0,53,41,0,0,6,0,0,11,2,3,5,99.1
3913156,15616.0,Kim Little,Arsenal WFC,0,0,3,0,0.155219236,0.155219236,68,65,0,0,2,0,1,9,1,2,9,99.1
3913156,15619.0,Bethany Mead,Arsenal WFC,0,0,3,0,0.21610558000000002,0.21610558000000002,58,38,1,6,5,0,1,23,2,0,6,99.1
3913156,15620.0,Katie McCabe,Arsenal WFC,0,0,0,0,0.0,0.0,72,60,0,2,4,1,1,6,0,0,8,67.3
3913156,15724.0,Mayumi Pacheco,Aston Villa W,0,0,0,0,0.0,0.0,16,13,0,0,1,2,0,18,2,2,3,67.1
3913156,18999.0,Leah Williamson,Arsenal WFC,0,0,1,0,0.04473649,0.04473649,138,125,0,0,28,5,0,5,3,1,9,99.1
3913156,19500.0,Sarah Emma Mayling,Aston Villa W,0,0,0,0,0.0,0.0,28,22,0,0,3,0,1,27,4,1,3,97.9
3913156,31527.0,Ebony Salmon,Aston Villa W,1,1,1,0,0.0981094,0.0981094,9,5,0,0,0,4,0,13,0,0,5,83.3
3913156,47521.0,Alessia Russo,Arsenal WFC,0,0,6,0,1.239743805,1.239743805,30,26,1,4,2,1,0,23,0,0,7,99.1
3913156,49697.0,Carlotte Wubben-Moy,Arsenal WFC,1,1,2,0,0.314244855,0.314244855,124,112,0,1,16,1,0,10,2,0,14,99.1
3913156,62906.0,Cloé Zoé Eyja Lacasse,Arsenal WFC,0,0,0,0,0.0,0.0,31,24,0,1,0,1,0,25,2,1,2,67.8
3913156,63788.0,Victoria Pelova,Arsenal WFC,1,1,5,0,0.38410142,0.38410142,30,24,0,2,3,2,2,10,1,1,5,83.7
3913156,78072.0,Anna Patten,Aston Villa W,0,0,0,0,0.0,0.0,43,36,0,0,7,2,0,13,1,2,1,99.1
3913156,107491.0,Emily Ann Fox,Arsenal WFC,0,0,2,0,0.09717879,0.09717879,89,77,0,3,8,5,1,8,1,4,15,99.1
3913156,131586.0,Kyra Lillee Cooney-Cross,Arsenal WFC,0,0,0,0,0.0,0.0,15,13,0,0,1,0,0,2,0,0,0,15.4
3913156,131589.0,Anna Jessica Leat,Aston Villa W,0,0,0,0,0.0,0.0,59,43,0,0,6,0,0,0,0,0,6,99.1
3913156,225576.0,Miriael Taylor,Aston Villa W,0,0,0,0,0.0,0.0,1,0,0,0,0,0,0,3,0,1,0,5.2
3913156,337745.0,Georgia Mullett,Aston Villa W,0,0,0,0,0.0,0.0,0,0,0,0,0,1,0,8,0,0,0,15.8
3913157,4865.0,Josie Green,Leicester City WFC,0,0,0,0,0.0,0.0,41,34,0,0,6,3,0,7,0,1,4,80.8
3913157,10100.0,Janice Cayman,Leicester City WFC,0,0,1,0,0.06030706,0.06030706,57,45,0,1,7,1,2,10,2,0,7,99.4
3913157,10158.0,María Victoria Losada Gómez,Brighton & Hove Albion WFC,0,0,1,0,0.024134105,0.024134105,26,12,0,0,1,1,1,8,1,2,3,75.7
3913157,10167.0,Tatiana Vanessa Ferreira Pinto,Brighton & Hove Albion WFC,0,0,0,0,0.0,0.0,22,16,0,1,1,1,1,17,0,0,2,58.6
3913157,10260.0,Lena Petermann,Leicester City WFC,1,1,1,0,0.3339747,0.3339747,4,1,0,0,0,0,0,4,1,1,0,35.2
3913157,15720.0,Sophie Howard,Leicester City WFC,0,0,0,0,0.0,0.0,60,44,0,0,11,1,2,9,1,1,3,99.4
3913157,16374.0,Aileen Whelan,Leicester City WFC,0,0,2,0,0.09666643999999999,0.09666643999999999,16,11,0,0,2,0,0,16,1,0,3,64.1
3913157,16376.0,Sophie Baggaley,Brighton & Hove Albion WFC,0,0,0,0,0.0,0.0,39,22,0,0,10,0,0,0,0,0,3,99.4
3913157,17274.0,Poppy Pattinson,Brighton & Hove Albion WFC,0,0,0,0,0.0,0.0,42,31,0,1,6,1,0,16,2,2,5,99.4
3913157,21059.0,Katie Robinson,Brighton & Hove Albion WFC,1,1,1,0,0.61217666,0.61217666,20,11,0,1,3,4,1,13,1,1,4,99.4
3913157,25453.0,Geum-Min Lee,Brighton & Hove Albion WFC,0,0,0,0,0.0,0.0,14,8,0,0,1,0,1,7,0,0,5,40.9
3913157,25601.0,Deanne Cynthia Rose,Leicester City WFC,0,0,2,0,0.06019694,0.06019694,13,10,0,0,0,3,1,9,1,0,5,63.9
3913157,25604.0,Saori Takarada,Leicester City WFC,0,0,1,0,0.052051447,0.052051447,17,9,1,0,0,0,0,11,2,1,3,25.6
3913157,25662.0,Catherine Joan Bott,Leicester City WFC,0,0,0,0,0.0,0.0,47,36,0,0,7,1,0,13,3,1,7,52.8
3913157,26094.0,Julia Zigiotti-Olme,Brighton & Hove Albion WFC,0,0,0,0,0.0,0.0,47,28,1,0,7,0,0,15,1,2,9,99.4
3913157,26520.0,Yuka Momiki,Leicester City WFC,0,0,2,0,0.18706511999999997,0.18706511999999997,39,32,1,3,6,2,1,9,1,2,4,99.4
3913157,34500.0,Emma Nanny Charlotte Kullberg,Brighton & Hove Albion WFC,0,0,0,0,0.0,0.0,1,1,0,0,0,1,1,0,0,0,0,3.2
3913157,46541.0,Asmita Ale,Leicester City WFC,0,0,0,0,0.0,0.0,30,23,0,0,3,1,1,2,0,2,2,46.6
3913157,63784.0,Lize Kop,Leicester City WFC,0,0,0,0,0.0,0.0,42,35,0,0,15,0,0,1,0,0,6,99.4
3913157,85004.0,Maisie Symonds,Brighton & Hove Albion WFC,0,0,0,0,0.0,0.0,12,9,0,0,1,0,1,7,2,0,4,23.7
3913157,105102.0,Veatriki Sarri,Brighton & Hove Albion WFC,0,0,3,0,0.680073574,0.680073574,12,8,0,1,1,2,1,13,2,1,5,58.5
3913157,112522.0,Missy Goodwin,Leicester City WFC,0,0,2,0,0.23274959,0.23274959,8,8,0,1,1,0,0,6,0,0,1,35.5
3913157,131575.0,Mengwen Li,Brighton & Hove Albion WFC,0,0,0,0,0.0,0.0,32,21,0,1,3,3,0,13,5,1,5,96.1
3913157,135753.0,Samantha Tierney,Leicester City WFC,0,0,1,0,0.052883003,0.052883003,54,38,0,2,4,0,1,18,0,6,3,99.4
3913157,224822.0,Jutta Rantala,Leicester City WFC,1,1,5,0,0.423207216,0.423207216,54,36,0,4,4,3,1,6,0,0,6,99.4
3913157,225180.0,Emilia Pelgander,Leicester City WFC,0,0,2,0,0.055681994,0.055681994,30,26,0,0,4,0,1,21,2,1,7,73.8
3913157,241634.0,Remy Siemsen,Leicester City WFC,0,0,0,0,0.0,0.0,4,2,0,0,1,0,0,6,0,0,0,18.6
3913157,276301.0,Elisabeth Terland,Brighton & Hove Albion WFC,1,1,3,0,0.22499921499999997,0.22499921499999997,17,14,0,0,2,1,2,17,1,0,2,99.4
3913157,276304.0,Guro Bergsvand,Brighton & Hove Albion WFC,0,0,1,0,0.08906635,0.08906635,35,26,0,0,4,3,0,7,1,1,5,99.4
3913157,388473.0,Jorelyn Andrea Daniela Carabalí Martínez,Brighton & Hove Albion WFC,0,0,1,0,0.006772881,0.006772881,33,19,0,0,5,4,1,17,1,2,2,99.4
3913157,405188.0,Madison Haley,Brighton & Hove Albion WFC,1,1,2,0,0.6731505799999999,0.6731505799999999,13,10,1,0,1,0,1,6,2,0,4,40.8
3913158,4641.0,Francesca Kirby,Chelsea FCW,0,0,0,0,0.0,0.0,7,7,0,2,0,0,0,4,0,0,0,33.2
3913158,4660.0,Erin Cuthbert,Chelsea FCW,1,1,5,0,0.17984566899999999,0.17984566899999999,27,24,0,0,2,2,1,6,0,1,8,40.8
3913158,4979.0,Katrina Gorry,West Ham United LFC,0,0,0,0,0.0,0.0,9,6,0,0,2,1,0,3,0,0,1,18.9
3913158,5074.0,Shelina Laura Zadorsky,West Ham United LFC,0,0,0,0,0.0,0.0,44,35,0,0,9,2,0,11,0,0,3,99.3
3913158,10196.0,Kirsty Smith,West Ham United LFC,0,0,1,0,0.44923297,0.44923297,34,26,0,0,5,0,0,15,0,1,5,99.3
3913158,10514.0,Guro Reiten,Chelsea FCW,0,0,0,0,0.0,0.0,3,1,0,0,1,0,0,2,1,0,0,14.0
3913158,15290.0,Ashley Elizabeth Marie Lawrence,Chelsea FCW,0,0,1,0,0.06369494,0.06369494,48,40,0,2,7,3,1,11,1,1,5,99.3
3913158,15357.0,Kadeisha Buchanan,Chelsea FCW,0,0,0,0,0.0,0.0,82,76,0,0,15,3,0,14,2,2,11,99.3
3913158,15631.0,Niamh Charles,Chelsea FCW,0,0,0,0,0.0,0.0,73,56,0,0,10,4,0,7,2,1,7,99.3
3913158,15648.0,Melanie Leupolz,Chelsea FCW,0,0,1,0,0.025925651,0.025925651,53,41,0,0,6,0,3,17,3,1,10,99.3
3913158,19422.0,Jessica Carter,Chelsea FCW,0,0,0,0,0.0,0.0,52,47,0,0,8,1,0,11,0,0,5,99.3
3913158,22032.0,Hannah Hampton,Chelsea FCW,0,0,0,0,0.0,0.0,63,47,0,0,20,0,0,0,0,0,2,99.3
3913158,25624.0,Risa Shimizu,West Ham United LFC,0,0,0,0,0.0,0.0,57,45,0,0,10,0,0,9,2,2,3,99.3
3913158,25834.0,Viviane Asseyi,West Ham United LFC,0,0,3,0,0.46469668,0.46469668,13,7,0,0,0,2,1,15,1,0,1,85.7
3913158,31157.0,Hawa Cissoko,West Ham United LFC,0,0,0,0,0.0,0.0,8,5,0,0,3,0,0,4,0,2,0,13.2
3913158,31531.0,Lauren James,Chelsea FCW,0,0,4,0,0.139825986,0.139825986,33,26,0,2,1,3,1,10,2,0,5,66.1
3913158,32227.0,Emma Snerle,West Ham United LFC,0,0,0,0,0.0,0.0,9,7,0,1,1,0,1,8,0,0,2,31.2
3913158,42787.0,Mackenzie Arnold,West Ham United LFC,0,0,0,0,0.0,0.0,51,41,0,0,12,0,0,0,0,0,4,99.3
3913158,46635.0,Emma Harries,West Ham United LFC,0,0,0,0,0.0,0.0,3,3,0,0,0,0,0,7,0,0,0,13.6
3913158,47008.0,Sjoeke Nüsken,Chelsea FCW,0,0,0,0,0.0,0.0,17,8,0,0,1,0,1,4,1,0,1,58.8
3913158,50193.0,Anouk Denton,West Ham United LFC,0,0,1,0,0.06493857,0.06493857,30,19,0,0,2,0,1,17,2,2,4,86.0
3913158,53188.0,Mayra Tatiana Ramírez Ramírez,Chelsea FCW,0,0,2,0,0.07682196599999999,0.07682196599999999,13,9,0,0,1,1,1,3,0,0,4,33.3
3913158,62709.0,Jelena Canković,Chelsea FCW,0,0,1,0,0.038710326,0.038710326,39,32,0,0,4,0,0,9,2,0,5,58.5
3913158,62710.0,Johanna Rytting-Kaneryd,Chelsea FCW,0,0,0,0,0.0,0.0,19,15,0,0,0,1,1,9,0,0,4,85.3
3913158,81580.0,Agnes Beever-Jones,Chelsea FCW,1,1,2,0,0.34869577,0.34869577,26,21,0,2,0,2,1,17,1,0,2,66.0
3913158,84901.0,Catarina Cantanhede Melônio Macário,Chelsea FCW,0,0,2,0,0.13466403,0.13466403,23,18,1,1,2,1,1,6,1,0,1,40.5
3913158,131653.0,Honoka Hayashi,West Ham United LFC,0,0,0,0,0.0,0.0,36,28,0,1,8,1,2,19,0,2,9,99.3
3913158,224866.0,Anna Marika Bergman Lundin,West Ham United LFC,0,0,1,0,0.029155096,0.029155096,20,8,0,0,0,2,1,31,3,0,1,78.5
3913158,276907.0,Amber Tysiak,West Ham United LFC,0,0,0,0,0.0,0.0,31,26,0,0,2,0,0,17,1,0,7,99.3
3913158,322322.0,Jessica Ziu,West Ham United LFC,0,0,0,0,0.0,0.0,17,11,0,2,2,1,1,19,1,0,6,68.1
3913158,401930.0,Riko Ueki,West Ham United LFC,0,0,2,0,0.08931187300000001,0.08931187300000001,22,17,0,1,0,3,0,30,3,1,2,99.3
3913159,4865.0,Josie Green,Leicester City WFC,0,0,0,0,0.0,0.0,58,50,0,0,13,14,0,12,1,1,3,79.2
3913159,4984.0,Rachel Corsie,Aston Villa W,0,0,0,0,0.0,0.0,73,67,0,0,14,3,0,9,0,1,4,98.8
3913159,5058.0,Rachel Daly,Aston Villa W,1,1,4,0,0.391774516,0.391774516,46,36,0,3,6,4,0,10,3,3,5,98.8
3913159,8297.0,Adriana Kristina Leon,Aston Villa W,1,1,3,0,0.414080269,0.414080269,33,26,0,2,3,3,2,10,0,1,5,98.8
3913159,10100.0,Janice Cayman,Leicester City WFC,0,0,0,0,0.0,0.0,43,36,0,1,7,1,0,21,5,0,4,98.8
3913159,10192.0,Jordan Nobbs,Aston Villa W,0,0,0,0,0.0,0.0,50,44,1,1,7,1,0,8,1,0,6,80.5
3913159,10260.0,Lena Petermann,Leicester City WFC,0,0,0,0,0.0,0.0,19,15,1,0,2,0,0,20,1,0,5,79.4
3913159,10404.0,Noelle Maritz,Aston Villa W,0,0,0,0,0.0,0.0,55,47,0,1,8,1,0,22,3,2,0,98.8
3913159,15421.0,Kenza Dali,Aston Villa W,0,0,2,0,0.168176945,0.168176945,51,38,0,1,4,9,1,9,0,1,4,98.8
3913159,15559.0,Simone Magill,Aston Villa W,0,0,0,0,0.0,0.0,11,7,0,0,1,0,1,12,2,1,1,29.6
3913159,15571.0,Danielle Turner,Aston Villa W,0,0,0,0,0.0,0.0,28,19,0,0,3,2,0,6,1,3,2,68.2
3913159,15720.0,Sophie Howard,Leicester City WFC,0,0,0,0,0.0,0.0,52,47,0,0,13,4,0,10,4,1,4,98.8
3913159,15724.0,Mayumi Pacheco,Aston Villa W,0,0,0,0,0.0,0.0,11,10,0,0,0,0,0,7,0,1,2,30.6
3913159,16374.0,Aileen Whelan,Leicester City WFC,0,0,0,0,0.0,0.0,13,11,0,0,1,0,0,8,0,0,1,19.4
3913159,18153.0,Alisha Lehmann,Aston Villa W,0,0,0,0,0.0,0.0,16,10,0,1,3,1,1,8,0,0,5,68.0
3913159,25601.0,Deanne Cynthia Rose,Leicester City WFC,0,0,1,0,0.04629932,0.04629932,14,11,0,2,0,2,3,13,2,3,7,87.4
3913159,25604.0,Saori Takarada,Leicester City WFC,0,0,2,0,0.0910077,0.0910077,29,22,0,0,2,0,0,20,2,0,8,87.5
3913159,25662.0,Catherine Joan Bott,Leicester City WFC,0,0,0,0,0.0,0.0,47,29,0,1,3,5,0,15,3,1,4,97.8
3913159,26520.0,Yuka Momiki,Leicester City WFC,1,1,3,0,0.24451084,0.24451084,31,22,1,1,4,1,0,13,1,2,5,98.8
3913159,30856.0,Julie Thibaud,Leicester City WFC,0,0,0,0,0.0,0.0,11,10,0,0,5,3,0,1,0,0,0,19.6
3913159,31527.0,Ebony Salmon,Aston Villa W,0,0,2,0,0.144446326,0.144446326,12,6,1,0,0,0,0,4,0,0,2,68.8
3913159,63784.0,Lize Kop,Leicester City WFC,0,0,0,0,0.0,0.0,57,55,0,0,7,0,0,0,0,0,2,98.8
3913159,78072.0,Anna Patten,Aston Villa W,0,0,2,0,0.173396958,0.173396958,63,45,0,0,11,3,2,13,1,0,3,98.8
3913159,112522.0,Missy Goodwin,Leicester City WFC,0,0,0,0,0.0,0.0,3,1,0,0,0,0,0,2,0,0,0,11.4
3913159,131589.0,Anna Jessica Leat,Aston Villa W,0,0,0,0,0.0,0.0,58,52,0,0,20,0,0,0,0,0,3,98.8
3913159,135753.0,Samantha Tierney,Leicester City WFC,1,1,2,0,0.22466151,0.22466151,26,19,0,1,0,2,0,19,1,0,2,98.8
3913159,224822.0,Jutta Rantala,Leicester City WFC,0,0,3,0,0.38114885000000004,0.38114885000000004,33,21,0,0,4,0,0,15,3,0,7,98.8
3913159,225180.0,Emilia Pelgander,Leicester City WFC,0,0,0,0,0.0,0.0,7,6,0,0,0,1,0,5,0,1,3,11.3
3913159,225576.0,Miriael Taylor,Aston Villa W,0,0,0,0,0.0,0.0,10,8,0,0,1,2,0,4,1,0,0,18.3
3913159,337745.0,Georgia Mullett,Aston Villa W,0,0,0,0,0.0,0.0,2,1,0,0,1,0,0,4,1,0,0,30.8
3913160,5000.0,Stephanie-Elise Catley,Arsenal WFC,0,0,0,0,0.0,0.0,107,91,0,3,12,3,2,6,2,0,5,97.5
3913160,5102.0,Sabrina D’Angelo,Arsenal WFC,0,0,0,0,0.0,0.0,28,28,0,0,9,0,0,0,0,0,1,97.5
3913160,10179.0,Lisa Evans,Bristol City WFC,0,0,0,0,0.0,0.0,22,16,0,0,0,1,0,7,0,1,1,81.2
3913160,10229.0,Emma Stina Blackstenius,Arsenal WFC,0,0,3,0,0.311812136,0.311812136,16,10,0,0,0,1,0,14,0,0,7,97.5
3913160,11338.0,Caitlin Jade Foord,Arsenal WFC,0,0,1,0,0.048742637,0.048742637,38,32,0,2,0,2,3,16,1,1,4,65.7
3913160,15616.0,Kim Little,Arsenal WFC,0,0,2,0,0.107799378,0.107799378,133,131,1,2,6,0,1,5,0,0,4,97.5
3913160,15619.0,Bethany Mead,Arsenal WFC,2,2,6,0,1.157479033,1.157479033,45,37,0,4,1,0,3,15,0,3,10,66.2
3913160,15620.0,Katie McCabe,Arsenal WFC,0,0,0,0,0.0,0.0,32,31,1,1,4,0,0,3,0,0,3,31.3
3913160,15706.0,Rachel Furness,Bristol City WFC,0,0,0,0,0.0,0.0,10,6,0,0,1,0,0,7,2,0,0,25.5
3913160,15716.0,Emily Syme,Bristol City WFC,0,0,0,0,0.0,0.0,26,19,0,0,0,0,1,10,2,2,1,72.0
3913160,15788.0,Amalie Grønbak Thestrup,Bristol City WFC,0,0,1,0,0.07652933,0.07652933,17,13,0,0,0,1,0,21,1,1,4,97.5
3913160,18999.0,Leah Williamson,Arsenal WFC,0,0,1,0,0.13256936,0.13256936,124,113,0,1,26,7,0,2,0,1,8,89.6
3913160,19417.0,Amy Rodgers,Bristol City WFC,0,0,1,0,0.21962789,0.21962789,24,17,0,0,4,1,0,23,3,4,5,97.5
3913160,23413.0,Megan Connolly,Bristol City WFC,0,0,0,0,0.0,0.0,63,42,0,0,18,2,1,12,3,0,4,97.5
3913160,32169.0,Jamie-Lee Napier,Bristol City WFC,0,0,0,0,0.0,0.0,49,32,0,0,3,6,1,13,1,2,4,97.5
3913160,42836.0,Ella Powell,Bristol City WFC,0,0,0,0,0.0,0.0,22,9,0,0,1,0,1,3,2,2,5,71.7
3913160,46741.0,Naomi Layzell,Bristol City WFC,0,0,0,0,0.0,0.0,6,2,0,0,2,0,0,6,1,0,3,25.9
3913160,46973.0,Laura Wienroither,Arsenal WFC,0,0,1,0,0.035769586,0.035769586,17,15,0,0,1,0,0,2,0,0,3,13.6
3913160,47521.0,Alessia Russo,Arsenal WFC,2,2,9,0,0.840413007,0.840413007,58,50,0,1,1,1,0,17,4,0,4,97.5
3913160,49697.0,Carlotte Wubben-Moy,Arsenal WFC,0,0,2,0,0.315001234,0.315001234,144,133,0,1,18,0,1,3,0,2,9,97.5
3913160,62906.0,Cloé Zoé Eyja Lacasse,Arsenal WFC,0,0,0,0,0.0,0.0,17,14,0,0,0,0,0,7,0,0,0,31.8
3913160,63788.0,Victoria Pelova,Arsenal WFC,0,0,4,0,0.329380296,0.329380296,100,92,0,3,8,4,2,12,1,0,10,97.5
3913160,64240.0,Francesca Bentley,Bristol City WFC,0,0,0,0,0.0,0.0,39,33,0,0,13,0,0,0,0,0,3,97.5
3913160,107491.0,Emily Ann Fox,Arsenal WFC,0,0,3,0,0.168976737,0.168976737,67,57,0,0,7,2,0,8,1,0,7,83.9
3913160,185543.0,Ffion Morgan,Bristol City WFC,0,0,1,0,0.041091565,0.041091565,19,12,0,0,3,1,0,12,0,1,8,97.5
3913160,185544.0,Jasmine Bull,Bristol City WFC,0,0,0,0,0.0,0.0,4,3,0,0,0,0,0,8,1,1,0,25.8
3913160,185545.0,Brooke Aspin,Bristol City WFC,0,0,0,0,0.0,0.0,17,13,0,0,3,0,1,3,1,2,1,97.5
3913160,224845.0,Sarah Anne Stratigakis,Bristol City WFC,0,0,0,0,0.0,0.0,11,10,0,0,0,0,0,11,2,2,1,71.6
3913160,338202.0,Katie Reid,Arsenal WFC,0,0,0,0,0.0,0.0,13,13,0,1,2,0,1,2,0,0,0,7.9
3913160,345061.0,Mari Ward,Bristol City WFC,0,0,0,0,0.0,0.0,2,2,0,0,0,0,0,6,1,0,1,16.2
3913161,4654.0,Nikita Parris,Manchester United W,0,0,4,0,0.25947312,0.25947312,12,11,0,1,0,0,0,41,2,0,2,74.4
3913161,10088.0,Katrine Veje,Everton LFC,0,0,0,0,0.0,0.0,14,9,0,0,2,0,0,9,0,0,2,26.3
3913161,10225.0,Aurora Galli,Everton LFC,0,0,1,0,0.090755515,0.090755515,45,34,0,0,1,1,1,18,3,1,8,99.1
3913161,16382.0,Heather Payne,Everton LFC,0,0,0,0,0.0,0.0,12,6,0,0,1,3,2,19,0,0,4,79.7
3913161,16386.0,Lucy Hope,Everton LFC,0,0,0,0,0.0,0.0,40,33,0,0,3,2,0,4,0,0,2,99.1
3913161,17275.0,Hannah Jayne Blundell,Manchester United W,0,0,1,0,0.043977596,0.043977596,70,62,0,0,8,2,1,20,1,2,5,99.1
3913161,18254.0,Megan Finnigan,Everton LFC,0,0,0,0,0.0,0.0,48,42,0,0,11,2,0,8,0,0,3,99.1
3913161,19503.0,Aoife Mannion,Manchester United W,0,0,0,0,0.0,0.0,68,61,0,1,4,0,2,22,2,0,12,99.1
3913161,22337.0,Maya Le Tissier,Manchester United W,0,0,0,0,0.0,0.0,79,64,0,0,19,1,0,15,0,0,7,99.1
3913161,25513.0,Lucía García Córdoba,Manchester United W,0,0,3,0,0.180789109,0.180789109,28,22,0,0,0,6,2,21,0,0,6,91.0
3913161,25543.0,Geyse da Silva Ferreira,Manchester United W,0,0,4,0,0.385706822,0.385706822,24,15,0,0,2,8,7,26,5,1,5,74.6
3913161,31534.0,Ella Toone,Manchester United W,2,2,5,0,0.876332973,0.876332973,46,39,0,5,6,0,3,21,0,0,7,99.1
3913161,31536.0,Millie Turner,Manchester United W,1,1,2,0,0.130217068,0.130217068,76,70,0,0,4,0,0,8,1,1,3,99.1
3913161,31538.0,Mary Alexandra Earps,Manchester United W,0,0,0,0,0.0,0.0,45,34,0,0,9,0,0,1,0,0,5,99.1
3913161,31539.0,Leah Galton,Manchester United W,1,1,1,0,0.18430747,0.18430747,5,2,0,0,0,2,0,4,0,0,0,24.5
3913161,31540.0,Katie Zelem,Manchester United W,0,0,1,0,0.10456219,0.10456219,88,66,1,0,3,0,2,35,7,1,6,99.1
3913161,31555.0,Courtney Brosnan,Everton LFC,0,0,0,0,0.0,0.0,48,32,0,0,10,0,0,0,0,0,3,99.1
3913161,31563.0,Rachel Williams,Manchester United W,0,0,0,0,0.0,0.0,4,4,1,0,0,0,0,9,0,0,0,24.7
3913161,32229.0,Sara Holmgaard,Everton LFC,0,0,0,0,0.0,0.0,7,5,0,1,2,0,0,4,1,0,0,19.7
3913161,32230.0,Karen Holmgaard,Everton LFC,0,0,2,0,0.097117562,0.097117562,16,13,0,0,4,0,0,1,0,0,3,26.0
3913161,34499.0,Hanna Ulrika Bennison,Everton LFC,0,0,0,0,0.0,0.0,25,16,0,0,3,0,1,15,1,0,3,73.4
3913161,45737.0,Martina Piemonte,Everton LFC,0,0,1,0,0.07306392,0.07306392,6,3,0,0,0,0,0,5,0,0,1,25.7
3913161,46459.0,Katja Snoeijs,Everton LFC,1,1,1,0,0.5256559,0.5256559,20,15,0,1,0,1,0,27,1,1,4,99.1
3913161,46738.0,Emma Bissell,Everton LFC,0,0,0,0,0.0,0.0,6,4,0,0,0,2,0,5,1,0,2,19.4
3913161,63308.0,Justine Vanhaevermaet,Everton LFC,0,0,0,0,0.0,0.0,34,27,0,1,4,3,1,22,0,1,2,73.1
3913161,224149.0,Elise Isolde Stenevik,Everton LFC,0,0,0,0,0.0,0.0,36,28,0,0,5,1,1,13,5,0,4,79.5
3913161,276443.0,Kathrine Møller Kühl,Everton LFC,0,0,2,0,0.115490037,0.115490037,22,18,0,0,0,2,3,29,4,0,5,72.8
3913161,338059.0,Clare Wheeler,Everton LFC,0,0,0,0,0.0,0.0,49,41,0,0,4,1,1,32,3,3,8,99.1
3913161,386105.0,Lisa Fjeldstad Naalsund,Manchester United W,0,0,3,0,0.163388474,0.163388474,58,49,1,3,4,2,2,39,2,3,5,99.1
3913161,401932.0,Hinata Miyazawa,Manchester United W,0,0,0,0,0.0,0.0,2,2,0,0,0,0,0,6,0,0,0,8.2
3913162,4651.0,Demi Stokes,Manchester City WFC,0,0,0,0,0.0,0.0,11,8,0,0,0,0,0,3,0,0,0,23.6
3913162,5078.0,Alanna Stephanie Kennedy,Manchester City WFC,0,0,1,0,0.07740478,0.07740478,87,73,0,0,7,2,1,6,2,2,4,98.6
3913162,10252.0,Alex Greenwood,Manchester City WFC,0,0,0,0,0.0,0.0,105,91,0,0,12,5,1,13,0,1,8,98.6
3913162,15547.0,Melissa Lawley,Liverpool WFC,0,0,1,0,0.023577461,0.023577461,8,7,0,0,0,0,0,22,1,0,3,50.4
3913162,15554.0,Gemma Bonner,Liverpool WFC,0,0,0,0,0.0,0.0,17,13,0,0,1,0,0,12,4,0,2,48.3
3913162,15555.0,Lauren Hemp,Manchester City WFC,1,1,2,0,0.141966154,0.141966154,32,19,0,1,0,1,1,16,2,0,6,98.6
3913162,15570.0,Chloe Kelly,Manchester City WFC,0,0,2,0,0.105476076,0.105476076,10,7,0,0,0,1,1,3,0,0,2,23.7
3913162,18146.0,Leanne Kiernan,Liverpool WFC,0,0,1,0,0.19802864,0.19802864,17,10,0,0,0,2,0,32,0,0,1,60.5
3913162,19416.0,Laura Coombs,Manchester City WFC,0,0,0,0,0.0,0.0,28,22,1,0,2,1,0,7,1,3,4,64.0
3913162,19498.0,Jessica Park,Manchester City WFC,1,1,4,0,0.2456632165,0.2456632165,44,42,0,1,3,3,1,14,3,0,4,98.6
3913162,19687.0,Taylor Hinds,Liverpool WFC,0,0,1,0,0.018773172,0.018773172,20,17,0,0,2,2,0,11,2,1,2,50.4
3913162,24237.0,Missy Bo Kearns,Liverpool WFC,0,0,1,0,0.03926153,0.03926153,17,8,0,0,1,0,0,34,3,1,3,50.4
3913162,24706.0,Sophie Roman Haug,Liverpool WFC,0,0,1,0,0.021895533,0.021895533,27,17,0,3,2,0,1,36,2,0,2,98.6
3913162,25554.0,Khadija Monifa Shaw,Manchester City WFC,2,2,4,0,0.5442884509999999,0.5442884509999999,23,20,0,1,1,2,1,10,0,0,6,98.6
3913162,25632.0,Yui Hasegawa,Manchester City WFC,0,0,1,0,0.01760345,0.01760345,86,80,0,0,8,1,1,14,2,1,5,98.6
3913162,32074.0,Jenna Clark,Liverpool WFC,0,0,0,0,0.0,0.0,37,26,0,0,3,1,0,11,0,1,9,98.6
3913162,32210.0,Laia Aleixandri López,Manchester City WFC,0,0,0,0,0.0,0.0,92,80,0,1,3,2,1,21,2,0,6,98.6
3913162,32403.0,Emma Wilhelmina Koivisto,Liverpool WFC,0,0,0,0,0.0,0.0,52,38,0,0,2,1,1,23,2,2,6,98.6
3913162,33664.0,Rachael Laws,Liverpool WFC,0,0,0,0,0.0,0.0,33,23,0,0,15,0,1,0,0,0,1,98.6
3913162,33675.0,Laura Madison Blindkilde Brown,Manchester City WFC,0,0,2,0,0.156277828,0.156277828,14,13,0,0,1,1,0,13,3,2,5,34.7
3913162,34232.0,Grace Fisk,Liverpool WFC,0,0,0,0,0.0,0.0,36,29,0,0,7,0,0,11,1,0,4,98.6
3913162,35693.0,Mary Boio Fowler,Manchester City WFC,0,0,0,0,0.0,0.0,29,24,2,2,2,1,1,12,1,1,3,74.9
3913162,46974.0,Marie Therese Höbinger,Liverpool WFC,0,0,1,0,0.047572833,0.047572833,24,12,0,0,1,1,0,12,2,0,6,48.3
3913162,55069.0,Lucy Parry,Liverpool WFC,0,0,0,0,0.0,0.0,15,13,0,1,2,0,0,12,0,0,4,48.3
3913162,92248.0,Khiara Keating,Manchester City WFC,0,0,0,0,0.0,0.0,58,39,0,0,25,1,0,0,0,0,1,98.6
3913162,221888.0,Kerstin Yasmijn Casparij,Manchester City WFC,0,0,0,0,0.0,0.0,60,53,0,2,3,2,0,5,2,1,3,75.0
3913162,299860.0,Fuka Nagano,Liverpool WFC,0,0,1,0,0.007829705,0.007829705,43,36,0,0,3,1,1,16,1,2,6,98.6
3913162,322359.0,Ceri Holland,Liverpool WFC,0,0,1,0,0.023352934,0.023352934,30,19,0,0,3,1,1,31,1,1,6,92.9
3913162,329372.0,Mia Enderby,Liverpool WFC,0,0,2,0,0.109303403,0.109303403,5,4,0,0,0,3,0,9,1,1,1,38.1
3913162,429638.0,Mia Leath,Liverpool WFC,0,0,0,0,0.0,0.0,1,1,0,0,0,0,0,2,1,0,0,5.7
3913163,4638.0,Drew Spence,Tottenham Hotspur Women,0,0,1,0,0.012132331,0.012132331,35,27,0,0,5,1,1,15,0,1,3,89.0
3913163,4641.0,Francesca Kirby,Chelsea FCW,0,0,1,0,0.16133784,0.16133784,11,9,0,0,1,0,0,2,1,0,2,12.8
3913163,4642.0,Millie Bright,Chelsea FCW,0,0,0,0,0.0,0.0,77,70,0,0,18,1,0,6,2,2,1,101.8
3913163,4660.0,Erin Cuthbert,Chelsea FCW,0,0,2,0,0.07884877300000001,0.07884877300000001,47,39,0,1,6,1,1,27,4,4,4,101.8
3913163,4848.0,Ashleigh Neville,Tottenham Hotspur Women,0,0,1,0,0.24334617,0.24334617,42,32,0,1,5,2,0,19,3,0,4,101.8
3913163,10514.0,Guro Reiten,Chelsea FCW,0,0,2,0,0.280445765,0.280445765,35,21,1,2,4,0,1,13,2,0,4,89.0
3913163,15290.0,Ashley Elizabeth Marie Lawrence,Chelsea FCW,0,0,0,0,0.0,0.0,58,51,0,0,4,1,0,9,0,1,2,77.0
3913163,15550.0,Bethany England,Tottenham Hotspur Women,0,0,0,0,0.0,0.0,22,15,0,1,1,1,1,15,1,3,4,101.8
3913163,15631.0,Niamh Charles,Chelsea FCW,0,0,0,0,0.0,0.0,64,48,0,2,9,5,2,9,3,3,10,101.8
3913163,15648.0,Melanie Leupolz,Chelsea FCW,0,0,0,0,0.0,0.0,47,40,0,2,4,0,0,22,3,3,2,101.8
3913163,19422.0,Jessica Carter,Chelsea FCW,0,0,0,0,0.0,0.0,16,15,0,0,0,0,0,4,0,0,2,24.9
3913163,21023.0,Amanda Nildén,Tottenham Hotspur Women,0,0,0,0,0.0,0.0,29,22,0,0,3,0,1,7,1,0,1,47.6
3913163,24400.0,Barbara Votíková,Tottenham Hotspur Women,0,0,0,0,0.0,0.0,37,29,0,0,7,0,0,0,0,0,8,101.8
3913163,26093.0,Gun Nathalie Björn,Chelsea FCW,0,0,0,0,0.0,0.0,62,56,0,0,22,2,0,5,1,2,5,101.8
3913163,31531.0,Lauren James,Chelsea FCW,0,0,0,0,0.0,0.0,5,4,0,0,0,1,0,2,0,0,1,15.1
3913163,31533.0,Amy Turner,Tottenham Hotspur Women,0,0,0,0,0.0,0.0,64,53,0,0,5,0,0,13,4,0,5,101.8
3913163,31551.0,Kit Graham,Tottenham Hotspur Women,0,0,0,0,0.0,0.0,8,5,0,0,2,0,0,8,1,0,3,12.8
3913163,31558.0,Martha Thomas,Tottenham Hotspur Women,0,0,0,0,0.0,0.0,8,4,0,0,0,0,1,5,0,0,1,29.3
3913163,46740.0,Grace Clinton,Tottenham Hotspur Women,0,0,3,0,0.151464022,0.151464022,45,37,0,0,4,3,2,25,2,1,8,101.8
3913163,46972.0,Luana Bühler,Tottenham Hotspur Women,0,0,1,0,0.107112706,0.107112706,48,42,0,0,7,0,0,18,3,1,2,101.8
3913163,47008.0,Sjoeke Nüsken,Chelsea FCW,0,0,0,0,0.0,0.0,11,8,0,0,0,0,0,9,1,0,2,24.2
3913163,61467.0,Jessica Naz,Tottenham Hotspur Women,0,0,1,0,0.044716492,0.044716492,9,5,0,1,0,4,0,19,1,0,3,72.5
3913163,62710.0,Johanna Rytting-Kaneryd,Chelsea FCW,0,0,0,0,0.0,0.0,17,12,0,0,2,1,1,5,0,0,3,24.0
3913163,62713.0,Zecira Musovic,Chelsea FCW,0,0,0,0,0.0,0.0,39,31,0,0,10,0,0,0,0,0,2,101.8
3913163,81580.0,Agnes Beever-Jones,Chelsea FCW,0,0,4,0,0.30763891,0.30763891,12,7,0,0,0,0,3,19,0,0,3,86.7
3913163,84901.0,Catarina Cantanhede Melônio Macário,Chelsea FCW,0,0,2,0,0.07673015799999999,0.07673015799999999,47,35,0,1,3,3,2,11,2,0,4,77.6
3913163,87194.0,Celin Bizet Ildhusøy,Tottenham Hotspur Women,0,0,0,0,0.0,0.0,17,12,0,0,1,1,1,27,2,1,3,72.7
3913163,132034.0,Charlotte Layne Grant,Tottenham Hotspur Women,0,0,0,0,0.0,0.0,26,20,0,0,2,1,1,8,1,0,3,54.2
3913163,191850.0,Eveliina Summanen,Tottenham Hotspur Women,0,0,0,0,0.0,0.0,51,37,0,1,7,0,0,19,2,0,5,101.8
3913163,224167.0,Matilda Liv Vinberg,Tottenham Hotspur Women,0,0,0,0,0.0,0.0,5,2,0,0,0,1,0,12,1,0,2,29.1
3913163,389365.0,Maika Hamano,Chelsea FCW,1,1,3,0,0.5275172349999999,0.5275172349999999,37,33,0,1,2,1,1,31,4,1,6,77.8
3913164,5074.0,Shelina Laura Zadorsky,West Ham United LFC,0,0,0,0,0.0,0.0,44,33,0,0,12,0,0,6,1,0,4,97.2
3913164,10158.0,María Victoria Losada Gómez,Brighton & Hove Albion WFC,0,0,0,0,0.0,0.0,53,40,0,0,4,0,1,11,0,0,3,66.3
3913164,10167.0,Tatiana Vanessa Ferreira Pinto,Brighton & Hove Albion WFC,0,0,1,0,0.14143747,0.14143747,9,4,0,0,1,0,0,6,0,0,1,18.9
3913164,10196.0,Kirsty Smith,West Ham United LFC,0,0,0,0,0.0,0.0,31,19,0,2,7,3,0,13,1,1,4,97.2
3913164,16376.0,Sophie Baggaley,Brighton & Hove Albion WFC,0,0,0,0,0.0,0.0,63,56,0,0,12,0,0,0,0,0,2,97.2
3913164,17274.0,Poppy Pattinson,Brighton & Hove Albion WFC,0,0,0,0,0.0,0.0,54,35,0,1,6,3,2,10,1,1,6,77.8
3913164,21059.0,Katie Robinson,Brighton & Hove Albion WFC,0,0,0,0,0.0,0.0,20,10,0,2,3,1,2,13,0,0,5,97.2
3913164,25453.0,Geum-Min Lee,Brighton & Hove Albion WFC,0,0,1,0,0.14995688,0.14995688,10,9,0,1,0,0,0,9,2,0,2,31.2
3913164,25624.0,Risa Shimizu,West Ham United LFC,0,0,0,0,0.0,0.0,34,29,0,0,7,0,0,9,0,2,5,97.2
3913164,25834.0,Viviane Asseyi,West Ham United LFC,0,0,1,0,0.06952526,0.06952526,17,10,0,1,1,0,0,11,2,2,2,97.2
3913164,26094.0,Julia Zigiotti-Olme,Brighton & Hove Albion WFC,0,0,0,0,0.0,0.0,59,45,0,0,9,1,0,14,2,1,7,97.2
3913164,32227.0,Emma Snerle,West Ham United LFC,0,0,2,0,0.132664306,0.132664306,14,7,0,0,0,1,0,19,4,0,5,65.5
3913164,34500.0,Emma Nanny Charlotte Kullberg,Brighton & Hove Albion WFC,0,0,1,0,0.005976989,0.005976989,10,6,0,2,2,0,0,2,0,1,2,18.7
3913164,42787.0,Mackenzie Arnold,West Ham United LFC,0,0,0,0,0.0,0.0,50,38,0,0,8,0,0,0,0,0,5,97.2
3913164,46635.0,Emma Harries,West Ham United LFC,0,0,0,0,0.0,0.0,12,5,0,0,0,1,0,24,1,3,2,65.3
3913164,50193.0,Anouk Denton,West Ham United LFC,0,0,0,0,0.0,0.0,39,32,0,1,7,2,1,21,2,4,5,78.7
3913164,85004.0,Maisie Symonds,Brighton & Hove Albion WFC,0,0,1,0,0.01124129,0.01124129,18,10,0,1,4,0,1,7,2,1,2,30.9
3913164,105102.0,Veatriki Sarri,Brighton & Hove Albion WFC,0,0,1,0,0.06718611,0.06718611,25,16,0,0,1,0,1,24,2,0,5,65.9
3913164,131575.0,Mengwen Li,Brighton & Hove Albion WFC,0,0,0,0,0.0,0.0,43,30,0,0,4,2,1,13,0,0,5,97.2
3913164,131653.0,Honoka Hayashi,West Ham United LFC,0,0,1,0,0.024018368,0.024018368,23,16,0,2,2,0,0,11,1,2,5,97.2
3913164,276301.0,Elisabeth Terland,Brighton & Hove Albion WFC,0,0,3,0,0.370373324,0.370373324,12,10,0,0,0,2,1,33,3,0,0,97.2
3913164,276304.0,Guro Bergsvand,Brighton & Hove Albion WFC,0,0,0,0,0.0,0.0,73,65,0,0,7,5,0,7,1,2,4,97.2
3913164,276907.0,Amber Tysiak,West Ham United LFC,0,0,0,0,0.0,0.0,40,32,0,0,6,1,0,12,0,4,7,96.5
3913164,322322.0,Jessica Ziu,West Ham United LFC,0,0,1,0,0.045752827,0.045752827,15,13,0,2,1,1,2,6,1,0,4,31.9
3913164,370018.0,Shannon Cooke,West Ham United LFC,0,0,1,0,0.012682951,0.012682951,14,6,0,0,1,0,0,1,0,0,1,18.5
3913164,388473.0,Jorelyn Andrea Daniela Carabalí Martínez,Brighton & Hove Albion WFC,0,0,0,0,0.0,0.0,76,63,0,0,6,10,1,13,2,1,6,97.2
3913164,395055.0,Princess Ademiluyi,West Ham United LFC,0,0,1,0,0.04633454,0.04633454,8,6,0,0,0,1,0,13,0,0,4,31.7
3913164,401930.0,Riko Ueki,West Ham United LFC,0,0,3,0,0.282434424,0.282434424,27,18,0,1,2,0,2,33,2,1,5,97.2
3913164,405188.0,Madison Haley,Brighton & Hove Albion WFC,0,0,2,0,0.092445573,0.092445573,16,12,0,2,1,0,0,11,1,0,2,78.0
3913165,4641.0,Francesca Kirby,Chelsea FCW,0,0,3,0,0.5357182659999999,0.5357182659999999,47,43,0,1,6,1,1,27,1,0,3,104.2
3913165,4660.0,Erin Cuthbert,Chelsea FCW,0,0,1,0,0.0527597,0.0527597,19,12,0,1,3,1,0,9,2,0,4,30.9
3913165,4984.0,Rachel Corsie,Aston Villa W,0,0,0,0,0.0,0.0,37,29,0,0,6,0,0,16,0,0,7,104.2
3913165,5058.0,Rachel Daly,Aston Villa W,0,0,0,0,0.0,0.0,39,29,0,1,7,0,0,22,4,3,7,104.2
3913165,10192.0,Jordan Nobbs,Aston Villa W,0,0,1,0,0.04809483,0.04809483,42,28,0,0,1,2,2,24,1,1,8,104.2
3913165,10404.0,Noelle Maritz,Aston Villa W,0,0,0,0,0.0,0.0,32,28,0,0,9,1,0,28,6,1,2,104.2
3913165,10514.0,Guro Reiten,Chelsea FCW,0,0,2,0,0.257087723,0.257087723,27,16,0,0,4,3,0,13,2,1,2,43.9
3913165,15290.0,Ashley Elizabeth Marie Lawrence,Chelsea FCW,0,0,1,0,0.022829039,0.022829039,62,48,0,2,7,0,1,20,6,2,4,104.2
3913165,15357.0,Kadeisha Buchanan,Chelsea FCW,1,1,2,0,0.20441036,0.20441036,78,70,0,0,10,3,0,12,3,5,11,104.2
3913165,15421.0,Kenza Dali,Aston Villa W,0,0,0,0,0.0,0.0,35,27,0,1,1,4,0,16,0,2,11,72.8
3913165,15549.0,Sophie Louise Ingle,Chelsea FCW,0,0,1,0,0.08589246,0.08589246,53,41,0,0,6,0,0,20,1,0,5,104.2
3913165,15559.0,Simone Magill,Aston Villa W,0,0,1,0,0.059074532,0.059074532,30,21,0,0,0,0,0,29,1,0,4,85.4
3913165,15631.0,Niamh Charles,Chelsea FCW,0,0,1,0,0.03636138,0.03636138,55,47,1,0,4,2,0,10,1,2,7,60.3
3913165,18153.0,Alisha Lehmann,Aston Villa W,0,0,0,0,0.0,0.0,4,3,0,0,0,0,1,5,0,0,1,19.3
3913165,19422.0,Jessica Carter,Chelsea FCW,0,0,0,0,0.0,0.0,50,42,0,0,4,11,0,11,4,1,3,73.2
3913165,19500.0,Sarah Emma Mayling,Aston Villa W,0,0,0,0,0.0,0.0,29,21,0,0,2,0,0,26,2,0,6,84.9
3913165,22032.0,Hannah Hampton,Chelsea FCW,0,0,0,0,0.0,0.0,31,31,0,0,9,0,0,0,0,0,3,104.2
3913165,31527.0,Ebony Salmon,Aston Villa W,0,0,0,0,0.0,0.0,0,0,0,0,0,0,0,2,0,0,0,5.2
3913165,31532.0,Kirsty Hanson,Aston Villa W,0,0,3,0,0.24914001100000002,0.24914001100000002,6,3,0,0,0,0,0,6,0,0,4,31.4
3913165,47008.0,Sjoeke Nüsken,Chelsea FCW,0,0,2,0,0.251278322,0.251278322,52,41,0,2,11,2,1,24,6,2,4,104.2
3913165,53188.0,Mayra Tatiana Ramírez Ramírez,Chelsea FCW,0,0,1,0,0.06834534,0.06834534,9,5,0,0,2,1,3,9,0,0,2,30.9
3913165,62710.0,Johanna Rytting-Kaneryd,Chelsea FCW,0,0,0,0,0.0,0.0,5,5,0,1,1,2,0,4,0,0,2,18.8
3913165,78072.0,Anna Patten,Aston Villa W,0,0,0,0,0.0,0.0,43,32,0,0,5,2,1,17,1,0,3,104.2
3913165,81580.0,Agnes Beever-Jones,Chelsea FCW,1,1,2,0,0.27834998,0.27834998,27,21,0,2,1,4,2,19,0,0,6,85.4
3913165,84901.0,Catarina Cantanhede Melônio Macário,Chelsea FCW,0,0,3,0,0.33028357,0.33028357,39,26,0,4,3,1,0,21,1,0,3,73.3
3913165,131589.0,Anna Jessica Leat,Aston Villa W,0,0,0,0,0.0,0.0,0,0,0,0,0,0,0,0,0,0,0,102.3
3913165,225576.0,Miriael Taylor,Aston Villa W,0,0,0,0,0.0,0.0,40,31,0,2,3,0,1,27,4,2,5,104.2
3913165,322143.0,Sophia Poor,Aston Villa W,0,0,0,0,0.0,0.0,39,18,0,0,7,0,0,0,0,0,8,99.0
3913165,337745.0,Georgia Mullett,Aston Villa W,0,0,0,0,0.0,0.0,1,0,0,0,0,0,1,8,0,0,1,18.8
3913165,389365.0,Maika Hamano,Chelsea FCW,1,1,3,0,0.70841643,0.70841643,50,36,0,0,3,2,0,51,5,1,8,104.2
3913166,4636.0,Maria Thorisdottir,Brighton & Hove Albion WFC,0,0,0,0,0.0,0.0,11,10,0,0,1,0,0,1,0,0,3,12.3
3913166,10088.0,Katrine Veje,Everton LFC,0,0,0,0,0.0,0.0,12,4,0,0,1,1,0,2,0,0,1,23.1
3913166,10167.0,Tatiana Vanessa Ferreira Pinto,Brighton & Hove Albion WFC,1,1,3,0,0.891917543,0.891917543,33,25,0,2,4,0,0,22,1,0,5,83.3
3913166,10225.0,Aurora Galli,Everton LFC,0,0,0,0,0.0,0.0,40,34,0,0,4,2,1,25,2,0,11,95.4
3913166,16376.0,Sophie Baggaley,Brighton & Hove Albion WFC,0,0,0,0,0.0,0.0,33,21,0,0,6,0,0,1,0,0,3,95.4
3913166,16386.0,Lucy Hope,Everton LFC,0,0,1,0,0.059587013,0.059587013,37,27,0,0,1,1,1,12,0,1,0,72.2
3913166,17274.0,Poppy Pattinson,Brighton & Hove Albion WFC,0,0,0,0,0.0,0.0,55,48,0,0,9,2,0,21,1,3,2,95.4
3913166,18254.0,Megan Finnigan,Everton LFC,0,0,0,0,0.0,0.0,74,64,0,1,9,1,0,6,1,1,3,95.4
3913166,20725.0,Pauline Bremer,Brighton & Hove Albion WFC,0,0,1,0,0.0684149,0.0684149,22,17,0,1,1,1,0,6,0,1,4,41.2
3913166,21059.0,Katie Robinson,Brighton & Hove Albion WFC,0,0,2,0,0.13863387,0.13863387,16,10,0,0,0,0,0,18,1,1,2,95.4
3913166,25453.0,Geum-Min Lee,Brighton & Hove Albion WFC,0,0,0,0,0.0,0.0,16,12,0,0,0,1,1,4,1,0,4,30.8
3913166,26094.0,Julia Zigiotti-Olme,Brighton & Hove Albion WFC,0,0,0,0,0.0,0.0,78,59,0,2,7,0,2,17,1,2,4,95.4
3913166,31555.0,Courtney Brosnan,Everton LFC,0,0,0,0,0.0,0.0,65,53,0,0,2,0,0,0,0,0,6,95.4
3913166,32229.0,Sara Holmgaard,Everton LFC,0,0,0,0,0.0,0.0,21,17,1,0,2,0,1,12,0,2,3,72.3
3913166,32230.0,Karen Holmgaard,Everton LFC,1,1,1,0,0.21695921,0.21695921,12,8,0,0,1,0,0,2,1,0,3,40.8
3913166,34499.0,Hanna Ulrika Bennison,Everton LFC,0,0,0,0,0.0,0.0,6,4,0,1,1,1,0,13,0,1,0,54.6
3913166,34500.0,Emma Nanny Charlotte Kullberg,Brighton & Hove Albion WFC,0,0,0,0,0.0,0.0,8,5,0,0,0,0,0,1,0,0,0,12.1
3913166,45737.0,Martina Piemonte,Everton LFC,0,0,0,0,0.0,0.0,2,2,0,0,1,0,0,2,0,0,1,7.9
3913166,46459.0,Katja Snoeijs,Everton LFC,0,0,1,0,0.21345659,0.21345659,20,16,0,0,1,0,0,29,0,0,2,95.4
3913166,46738.0,Emma Bissell,Everton LFC,0,0,0,0,0.0,0.0,5,3,0,0,0,0,0,12,0,0,2,23.2
3913166,63308.0,Justine Vanhaevermaet,Everton LFC,0,0,0,0,0.0,0.0,77,62,0,0,13,3,0,13,2,3,2,95.4
3913166,85004.0,Maisie Symonds,Brighton & Hove Albion WFC,0,0,1,0,0.048384752,0.048384752,50,38,0,3,9,0,2,11,4,1,8,64.4
3913166,105102.0,Veatriki Sarri,Brighton & Hove Albion WFC,0,0,1,0,0.04142186,0.04142186,21,13,0,0,2,3,0,14,2,1,6,54.2
3913166,131575.0,Mengwen Li,Brighton & Hove Albion WFC,0,0,1,0,0.043220323,0.043220323,30,24,0,0,4,0,0,4,0,1,4,64.6
3913166,224149.0,Elise Isolde Stenevik,Everton LFC,0,0,0,0,0.0,0.0,46,31,0,0,3,1,2,9,5,1,1,87.7
3913166,276301.0,Elisabeth Terland,Brighton & Hove Albion WFC,0,0,5,0,0.260880465,0.260880465,12,8,0,0,0,0,1,28,1,0,3,95.4
3913166,276304.0,Guro Bergsvand,Brighton & Hove Albion WFC,0,0,0,0,0.0,0.0,81,72,0,0,13,2,0,7,4,0,8,95.4
3913166,276443.0,Kathrine Møller Kühl,Everton LFC,0,0,1,0,0.033489794,0.033489794,38,30,0,0,3,2,1,26,1,2,8,87.5
3913166,338059.0,Clare Wheeler,Everton LFC,0,0,0,0,0.0,0.0,44,37,0,0,5,0,0,26,2,2,1,95.4
3913166,388473.0,Jorelyn Andrea Daniela Carabalí Martínez,Brighton & Hove Albion WFC,0,0,1,0,0.113563985,0.113563985,70,60,0,1,10,0,2,9,4,3,7,83.1
3913166,405188.0,Madison Haley,Brighton & Hove Albion WFC,0,0,0,0,0.0,0.0,15,9,0,0,2,0,0,6,0,0,1,31.0
3913166,424095.0,Eleanor Dale,Everton LFC,0,0,0,0,0.0,0.0,0,0,0,0,0,1,0,5,0,1,0,7.7
3913167,4638.0,Drew Spence,Tottenham Hotspur Women,0,0,1,0,0.081037164,0.081037164,27,26,0,0,1,0,0,18,2,1,5,64.2
3913167,4654.0,Nikita Parris,Manchester United W,0,0,1,0,0.055806246,0.055806246,29,22,0,1,1,3,0,11,0,1,5,58.7
3913167,4848.0,Ashleigh Neville,Tottenham Hotspur Women,0,0,0,0,0.0,0.0,38,28,0,0,6,0,0,18,3,0,2,98.1
3913167,15550.0,Bethany England,Tottenham Hotspur Women,1,1,2,0,0.728360605,0.728360605,27,19,0,0,3,0,1,26,3,0,1,98.7
3913167,16381.0,Gemma Evans,Manchester United W,0,0,0,0,0.0,0.0,76,65,1,3,7,0,0,15,3,0,6,98.7
3913167,17275.0,Hannah Jayne Blundell,Manchester United W,0,0,0,0,0.0,0.0,65,55,0,2,10,1,0,8,1,0,3,49.6
3913167,18158.0,Rebecca Leigh Spencer,Tottenham Hotspur Women,0,0,0,0,0.0,0.0,39,25,0,0,15,0,0,0,0,0,6,98.7
3913167,19503.0,Aoife Mannion,Manchester United W,0,0,0,0,0.0,0.0,43,38,0,0,12,0,0,8,1,0,3,49.1
3913167,21023.0,Amanda Nildén,Tottenham Hotspur Women,0,0,0,0,0.0,0.0,47,34,0,0,6,1,0,22,2,0,8,98.7
3913167,21048.0,Rosella Ayane,Tottenham Hotspur Women,0,0,0,0,0.0,0.0,8,7,0,0,0,0,0,22,3,1,1,24.6
3913167,22337.0,Maya Le Tissier,Manchester United W,1,1,1,0,0.5600478,0.5600478,75,66,0,2,13,1,0,7,2,0,6,98.7
3913167,25513.0,Lucía García Córdoba,Manchester United W,0,0,2,0,0.07327225500000001,0.07327225500000001,11,6,0,0,1,2,0,6,0,0,4,40.0
3913167,25543.0,Geyse da Silva Ferreira,Manchester United W,0,0,0,0,0.0,0.0,12,8,0,0,2,4,3,2,1,0,0,18.1
3913167,31533.0,Amy Turner,Tottenham Hotspur Women,0,0,0,0,0.0,0.0,36,33,0,0,5,0,0,3,0,1,0,98.7
3913167,31534.0,Ella Toone,Manchester United W,0,0,1,0,0.032300454,0.032300454,30,25,0,0,4,2,0,9,0,0,2,80.2
3913167,31536.0,Millie Turner,Manchester United W,0,0,1,0,0.14923145,0.14923145,102,95,0,0,9,0,0,6,1,2,2,98.7
3913167,31538.0,Mary Alexandra Earps,Manchester United W,0,0,0,0,0.0,0.0,26,23,0,0,3,0,0,0,0,0,2,98.7
3913167,31539.0,Leah Galton,Manchester United W,0,0,0,0,0.0,0.0,31,22,0,0,0,1,1,5,1,0,1,80.7
3913167,31540.0,Katie Zelem,Manchester United W,0,0,2,0,0.10815063999999999,0.10815063999999999,83,71,0,1,13,0,0,13,2,0,9,98.7
3913167,31551.0,Kit Graham,Tottenham Hotspur Women,0,0,0,0,0.0,0.0,23,15,0,0,4,1,1,13,3,1,6,65.5
3913167,31558.0,Martha Thomas,Tottenham Hotspur Women,0,0,0,0,0.0,0.0,12,9,0,0,0,1,0,14,0,0,0,33.2
3913167,31563.0,Rachel Williams,Manchester United W,0,0,4,0,0.269690063,0.269690063,7,4,0,0,1,0,0,8,0,0,1,39.8
3913167,31614.0,Melvine Malard,Manchester United W,1,1,2,0,0.18619477,0.18619477,15,11,0,0,0,0,0,10,0,0,2,58.9
3913167,46533.0,Ramona Petzelberger,Tottenham Hotspur Women,0,0,0,0,0.0,0.0,6,5,0,0,0,0,0,22,0,0,1,34.5
3913167,46972.0,Luana Bühler,Tottenham Hotspur Women,0,0,0,0,0.0,0.0,44,38,0,0,7,2,0,15,1,0,4,98.7
3913167,61467.0,Jessica Naz,Tottenham Hotspur Women,1,1,1,0,0.078146584,0.078146584,18,13,0,2,2,0,1,48,0,0,3,98.7
3913167,191850.0,Eveliina Summanen,Tottenham Hotspur Women,0,0,0,0,0.0,0.0,33,27,0,0,7,0,0,19,3,0,4,74.8
3913167,224167.0,Matilda Liv Vinberg,Tottenham Hotspur Women,0,0,2,0,0.18104346,0.18104346,23,16,1,1,2,5,3,37,0,1,7,74.2
3913167,229194.0,Olga Ahtinen,Tottenham Hotspur Women,0,0,0,0,0.0,0.0,8,6,0,0,1,0,0,9,1,0,1,24.0
3913167,386105.0,Lisa Fjeldstad Naalsund,Manchester United W,0,0,2,0,0.239895533,0.239895533,54,48,0,1,7,4,1,23,2,0,9,98.7
3913167,401932.0,Hinata Miyazawa,Manchester United W,0,0,1,0,0.031013621,0.031013621,10,9,0,1,0,0,0,0,0,0,1,18.5
3913168,5074.0,Shelina Laura Zadorsky,West Ham United LFC,0,0,0,0,0.0,0.0,42,39,0,0,8,0,0,17,1,0,8,101.4
3913168,5078.0,Alanna Stephanie Kennedy,Manchester City WFC,0,0,1,0,0.047075864,0.047075864,88,83,0,0,6,7,2,5,0,0,6,101.4
3913168,10163.0,Leila Ouahabi El Ouahabi,Manchester City WFC,1,1,1,0,0.23166376,0.23166376,105,94,0,1,3,3,1,13,1,3,6,101.4
3913168,10196.0,Kirsty Smith,West Ham United LFC,0,0,1,0,0.030626971,0.030626971,38,33,0,1,2,3,1,27,1,1,3,101.4
3913168,10252.0,Alex Greenwood,Manchester City WFC,0,0,0,0,0.0,0.0,130,118,0,0,10,2,0,7,1,5,6,101.4
3913168,15555.0,Lauren Hemp,Manchester City WFC,0,0,1,0,0.095492095,0.095492095,44,34,2,2,2,8,1,18,0,0,4,101.4
3913168,15570.0,Chloe Kelly,Manchester City WFC,0,0,1,0,0.029879062,0.029879062,20,16,0,0,2,0,1,11,0,0,0,53.0
3913168,19416.0,Laura Coombs,Manchester City WFC,0,0,2,0,0.30242338,0.30242338,24,23,0,0,3,2,0,11,0,2,2,67.3
3913168,19498.0,Jessica Park,Manchester City WFC,1,1,4,0,0.785271276,0.785271276,52,45,1,1,5,5,4,11,2,0,5,101.4
3913168,25554.0,Khadija Monifa Shaw,Manchester City WFC,2,2,3,0,0.63058009,0.63058009,2,1,0,0,0,0,0,6,0,1,1,48.4
3913168,25624.0,Risa Shimizu,West Ham United LFC,0,0,0,0,0.0,0.0,29,21,0,1,4,0,0,42,5,3,2,101.4
3913168,25632.0,Yui Hasegawa,Manchester City WFC,0,0,1,0,0.026097892,0.026097892,97,88,0,0,7,2,0,11,0,2,5,101.4
3913168,25834.0,Viviane Asseyi,West Ham United LFC,0,0,4,0,0.582774732,0.582774732,14,9,0,0,1,1,2,60,1,0,4,101.4
3913168,31157.0,Hawa Cissoko,West Ham United LFC,0,0,0,0,0.0,0.0,34,23,0,0,3,0,0,27,2,1,4,101.4
3913168,32210.0,Laia Aleixandri López,Manchester City WFC,0,0,1,0,0.120152965,0.120152965,90,85,0,2,14,4,0,13,2,1,8,101.4
3913168,33675.0,Laura Madison Blindkilde Brown,Manchester City WFC,1,1,1,0,0.29086336,0.29086336,14,12,0,0,1,0,0,9,0,0,3,34.1
3913168,35693.0,Mary Boio Fowler,Manchester City WFC,0,0,2,0,0.082702318,0.082702318,58,43,0,3,4,4,1,12,2,2,2,101.4
3913168,42787.0,Mackenzie Arnold,West Ham United LFC,0,0,0,0,0.0,0.0,57,45,0,0,25,0,0,1,0,0,2,101.4
3913168,46635.0,Emma Harries,West Ham United LFC,0,0,0,0,0.0,0.0,10,8,0,1,0,1,0,12,0,1,0,30.8
3913168,50193.0,Anouk Denton,West Ham United LFC,0,0,0,0,0.0,0.0,23,14,0,0,1,0,0,23,2,0,5,78.2
3913168,92248.0,Khiara Keating,Manchester City WFC,0,0,0,0,0.0,0.0,51,42,0,0,12,0,0,0,0,0,4,101.4
3913168,131653.0,Honoka Hayashi,West Ham United LFC,0,0,0,0,0.0,0.0,23,16,0,0,2,0,0,30,1,1,1,86.3
3913168,224866.0,Anna Marika Bergman Lundin,West Ham United LFC,0,0,0,0,0.0,0.0,6,4,0,0,0,0,0,14,0,1,1,15.1
3913168,276907.0,Amber Tysiak,West Ham United LFC,0,0,0,0,0.0,0.0,26,25,0,0,3,1,0,10,1,0,2,101.4
3913168,322322.0,Jessica Ziu,West Ham United LFC,0,0,2,0,0.184799095,0.184799095,13,9,0,2,1,1,0,68,3,0,2,70.6
3913168,370018.0,Shannon Cooke,West Ham United LFC,0,0,0,0,0.0,0.0,7,3,0,0,2,0,0,10,3,0,1,22.3
3913168,401930.0,Riko Ueki,West Ham United LFC,0,0,4,0,0.44026893999999994,0.44026893999999994,26,21,0,1,1,1,0,103,0,0,4,101.4
3913169,5000.0,Stephanie-Elise Catley,Arsenal WFC,0,0,1,0,0.056209575,0.056209575,99,90,1,0,13,4,1,5,0,2,7,99.1
3913169,10100.0,Janice Cayman,Leicester City WFC,0,0,0,0,0.0,0.0,41,31,0,0,6,0,0,13,1,0,2,99.1
3913169,10229.0,Emma Stina Blackstenius,Arsenal WFC,0,0,1,0,0.1813126,0.1813126,20,17,0,2,0,2,0,12,0,0,3,66.7
3913169,10237.0,Manuela Zinsberger,Arsenal WFC,0,0,0,0,0.0,0.0,45,44,0,0,4,0,0,0,0,0,1,99.1
3913169,10260.0,Lena Petermann,Leicester City WFC,0,0,1,0,0.094713844,0.094713844,19,13,0,0,0,1,0,29,1,1,2,83.5
3913169,10516.0,Frida Maanum,Arsenal WFC,0,0,1,0,0.014211072,0.014211072,9,6,0,0,0,0,0,4,0,0,1,32.4
3913169,11338.0,Caitlin Jade Foord,Arsenal WFC,0,0,4,0,0.528796472,0.528796472,25,20,1,0,1,6,3,16,3,0,1,82.5
3913169,15616.0,Kim Little,Arsenal WFC,0,0,0,0,0.0,0.0,56,50,0,2,6,2,1,11,3,0,8,99.1
3913169,15619.0,Bethany Mead,Arsenal WFC,2,2,4,0,0.766686234,0.766686234,55,32,0,2,3,1,1,8,2,1,1,99.1
3913169,15620.0,Katie McCabe,Arsenal WFC,0,0,2,0,0.073788692,0.073788692,67,54,0,0,14,2,2,17,2,2,7,94.6
3913169,15623.0,Vivianne Miedema,Arsenal WFC,0,0,3,0,0.257373275,0.257373275,3,3,0,0,0,0,0,1,0,0,2,15.7
3913169,15720.0,Sophie Howard,Leicester City WFC,0,0,0,0,0.0,0.0,64,54,0,0,12,0,0,7,3,4,3,99.1
3913169,16374.0,Aileen Whelan,Leicester City WFC,0,0,0,0,0.0,0.0,2,2,0,1,0,0,0,6,0,0,0,15.6
3913169,18999.0,Leah Williamson,Arsenal WFC,0,0,1,0,0.005875607,0.005875607,100,88,0,0,23,5,1,7,2,3,7,99.1
3913169,25601.0,Deanne Cynthia Rose,Leicester City WFC,0,0,0,0,0.0,0.0,10,7,0,2,0,2,1,16,0,1,1,81.6
3913169,25604.0,Saori Takarada,Leicester City WFC,0,0,0,0,0.0,0.0,32,29,0,1,5,0,1,19,1,2,2,94.0
3913169,25662.0,Catherine Joan Bott,Leicester City WFC,0,0,0,0,0.0,0.0,36,30,0,0,4,0,0,21,4,0,3,81.8
3913169,26520.0,Yuka Momiki,Leicester City WFC,0,0,1,0,0.029359646,0.029359646,34,22,0,0,4,0,1,15,2,2,5,99.1
3913169,30856.0,Julie Thibaud,Leicester City WFC,0,0,1,0,0.20026317,0.20026317,45,35,0,0,7,0,0,23,5,1,5,99.1
3913169,32694.0,Laia Codina Panedas,Arsenal WFC,0,0,0,0,0.0,0.0,7,6,0,0,1,0,0,0,0,1,1,4.5
3913169,46541.0,Asmita Ale,Leicester City WFC,0,0,0,0,0.0,0.0,4,2,0,0,0,0,0,5,0,2,1,17.3
3913169,46973.0,Laura Wienroither,Arsenal WFC,0,0,0,0,0.0,0.0,2,2,0,0,0,0,0,0,0,0,1,4.8
3913169,47521.0,Alessia Russo,Arsenal WFC,1,1,4,0,0.8826998079999999,0.8826998079999999,19,16,0,2,1,0,0,16,2,0,2,83.5
3913169,62906.0,Cloé Zoé Eyja Lacasse,Arsenal WFC,0,0,0,0,0.0,0.0,7,6,0,2,1,0,0,0,0,0,1,16.6
3913169,63784.0,Lize Kop,Leicester City WFC,0,0,0,0,0.0,0.0,56,48,0,0,6,0,0,1,0,0,2,99.1
3913169,63788.0,Victoria Pelova,Arsenal WFC,0,0,2,0,0.10787310700000001,0.10787310700000001,41,34,0,1,4,1,0,26,4,1,5,99.1
3913169,107491.0,Emily Ann Fox,Arsenal WFC,0,0,2,0,0.184030754,0.184030754,55,48,0,2,3,3,0,9,1,1,10,94.3
3913169,135753.0,Samantha Tierney,Leicester City WFC,0,0,2,0,0.150349776,0.150349776,29,24,0,0,1,0,1,39,1,2,7,99.1
3913169,135759.0,Shannon O’Brien,Leicester City WFC,0,0,1,0,0.067567386,0.067567386,2,2,0,0,0,1,0,1,0,0,0,17.5
3913169,224822.0,Jutta Rantala,Leicester City WFC,0,0,0,0,0.0,0.0,27,19,0,2,0,5,0,26,0,0,8,99.1
3913169,225180.0,Emilia Pelgander,Leicester City WFC,0,0,0,0,0.0,0.0,2,2,0,0,0,0,0,1,0,0,0,5.2
3913170,10093.0,Yana Daniëls,Liverpool WFC,0,0,0,0,0.0,0.0,13,11,0,0,1,1,0,4,2,0,3,27.2
3913170,10179.0,Lisa Evans,Bristol City WFC,0,0,0,0,0.0,0.0,13,11,0,0,0,0,0,2,0,0,1,31.4
3913170,15547.0,Melissa Lawley,Liverpool WFC,0,0,0,0,0.0,0.0,9,4,0,0,0,4,0,2,0,1,1,27.5
3913170,15554.0,Gemma Bonner,Liverpool WFC,0,0,0,0,0.0,0.0,16,15,0,0,2,0,1,8,0,3,3,52.9
3913170,15706.0,Rachel Furness,Bristol City WFC,0,0,1,0,0.0075261053,0.0075261053,21,11,0,0,2,0,0,8,1,1,7,49.1
3913170,15716.0,Emily Syme,Bristol City WFC,0,0,0,0,0.0,0.0,23,18,0,0,0,1,1,14,1,0,3,89.9
3913170,15788.0,Amalie Grønbak Thestrup,Bristol City WFC,0,0,2,0,0.514815617,0.514815617,19,10,0,1,1,1,0,21,0,1,2,102.0
3913170,18146.0,Leanne Kiernan,Liverpool WFC,0,0,0,0,0.0,0.0,13,9,0,0,1,1,0,10,2,0,4,49.1
3913170,19417.0,Amy Rodgers,Bristol City WFC,0,0,1,0,0.034048233,0.034048233,53,37,0,0,5,4,2,21,1,0,10,102.0
3913170,19687.0,Taylor Hinds,Liverpool WFC,0,0,0,0,0.0,0.0,61,40,0,0,0,3,2,8,1,5,4,61.7
3913170,23412.0,Abigail Harrison,Bristol City WFC,0,0,1,0,0.013967751,0.013967751,2,1,0,0,0,0,0,0,0,0,1,5.0
3913170,23413.0,Megan Connolly,Bristol City WFC,0,0,0,0,0.0,0.0,58,42,0,0,13,1,2,8,2,0,8,102.0
3913170,24237.0,Missy Bo Kearns,Liverpool WFC,0,0,2,0,0.041924626,0.041924626,44,28,0,2,1,3,2,27,5,1,6,101.7
3913170,24706.0,Sophie Roman Haug,Liverpool WFC,0,0,1,0,0.06345549,0.06345549,31,21,0,2,1,0,0,25,1,3,0,101.7
3913170,32074.0,Jenna Clark,Liverpool WFC,0,0,0,0,0.0,0.0,47,42,0,0,6,2,0,9,3,2,2,102.0
3913170,32169.0,Jamie-Lee Napier,Bristol City WFC,0,0,0,0,0.0,0.0,40,26,0,2,0,1,2,16,1,1,4,102.0
3913170,32403.0,Emma Wilhelmina Koivisto,Liverpool WFC,0,0,0,0,0.0,0.0,17,12,0,0,1,2,0,5,0,5,2,39.7
3913170,33067.0,Shae Yanez,Bristol City WFC,0,0,0,0,0.0,0.0,38,28,0,0,7,0,0,0,0,0,5,102.0
3913170,34232.0,Grace Fisk,Liverpool WFC,0,0,1,0,0.06711815,0.06711815,69,65,0,0,12,1,0,11,2,2,2,102.0
3913170,46741.0,Naomi Layzell,Bristol City WFC,0,0,0,0,0.0,0.0,27,17,0,0,3,0,1,4,1,0,1,49.1
3913170,46974.0,Marie Therese Höbinger,Liverpool WFC,1,1,2,0,0.127127238,0.127127238,31,16,0,0,3,2,2,11,1,1,5,62.2
3913170,55069.0,Lucy Parry,Liverpool WFC,0,0,0,0,0.0,0.0,29,21,0,0,3,1,1,12,0,0,5,74.6
3913170,84765.0,Carrie Jones,Bristol City WFC,0,0,2,0,0.133057806,0.133057806,15,9,0,0,2,0,0,9,3,1,2,52.9
3913170,131588.0,Teagan Jade Micah,Liverpool WFC,0,0,0,0,0.0,0.0,65,55,0,0,20,0,0,0,0,0,8,102.0
3913170,185543.0,Ffion Morgan,Bristol City WFC,0,0,1,0,0.039559238,0.039559238,30,18,0,0,3,1,0,17,0,0,7,70.5
3913170,185544.0,Jasmine Bull,Bristol City WFC,0,0,0,0,0.0,0.0,40,25,0,0,3,2,1,17,1,2,8,97.0
3913170,185545.0,Brooke Aspin,Bristol City WFC,0,0,0,0,0.0,0.0,47,32,0,0,13,1,0,10,1,1,4,102.0
3913170,224845.0,Sarah Anne Stratigakis,Bristol City WFC,0,0,0,0,0.0,0.0,16,11,0,0,2,0,0,0,0,0,4,52.9
3913170,299860.0,Fuka Nagano,Liverpool WFC,0,0,0,0,0.0,0.0,45,36,0,0,9,1,1,26,2,2,6,101.6
3913170,322359.0,Ceri Holland,Liverpool WFC,0,0,0,0,0.0,0.0,18,12,0,3,6,1,0,3,0,1,1,39.7
3913170,329372.0,Mia Enderby,Liverpool WFC,0,0,4,0,0.336940425,0.336940425,13,12,0,1,0,1,0,16,1,1,1,73.7
3913170,345061.0,Mari Ward,Bristol City WFC,0,0,0,0,0.0,0.0,11,11,0,0,1,0,0,4,1,0,2,12.0
3913171,4654.0,Nikita Parris,Manchester United W,0,0,0,0,0.0,0.0,8,4,0,1,0,1,1,7,1,0,2,41.9
3913171,10100.0,Janice Cayman,Leicester City WFC,0,0,2,0,0.145890315,0.145890315,60,44,0,1,11,1,0,19,8,1,7,106.4
3913171,10260.0,Lena Petermann,Leicester City WFC,0,0,1,0,0.008861512,0.008861512,29,22,0,2,3,1,1,26,1,0,5,106.4
3913171,15720.0,Sophie Howard,Leicester City WFC,0,0,0,0,0.0,0.0,54,36,0,0,8,2,0,10,1,0,6,106.4
3913171,16381.0,Gemma Evans,Manchester United W,0,0,0,0,0.0,0.0,73,53,0,1,8,1,0,9,2,1,1,105.5
3913171,17275.0,Hannah Jayne Blundell,Manchester United W,0,0,1,0,0.17741278,0.17741278,70,65,0,1,6,1,0,21,4,1,7,106.4
3913171,19501.0,Hayley Ladd,Manchester United W,0,0,0,0,0.0,0.0,2,2,0,0,1,0,0,9,1,0,0,17.6
3913171,22337.0,Maya Le Tissier,Manchester United W,0,0,2,0,0.039028314,0.039028314,97,81,0,1,25,6,0,10,0,1,11,106.4
3913171,25513.0,Lucía García Córdoba,Manchester United W,0,0,2,0,0.16933326,0.16933326,12,8,0,1,0,3,2,8,1,0,2,42.1
3913171,25543.0,Geyse da Silva Ferreira,Manchester United W,0,0,3,0,0.21193526099999999,0.21193526099999999,36,24,0,1,2,8,3,17,3,0,7,64.4
3913171,25601.0,Deanne Cynthia Rose,Leicester City WFC,0,0,1,0,0.012539653,0.012539653,10,6,0,0,0,5,0,3,0,0,1,36.2
3913171,25604.0,Saori Takarada,Leicester City WFC,0,0,1,0,0.048727646,0.048727646,35,29,0,1,5,1,0,15,2,2,2,100.3
3913171,25662.0,Catherine Joan Bott,Leicester City WFC,0,0,1,0,0.02061411,0.02061411,17,13,0,0,4,2,0,5,0,1,4,36.3
3913171,26520.0,Yuka Momiki,Leicester City WFC,0,0,2,0,0.59758914,0.59758914,26,21,0,2,4,2,2,18,3,0,4,106.4
3913171,30856.0,Julie Thibaud,Leicester City WFC,0,0,0,0,0.0,0.0,43,30,0,0,6,1,0,15,2,3,4,106.4
3913171,31534.0,Ella Toone,Manchester United W,1,1,1,0,0.030275369,0.030275369,13,11,0,1,0,0,0,8,0,0,2,32.3
3913171,31536.0,Millie Turner,Manchester United W,0,0,0,0,0.0,0.0,86,82,0,0,7,1,0,7,0,0,3,106.4
3913171,31538.0,Mary Alexandra Earps,Manchester United W,0,0,0,0,0.0,0.0,37,27,0,0,3,0,0,0,0,0,3,106.4
3913171,31539.0,Leah Galton,Manchester United W,0,0,2,0,0.43038591000000004,0.43038591000000004,23,17,0,3,2,1,0,19,3,0,6,106.4
3913171,31540.0,Katie Zelem,Manchester United W,0,0,0,0,0.0,0.0,77,65,1,2,10,0,0,23,5,2,8,106.4
3913171,31614.0,Melvine Malard,Manchester United W,0,0,5,0,0.320210346,0.320210346,18,15,0,3,0,2,0,21,1,0,2,64.3
3913171,46541.0,Asmita Ale,Leicester City WFC,0,0,0,0,0.0,0.0,25,20,0,0,3,0,0,4,0,1,3,70.0
3913171,46988.0,Janina Leitzig,Leicester City WFC,0,0,0,0,0.0,0.0,32,26,0,0,10,0,0,1,0,0,1,106.4
3913171,112522.0,Missy Goodwin,Leicester City WFC,0,0,1,0,0.19628108,0.19628108,11,6,0,1,0,0,1,19,2,1,4,70.2
3913171,135753.0,Samantha Tierney,Leicester City WFC,0,0,1,0,0.062438563,0.062438563,29,24,0,0,2,1,0,23,0,3,5,105.0
3913171,224822.0,Jutta Rantala,Leicester City WFC,0,0,2,0,0.100258871,0.100258871,46,23,0,0,4,1,0,21,2,0,6,106.4
3913171,225180.0,Emilia Pelgander,Leicester City WFC,0,0,0,0,0.0,0.0,1,1,0,0,0,0,0,0,0,0,1,6.0
3913171,386105.0,Lisa Fjeldstad Naalsund,Manchester United W,0,0,0,0,0.0,0.0,52,39,0,1,4,0,1,25,3,2,8,88.8
3913171,401932.0,Hinata Miyazawa,Manchester United W,0,0,4,0,0.255168292,0.255168292,32,27,0,1,1,3,1,16,0,3,7,74.1
3913172,4636.0,Maria Thorisdottir,Brighton & Hove Albion WFC,0,0,0,0,0.0,0.0,43,32,0,0,7,1,1,12,3,1,2,103.2
3913172,4848.0,Ashleigh Neville,Tottenham Hotspur Women,0,0,1,0,0.20435843,0.20435843,17,14,1,0,5,4,0,5,1,0,3,21.5
3913172,10158.0,María Victoria Losada Gómez,Brighton & Hove Albion WFC,0,0,0,0,0.0,0.0,45,33,0,0,3,2,2,42,4,1,9,103.2
3913172,10167.0,Tatiana Vanessa Ferreira Pinto,Brighton & Hove Albion WFC,0,0,0,0,0.0,0.0,29,24,0,0,3,1,0,26,3,0,6,64.8
3913172,15550.0,Bethany England,Tottenham Hotspur Women,1,1,5,0,0.480394358,0.480394358,30,19,0,3,1,2,1,24,1,1,5,103.2
3913172,16393.0,Ellie Brazil,Tottenham Hotspur Women,0,0,0,0,0.0,0.0,6,4,0,0,1,1,0,2,0,1,0,15.5
3913172,17274.0,Poppy Pattinson,Brighton & Hove Albion WFC,0,0,0,0,0.0,0.0,36,31,0,0,3,1,0,18,2,1,7,103.2
3913172,18158.0,Rebecca Leigh Spencer,Tottenham Hotspur Women,0,0,0,0,0.0,0.0,31,30,0,0,6,0,0,0,0,0,4,103.2
3913172,20725.0,Pauline Bremer,Brighton & Hove Albion WFC,0,0,0,0,0.0,0.0,50,32,0,3,8,2,0,26,4,2,5,103.2
3913172,21021.0,Molly Bartrip,Tottenham Hotspur Women,0,0,0,0,0.0,0.0,33,31,0,0,3,0,0,4,2,0,2,41.0
3913172,21023.0,Amanda Nildén,Tottenham Hotspur Women,0,0,1,0,0.0143028265,0.0143028265,58,47,0,0,7,3,6,14,1,1,6,103.2
3913172,21059.0,Katie Robinson,Brighton & Hove Albion WFC,0,0,1,0,0.0077538565,0.0077538565,6,3,0,0,0,1,1,5,0,0,0,29.6
3913172,24461.0,Shuang Wang,Tottenham Hotspur Women,0,0,1,0,0.025065778,0.025065778,17,10,0,1,0,0,2,7,1,0,1,41.2
3913172,25453.0,Geum-Min Lee,Brighton & Hove Albion WFC,0,0,2,0,0.049978461,0.049978461,28,20,0,0,1,1,0,27,0,0,5,82.9
3913172,26094.0,Julia Zigiotti-Olme,Brighton & Hove Albion WFC,0,0,0,0,0.0,0.0,24,22,0,0,3,0,0,12,0,1,3,38.4
3913172,31533.0,Amy Turner,Tottenham Hotspur Women,0,0,2,0,0.18681746999999999,0.18681746999999999,64,59,0,0,13,0,0,10,2,2,6,103.2
3913172,31551.0,Kit Graham,Tottenham Hotspur Women,0,0,1,0,0.042223044,0.042223044,21,19,0,0,6,0,0,6,2,1,3,40.8
3913172,34500.0,Emma Nanny Charlotte Kullberg,Brighton & Hove Albion WFC,0,0,0,0,0.0,0.0,4,4,0,0,0,0,0,7,0,0,0,20.6
3913172,46740.0,Grace Clinton,Tottenham Hotspur Women,0,0,7,0,0.549201847,0.549201847,38,30,0,1,4,4,4,23,3,1,11,103.2
3913172,46972.0,Luana Bühler,Tottenham Hotspur Women,0,0,0,0,0.0,0.0,48,43,0,0,8,2,0,8,0,1,5,62.4
3913172,61467.0,Jessica Naz,Tottenham Hotspur Women,0,0,1,0,0.03174203,0.03174203,15,12,0,2,3,1,0,21,2,0,1,87.6
3913172,85004.0,Maisie Symonds,Brighton & Hove Albion WFC,0,0,1,0,0.037379578,0.037379578,40,31,0,1,9,2,0,46,4,2,7,102.2
3913172,131575.0,Mengwen Li,Brighton & Hove Albion WFC,0,0,0,0,0.0,0.0,5,5,0,0,0,0,0,1,0,0,1,20.3
3913172,132034.0,Charlotte Layne Grant,Tottenham Hotspur Women,0,0,2,0,0.8093413,0.8093413,48,38,0,1,4,5,1,9,3,1,8,81.7
3913172,191850.0,Eveliina Summanen,Tottenham Hotspur Women,0,0,1,0,0.022662604,0.022662604,57,49,0,0,7,0,1,24,4,1,8,101.4
3913172,224167.0,Matilda Liv Vinberg,Tottenham Hotspur Women,0,0,1,0,0.055396974,0.055396974,17,12,0,4,2,2,2,12,0,1,5,62.2
3913172,225020.0,Melina Loeck,Brighton & Hove Albion WFC,0,0,0,0,0.0,0.0,25,21,0,0,3,0,0,0,0,0,3,103.2
3913172,229194.0,Olga Ahtinen,Tottenham Hotspur Women,0,0,0,0,0.0,0.0,50,39,0,0,6,1,0,14,3,1,5,61.9
3913172,276301.0,Elisabeth Terland,Brighton & Hove Albion WFC,1,1,3,0,1.16347471,1.16347471,6,6,0,0,0,2,2,25,0,0,5,82.6
3913172,276304.0,Guro Bergsvand,Brighton & Hove Albion WFC,0,0,0,0,0.0,0.0,47,30,0,0,9,2,0,12,2,0,4,103.2
3913172,405188.0,Madison Haley,Brighton & Hove Albion WFC,0,0,1,0,0.0394635,0.0394635,19,11,0,0,1,0,1,20,2,0,4,73.5
3913173,4641.0,Francesca Kirby,Chelsea FCW,0,0,0,0,0.0,0.0,17,13,0,0,1,1,0,8,1,1,4,64.0
3913173,4642.0,Millie Bright,Chelsea FCW,0,0,0,0,0.0,0.0,30,23,0,0,6,0,0,11,2,1,5,75.0
3913173,4660.0,Erin Cuthbert,Chelsea FCW,0,0,2,0,0.13853066,0.13853066,55,45,0,1,4,1,1,17,4,2,15,107.7
3913173,10093.0,Yana Daniëls,Liverpool WFC,0,0,0,0,0.0,0.0,14,12,0,0,5,0,0,6,1,0,0,59.5
3913173,10418.0,Eve Perisset,Chelsea FCW,0,0,0,0,0.0,0.0,30,22,0,1,4,1,0,2,0,0,2,33.5
3913173,10514.0,Guro Reiten,Chelsea FCW,0,0,0,0,0.0,0.0,9,7,0,1,2,0,0,4,0,0,1,33.3
3913173,15290.0,Ashley Elizabeth Marie Lawrence,Chelsea FCW,0,0,0,0,0.0,0.0,40,36,0,1,9,1,1,14,1,0,5,74.9
3913173,15549.0,Sophie Louise Ingle,Chelsea FCW,0,0,0,0,0.0,0.0,26,24,0,2,4,0,0,2,1,1,4,44.5
3913173,15554.0,Gemma Bonner,Liverpool WFC,2,2,3,0,0.229142171,0.229142171,23,15,0,0,3,0,0,21,3,1,8,108.3
3913173,15618.0,Jasmine Matthews,Liverpool WFC,0,0,0,0,0.0,0.0,8,5,0,0,1,0,0,3,0,1,1,29.1
3913173,15631.0,Niamh Charles,Chelsea FCW,0,0,2,0,0.15296247000000002,0.15296247000000002,89,57,1,1,15,3,5,8,1,1,14,108.3
3913173,18146.0,Leanne Kiernan,Liverpool WFC,1,1,1,0,0.63455844,0.63455844,3,2,0,0,1,2,2,13,1,0,1,29.6
3913173,19422.0,Jessica Carter,Chelsea FCW,0,0,0,0,0.0,0.0,57,48,0,0,7,0,0,16,1,0,7,108.3
3913173,19687.0,Taylor Hinds,Liverpool WFC,0,0,1,0,0.07220942,0.07220942,35,24,0,0,5,0,0,11,1,1,5,79.2
3913173,22032.0,Hannah Hampton,Chelsea FCW,0,0,0,0,0.0,0.0,49,33,0,0,21,0,0,0,0,0,7,108.3
3913173,24237.0,Missy Bo Kearns,Liverpool WFC,0,0,0,0,0.0,0.0,2,0,0,0,0,1,2,8,1,0,2,18.0
3913173,24706.0,Sophie Roman Haug,Liverpool WFC,1,1,5,0,0.41424555599999996,0.41424555599999996,51,25,0,2,2,0,0,38,1,0,2,108.3
3913173,26093.0,Gun Nathalie Björn,Chelsea FCW,0,0,0,0,0.0,0.0,31,27,0,0,3,0,0,2,0,0,3,33.3
3913173,32074.0,Jenna Clark,Liverpool WFC,0,0,1,0,0.023452548,0.023452548,24,18,0,0,2,0,0,16,3,0,2,108.3
3913173,32403.0,Emma Wilhelmina Koivisto,Liverpool WFC,0,0,1,0,0.025351662,0.025351662,21,18,0,0,2,0,0,18,3,0,2,107.1
3913173,34232.0,Grace Fisk,Liverpool WFC,0,0,0,0,0.0,0.0,33,27,0,0,6,1,0,17,5,1,1,108.3
3913173,46974.0,Marie Therese Höbinger,Liverpool WFC,0,0,0,0,0.0,0.0,45,35,3,4,10,1,0,28,4,0,8,108.3
3913173,47008.0,Sjoeke Nüsken,Chelsea FCW,0,0,2,0,0.19028003999999998,0.19028003999999998,27,15,0,0,3,0,1,13,3,0,2,63.9
3913173,62710.0,Johanna Rytting-Kaneryd,Chelsea FCW,0,0,0,0,0.0,0.0,20,16,0,0,2,3,2,13,0,1,7,75.0
3913173,81580.0,Agnes Beever-Jones,Chelsea FCW,2,2,4,0,0.72515104,0.72515104,26,17,0,0,0,3,6,18,0,1,4,105.5
3913173,84901.0,Catarina Cantanhede Melônio Macário,Chelsea FCW,0,0,6,0,0.5301073709999999,0.5301073709999999,46,32,1,5,0,2,1,19,1,0,2,108.3
3913173,131588.0,Teagan Jade Micah,Liverpool WFC,0,0,0,0,0.0,0.0,42,31,0,0,25,0,0,0,0,0,3,108.3
3913173,299860.0,Fuka Nagano,Liverpool WFC,0,0,0,0,0.0,0.0,24,14,0,0,6,1,0,31,2,2,3,108.3
3913173,322359.0,Ceri Holland,Liverpool WFC,0,0,1,0,0.024103342,0.024103342,30,19,1,0,2,2,2,20,1,0,3,90.3
3913173,329372.0,Mia Enderby,Liverpool WFC,0,0,1,0,0.26054996,0.26054996,15,5,0,1,0,4,0,18,1,0,3,78.8
3913173,389365.0,Maika Hamano,Chelsea FCW,0,0,1,0,0.103020005,0.103020005,17,15,0,0,1,1,0,4,0,1,2,44.3
3913174,5078.0,Alanna Stephanie Kennedy,Manchester City WFC,0,0,1,0,0.17650542,0.17650542,44,41,0,1,4,9,0,3,0,1,3,51.1
3913174,10163.0,Leila Ouahabi El Ouahabi,Manchester City WFC,0,0,1,0,0.025904387,0.025904387,77,73,0,2,1,3,1,7,0,0,8,104.8
3913174,10179.0,Lisa Evans,Bristol City WFC,0,0,0,0,0.0,0.0,2,2,0,0,1,0,0,3,1,0,0,26.2
3913174,10252.0,Alex Greenwood,Manchester City WFC,1,1,1,0,0.11447691,0.11447691,134,129,0,3,28,19,0,5,1,2,8,104.8
3913174,15555.0,Lauren Hemp,Manchester City WFC,0,0,8,0,0.627367468,0.627367468,42,36,1,2,0,0,3,10,0,0,5,104.8
3913174,15570.0,Chloe Kelly,Manchester City WFC,0,0,6,0,0.385711883,0.385711883,35,26,1,2,1,1,2,18,1,1,4,104.8
3913174,15706.0,Rachel Furness,Bristol City WFC,0,0,1,0,0.098265514,0.098265514,26,12,0,0,2,0,1,22,1,0,6,78.6
3913174,15716.0,Emily Syme,Bristol City WFC,0,0,0,0,0.0,0.0,20,15,0,0,1,2,1,15,4,0,2,104.8
3913174,15788.0,Amalie Grønbak Thestrup,Bristol City WFC,0,0,1,0,0.314103,0.314103,10,5,0,0,0,1,0,24,3,0,0,51.1
3913174,19416.0,Laura Coombs,Manchester City WFC,0,0,2,0,0.110564749,0.110564749,23,19,0,3,1,0,1,14,0,0,1,78.2
3913174,19417.0,Amy Rodgers,Bristol City WFC,0,0,1,0,0.02128541,0.02128541,21,14,0,0,1,0,0,44,4,2,7,104.8
3913174,19498.0,Jessica Park,Manchester City WFC,0,0,4,0,0.288884416,0.288884416,60,55,0,0,1,3,3,19,3,1,12,104.8
3913174,23412.0,Abigail Harrison,Bristol City WFC,0,0,0,0,0.0,0.0,18,13,0,0,0,0,0,3,1,0,3,53.7
3913174,23413.0,Megan Connolly,Bristol City WFC,0,0,0,0,0.0,0.0,20,13,0,2,7,1,0,5,1,0,2,104.8
3913174,25632.0,Yui Hasegawa,Manchester City WFC,0,0,0,0,0.0,0.0,87,81,1,0,6,3,0,14,1,1,4,104.8
3913174,32169.0,Jamie-Lee Napier,Bristol City WFC,0,0,0,0,0.0,0.0,15,7,0,0,0,3,1,31,3,1,3,104.8
3913174,32210.0,Laia Aleixandri López,Manchester City WFC,0,0,3,0,0.328901307,0.328901307,123,110,0,0,17,5,3,8,3,2,3,104.8
3913174,33067.0,Shae Yanez,Bristol City WFC,0,0,0,0,0.0,0.0,45,30,0,0,16,0,0,0,0,0,7,104.8
3913174,33675.0,Laura Madison Blindkilde Brown,Manchester City WFC,0,0,1,0,0.17081428,0.17081428,18,15,0,1,1,0,0,5,0,0,1,26.6
3913174,35693.0,Mary Boio Fowler,Manchester City WFC,2,2,4,0,0.41953655300000003,0.41953655300000003,65,54,0,7,4,4,0,21,0,0,5,104.8
3913174,46741.0,Naomi Layzell,Bristol City WFC,0,0,0,0,0.0,0.0,20,14,0,0,3,0,0,19,6,1,1,72.7
3913174,84765.0,Carrie Jones,Bristol City WFC,0,0,0,0,0.0,0.0,12,10,0,0,0,0,1,22,2,2,4,53.7
3913174,92248.0,Khiara Keating,Manchester City WFC,0,0,0,0,0.0,0.0,35,34,0,0,9,0,0,1,0,0,3,104.8
3913174,185543.0,Ffion Morgan,Bristol City WFC,0,0,0,0,0.0,0.0,7,4,0,1,0,0,0,15,0,1,1,51.1
3913174,185544.0,Jasmine Bull,Bristol City WFC,0,0,0,0,0.0,0.0,14,11,0,0,3,0,0,15,0,2,1,104.8
3913174,185545.0,Brooke Aspin,Bristol City WFC,0,0,1,0,0.024068866,0.024068866,16,12,0,0,3,0,0,6,2,2,0,94.2
3913174,221888.0,Kerstin Yasmijn Casparij,Manchester City WFC,0,0,0,0,0.0,0.0,42,40,0,1,2,2,0,8,4,0,4,53.3
3913174,337710.0,Cecilie Maag Struck,Bristol City WFC,0,0,0,0,0.0,0.0,0,0,0,0,0,0,0,2,0,1,0,10.6
3913174,345061.0,Mari Ward,Bristol City WFC,0,0,0,0,0.0,0.0,3,1,0,0,1,0,0,13,0,0,1,32.1
3913175,5058.0,Rachel Daly,Aston Villa W,0,0,2,0,0.436754454,0.436754454,27,19,0,2,2,2,1,13,4,0,2,96.7
3913175,5074.0,Shelina Laura Zadorsky,West Ham United LFC,0,0,0,0,0.0,0.0,38,20,0,0,4,0,0,8,1,0,2,80.5
3913175,8297.0,Adriana Kristina Leon,Aston Villa W,0,0,1,0,0.03914491,0.03914491,19,13,0,0,0,4,0,9,0,0,1,68.6
3913175,10192.0,Jordan Nobbs,Aston Villa W,0,0,0,0,0.0,0.0,68,58,0,1,4,1,0,10,0,2,8,96.7
3913175,10196.0,Kirsty Smith,West Ham United LFC,0,0,0,0,0.0,0.0,44,25,0,0,3,1,1,22,1,2,4,96.7
3913175,10404.0,Noelle Maritz,Aston Villa W,0,0,0,0,0.0,0.0,74,67,0,0,7,2,1,11,1,0,4,96.7
3913175,15421.0,Kenza Dali,Aston Villa W,0,0,2,0,0.08084225,0.08084225,72,66,0,2,5,2,1,12,1,0,5,96.7
3913175,15559.0,Simone Magill,Aston Villa W,0,0,0,0,0.0,0.0,2,2,0,0,0,0,0,1,0,0,0,7.7
3913175,15571.0,Danielle Turner,Aston Villa W,0,0,2,0,0.130726186,0.130726186,92,87,0,0,25,3,0,2,0,2,5,96.7
3913175,18153.0,Alisha Lehmann,Aston Villa W,1,1,2,0,0.25874748599999997,0.25874748599999997,2,1,0,0,0,1,0,3,0,0,1,28.1
3913175,19500.0,Sarah Emma Mayling,Aston Villa W,0,0,0,0,0.0,0.0,63,52,0,0,5,2,1,9,4,0,11,96.7
3913175,25624.0,Risa Shimizu,West Ham United LFC,0,0,0,0,0.0,0.0,35,26,0,0,3,0,0,17,2,3,0,96.7
3913175,25834.0,Viviane Asseyi,West Ham United LFC,0,0,4,0,0.334226312,0.334226312,24,13,0,0,3,6,4,19,4,1,3,96.7
3913175,31157.0,Hawa Cissoko,West Ham United LFC,0,0,0,0,0.0,0.0,38,32,0,1,12,9,0,11,3,0,2,96.7
3913175,31527.0,Ebony Salmon,Aston Villa W,0,0,0,0,0.0,0.0,5,1,0,0,0,0,0,3,0,0,1,35.4
3913175,31532.0,Kirsty Hanson,Aston Villa W,0,0,0,0,0.0,0.0,49,31,0,1,2,10,3,17,1,2,7,89.0
3913175,32227.0,Emma Snerle,West Ham United LFC,0,0,0,0,0.0,0.0,32,22,0,2,3,1,2,22,0,0,1,96.7
3913175,42787.0,Mackenzie Arnold,West Ham United LFC,0,0,0,0,0.0,0.0,42,36,0,0,11,0,0,0,0,0,4,96.7
3913175,50193.0,Anouk Denton,West Ham United LFC,0,0,0,0,0.0,0.0,6,5,0,0,1,1,1,10,1,0,0,24.5
3913175,78072.0,Anna Patten,Aston Villa W,0,0,1,0,0.30374616,0.30374616,66,58,0,0,10,5,2,3,1,0,1,96.7
3913175,131653.0,Honoka Hayashi,West Ham United LFC,0,0,0,0,0.0,0.0,30,26,0,3,7,2,0,10,0,2,4,91.8
3913175,225576.0,Miriael Taylor,Aston Villa W,0,0,0,0,0.0,0.0,29,26,0,0,1,1,1,9,2,2,3,60.5
3913175,276907.0,Amber Tysiak,West Ham United LFC,0,0,0,0,0.0,0.0,41,34,0,0,2,4,0,6,0,5,3,96.7
3913175,322143.0,Sophia Poor,Aston Villa W,0,0,0,0,0.0,0.0,39,36,0,0,8,0,0,0,0,0,4,96.7
3913175,322322.0,Jessica Ziu,West Ham United LFC,0,0,1,0,0.1552386,0.1552386,25,17,0,1,2,0,0,22,2,0,7,72.2
3913175,370018.0,Shannon Cooke,West Ham United LFC,1,1,2,0,0.084963506,0.084963506,1,1,0,0,0,1,0,2,0,0,1,16.1
3913175,395055.0,Princess Ademiluyi,West Ham United LFC,0,0,0,0,0.0,0.0,0,0,0,0,0,0,0,2,0,0,0,4.9
3913175,401930.0,Riko Ueki,West Ham United LFC,0,0,4,0,0.627482346,0.627482346,20,16,1,1,4,1,1,24,6,2,4,96.7
3913176,5000.0,Stephanie-Elise Catley,Arsenal WFC,0,0,1,0,0.070210844,0.070210844,76,72,0,0,5,0,0,8,1,0,2,103.3
3913176,10229.0,Emma Stina Blackstenius,Arsenal WFC,0,0,4,0,0.55833212,0.55833212,11,10,0,2,0,0,0,12,0,0,1,67.3
3913176,10237.0,Manuela Zinsberger,Arsenal WFC,0,0,0,0,0.0,0.0,39,32,0,0,9,0,0,0,0,0,4,103.3
3913176,10516.0,Frida Maanum,Arsenal WFC,0,0,0,0,0.0,0.0,4,4,0,0,0,0,0,4,1,0,1,36.0
3913176,11338.0,Caitlin Jade Foord,Arsenal WFC,0,0,1,0,0.24632831,0.24632831,28,24,0,3,2,2,0,15,0,0,4,67.9
3913176,15616.0,Kim Little,Arsenal WFC,0,0,2,0,0.119456187,0.119456187,66,60,0,0,8,5,2,19,3,1,15,103.3
3913176,15619.0,Bethany Mead,Arsenal WFC,0,0,2,0,0.36815452,0.36815452,51,38,0,4,4,0,1,29,4,0,11,102.7
3913176,15620.0,Katie McCabe,Arsenal WFC,0,0,0,0,0.0,0.0,81,68,0,3,15,3,0,15,2,0,6,103.1
3913176,16386.0,Lucy Hope,Everton LFC,0,0,1,0,0.03165865,0.03165865,26,18,0,1,2,0,0,13,2,0,7,103.3
3913176,18254.0,Megan Finnigan,Everton LFC,0,0,1,0,0.053477805,0.053477805,63,54,0,0,10,0,0,6,2,0,1,103.3
3913176,18999.0,Leah Williamson,Arsenal WFC,0,0,0,0,0.0,0.0,53,46,0,0,16,0,0,2,0,0,0,48.6
3913176,31555.0,Courtney Brosnan,Everton LFC,0,0,0,0,0.0,0.0,50,43,0,1,8,1,0,0,0,0,2,103.3
3913176,32229.0,Sara Holmgaard,Everton LFC,0,0,1,0,0.018582642,0.018582642,41,30,0,4,3,2,0,19,3,3,5,103.3
3913176,32230.0,Karen Holmgaard,Everton LFC,0,0,1,0,0.1190705,0.1190705,22,21,0,0,4,0,0,19,2,0,4,67.9
3913176,32694.0,Laia Codina Panedas,Arsenal WFC,0,0,0,0,0.0,0.0,41,36,0,0,9,0,0,12,3,0,2,54.7
3913176,45737.0,Martina Piemonte,Everton LFC,0,0,2,0,0.06507549339999999,0.06507549339999999,13,10,0,0,0,3,0,9,0,0,5,84.5
3913176,46459.0,Katja Snoeijs,Everton LFC,0,0,0,0,0.0,0.0,22,18,0,0,1,2,0,29,2,1,5,103.3
3913176,46738.0,Emma Bissell,Everton LFC,0,0,0,0,0.0,0.0,20,12,0,0,2,2,0,11,1,0,4,102.3
3913176,47521.0,Alessia Russo,Arsenal WFC,1,1,5,0,1.152911269,1.152911269,25,18,0,1,1,2,3,35,3,2,3,103.3
3913176,62906.0,Cloé Zoé Eyja Lacasse,Arsenal WFC,0,0,0,0,0.0,0.0,10,9,0,3,1,1,2,5,1,0,2,35.4
3913176,63308.0,Justine Vanhaevermaet,Everton LFC,0,0,2,0,0.319226676,0.319226676,31,27,0,0,4,0,0,10,1,1,3,103.1
3913176,63788.0,Victoria Pelova,Arsenal WFC,0,0,2,0,0.54437965,0.54437965,41,31,0,0,4,1,1,18,3,0,14,76.7
3913176,107491.0,Emily Ann Fox,Arsenal WFC,0,0,1,0,0.19402102,0.19402102,59,46,0,1,2,2,0,16,3,0,11,103.3
3913176,131586.0,Kyra Lillee Cooney-Cross,Arsenal WFC,0,0,0,0,0.0,0.0,13,12,0,0,0,0,1,0,0,0,0,26.6
3913176,224149.0,Elise Isolde Stenevik,Everton LFC,0,0,0,0,0.0,0.0,46,34,0,0,6,1,1,10,2,0,4,103.3
3913176,338059.0,Clare Wheeler,Everton LFC,0,0,0,0,0.0,0.0,47,36,0,1,6,1,0,33,6,1,7,103.0
3913176,423420.0,Isabella Hobson,Everton LFC,1,1,1,0,0.08280372,0.08280372,4,3,0,0,2,0,0,8,1,0,1,18.8
3913176,424095.0,Eleanor Dale,Everton LFC,0,0,3,0,0.190427454,0.190427454,6,4,0,0,1,1,0,9,4,0,3,35.4
3913177,5000.0,Stephanie-Elise Catley,Arsenal WFC,0,0,2,0,0.07185570499999999,0.07185570499999999,18,13,0,1,1,0,0,9,0,0,4,37.7
3913177,5078.0,Alanna Stephanie Kennedy,Manchester City WFC,0,0,0,0,0.0,0.0,4,3,0,0,0,0,0,1,0,0,2,13.3
3913177,10163.0,Leila Ouahabi El Ouahabi,Manchester City WFC,0,0,2,0,0.41579295,0.41579295,55,47,1,0,2,0,0,19,0,1,5,101.6
3913177,10229.0,Emma Stina Blackstenius,Arsenal WFC,2,2,3,0,0.604438115,0.604438115,3,2,0,1,1,0,0,8,1,0,3,37.7
3913177,10237.0,Manuela Zinsberger,Arsenal WFC,0,0,0,0,0.0,0.0,45,37,0,0,9,0,0,0,0,0,7,102.1
3913177,10252.0,Alex Greenwood,Manchester City WFC,0,0,2,0,0.154152955,0.154152955,83,69,0,0,12,3,0,7,3,2,3,102.1
3913177,10516.0,Frida Maanum,Arsenal WFC,0,0,1,0,0.07974093,0.07974093,4,2,0,0,0,0,0,18,1,1,0,47.0
3913177,11338.0,Caitlin Jade Foord,Arsenal WFC,0,0,1,0,0.24863787,0.24863787,7,4,1,0,1,2,1,7,0,0,2,37.7
3913177,15555.0,Lauren Hemp,Manchester City WFC,1,1,1,0,0.09545181,0.09545181,35,26,0,1,4,1,2,20,0,1,7,102.1
3913177,15570.0,Chloe Kelly,Manchester City WFC,0,0,3,0,0.34563537600000005,0.34563537600000005,26,20,0,1,2,0,1,26,0,1,3,102.1
3913177,15616.0,Kim Little,Arsenal WFC,0,0,0,0,0.0,0.0,31,27,1,0,3,4,1,12,0,0,3,55.0
3913177,15619.0,Bethany Mead,Arsenal WFC,0,0,2,0,0.126092162,0.126092162,49,35,0,1,2,2,0,16,3,2,6,102.1
3913177,15620.0,Katie McCabe,Arsenal WFC,0,0,0,0,0.0,0.0,61,49,0,1,14,1,0,16,1,0,3,83.6
3913177,18999.0,Leah Williamson,Arsenal WFC,0,0,0,0,0.0,0.0,87,75,0,1,16,1,0,7,1,0,4,102.1
3913177,19416.0,Laura Coombs,Manchester City WFC,0,0,0,0,0.0,0.0,21,15,0,0,0,1,1,21,1,0,2,58.6
3913177,19498.0,Jessica Park,Manchester City WFC,0,0,3,0,0.28665166,0.28665166,30,26,0,1,3,2,0,29,1,0,8,102.1
3913177,25632.0,Yui Hasegawa,Manchester City WFC,0,0,0,0,0.0,0.0,40,36,0,0,3,1,0,29,1,3,3,102.1
3913177,32210.0,Laia Aleixandri López,Manchester City WFC,0,0,2,0,0.08074469100000001,0.08074469100000001,45,42,0,0,3,3,2,9,1,0,6,102.1
3913177,32694.0,Laia Codina Panedas,Arsenal WFC,0,0,1,0,0.17123517,0.17123517,70,63,0,0,7,0,0,5,1,0,3,102.1
3913177,35693.0,Mary Boio Fowler,Manchester City WFC,0,0,1,0,0.1259081,0.1259081,33,29,0,5,1,1,7,19,2,4,2,102.1
3913177,46973.0,Laura Wienroither,Arsenal WFC,0,0,0,0,0.0,0.0,14,12,0,0,0,0,0,4,0,0,0,18.5
3913177,47521.0,Alessia Russo,Arsenal WFC,0,0,3,0,0.19830374950000001,0.19830374950000001,17,12,0,0,0,2,1,26,0,1,7,102.0
3913177,62666.0,Ingrid Filippa Angeldal,Manchester City WFC,0,0,2,0,0.083600642,0.083600642,13,13,0,0,2,1,0,18,0,1,2,43.4
3913177,62906.0,Cloé Zoé Eyja Lacasse,Arsenal WFC,0,0,2,0,0.24376501,0.24376501,16,15,0,1,1,3,1,15,1,0,2,64.4
3913177,63788.0,Victoria Pelova,Arsenal WFC,0,0,0,0,0.0,0.0,51,42,0,2,4,1,0,23,0,1,5,102.1
3913177,92248.0,Khiara Keating,Manchester City WFC,0,0,0,0,0.0,0.0,41,30,0,0,10,0,0,0,0,0,2,102.1
3913177,107491.0,Emily Ann Fox,Arsenal WFC,0,0,0,0,0.0,0.0,30,26,0,0,2,0,0,7,0,2,4,64.4
3913177,131586.0,Kyra Lillee Cooney-Cross,Arsenal WFC,0,0,0,0,0.0,0.0,47,44,0,0,5,1,3,8,1,0,3,64.4
3913177,221888.0,Kerstin Yasmijn Casparij,Manchester City WFC,0,0,0,0,0.0,0.0,38,33,0,0,3,1,0,16,3,0,5,88.5
3913178,10100.0,Janice Cayman,Leicester City WFC,0,0,0,0,0.0,0.0,56,42,0,0,7,2,1,6,1,0,5,97.5
3913178,10196.0,Kirsty Smith,West Ham United LFC,0,0,2,0,0.054714719,0.054714719,36,25,0,2,6,0,1,20,0,2,3,97.5
3913178,10260.0,Lena Petermann,Leicester City WFC,0,0,0,0,0.0,0.0,31,23,0,0,0,0,1,21,2,0,3,97.0
3913178,15720.0,Sophie Howard,Leicester City WFC,1,1,2,0,0.213643264,0.213643264,78,71,0,0,10,3,0,10,2,0,4,97.5
3913178,25604.0,Saori Takarada,Leicester City WFC,0,0,2,0,0.183551513,0.183551513,30,24,0,1,7,2,0,13,1,1,5,76.5
3913178,25624.0,Risa Shimizu,West Ham United LFC,0,0,0,0,0.0,0.0,19,15,0,1,3,0,0,26,2,0,3,97.5
3913178,25662.0,Catherine Joan Bott,Leicester City WFC,0,0,0,0,0.0,0.0,11,8,0,0,2,1,0,3,0,0,1,21.0
3913178,25834.0,Viviane Asseyi,West Ham United LFC,0,0,5,0,0.476926795,0.476926795,24,17,0,1,3,5,1,17,2,1,7,97.5
3913178,26520.0,Yuka Momiki,Leicester City WFC,0,0,2,0,0.51568799,0.51568799,38,28,0,0,5,0,1,10,1,1,0,97.5
3913178,30856.0,Julie Thibaud,Leicester City WFC,0,0,0,0,0.0,0.0,79,68,0,0,17,4,0,20,2,2,5,97.5
3913178,31157.0,Hawa Cissoko,West Ham United LFC,0,0,0,0,0.0,0.0,39,24,0,0,8,3,0,8,4,1,5,97.5
3913178,32227.0,Emma Snerle,West Ham United LFC,0,0,0,0,0.0,0.0,18,9,0,1,2,2,0,9,0,1,3,47.3
3913178,42787.0,Mackenzie Arnold,West Ham United LFC,0,0,0,0,0.0,0.0,65,47,0,0,20,0,0,0,0,0,13,97.5
3913178,46541.0,Asmita Ale,Leicester City WFC,0,0,0,0,0.0,0.0,63,53,0,0,13,3,0,16,2,1,6,97.5
3913178,46635.0,Emma Harries,West Ham United LFC,0,0,0,0,0.0,0.0,8,5,0,0,1,0,0,16,1,1,1,50.2
3913178,46988.0,Janina Leitzig,Leicester City WFC,0,0,0,0,0.0,0.0,58,56,0,0,7,0,0,0,0,0,3,97.5
3913178,50193.0,Anouk Denton,West Ham United LFC,0,0,0,0,0.0,0.0,30,23,0,0,3,4,1,12,4,0,4,94.3
3913178,112522.0,Missy Goodwin,Leicester City WFC,0,0,2,0,0.137398355,0.137398355,17,15,0,2,3,4,1,9,2,0,4,76.4
3913178,131653.0,Honoka Hayashi,West Ham United LFC,0,0,0,0,0.0,0.0,17,14,1,1,5,0,0,14,2,0,3,68.8
3913178,135753.0,Samantha Tierney,Leicester City WFC,0,0,0,0,0.0,0.0,50,43,0,2,4,0,1,18,0,0,8,97.5
3913178,182500.0,Ava Baker,Leicester City WFC,0,0,0,0,0.0,0.0,3,3,0,0,1,0,0,4,0,0,0,21.1
3913178,224822.0,Jutta Rantala,Leicester City WFC,0,0,4,0,0.185525823,0.185525823,63,38,1,3,9,4,3,20,3,0,7,97.5
3913178,224866.0,Anna Marika Bergman Lundin,West Ham United LFC,0,0,1,0,0.037814926,0.037814926,2,1,0,0,0,0,0,3,0,1,1,28.7
3913178,276907.0,Amber Tysiak,West Ham United LFC,0,0,0,0,0.0,0.0,46,41,0,0,7,1,0,14,1,1,7,97.5
3913178,322322.0,Jessica Ziu,West Ham United LFC,0,0,1,0,0.18769442,0.18769442,23,14,0,2,1,3,0,14,0,0,3,82.2
3913178,370018.0,Shannon Cooke,West Ham United LFC,0,0,0,0,0.0,0.0,5,2,0,0,0,1,0,1,1,0,0,15.3
3913178,395055.0,Princess Ademiluyi,West Ham United LFC,0,0,0,0,0.0,0.0,0,0,0,0,0,0,0,0,0,0,0,3.0
3913178,401930.0,Riko Ueki,West Ham United LFC,1,1,4,0,0.38523705900000005,0.38523705900000005,25,19,0,0,3,2,1,17,1,0,3,94.5
3913179,4654.0,Nikita Parris,Manchester United W,0,0,0,0,0.0,0.0,18,13,0,0,2,0,0,18,0,0,2,65.6
3913179,10093.0,Yana Daniëls,Liverpool WFC,0,0,0,0,0.0,0.0,1,1,0,0,0,0,0,0,0,0,0,3.7
3913179,15547.0,Melissa Lawley,Liverpool WFC,0,0,0,0,0.0,0.0,1,1,0,1,0,0,0,2,0,0,0,3.3
3913179,15554.0,Gemma Bonner,Liverpool WFC,0,0,0,0,0.0,0.0,34,27,0,0,4,1,0,8,0,0,2,104.5
3913179,16381.0,Gemma Evans,Manchester United W,0,0,0,0,0.0,0.0,28,18,0,0,3,1,0,8,0,1,4,65.9
3913179,17275.0,Hannah Jayne Blundell,Manchester United W,0,0,1,0,0.011085597,0.011085597,77,60,0,0,8,0,1,19,4,1,7,104.5
3913179,18146.0,Leanne Kiernan,Liverpool WFC,0,0,1,0,0.058817934,0.058817934,2,0,0,0,0,1,0,10,1,1,2,20.4
3913179,19501.0,Hayley Ladd,Manchester United W,0,0,1,0,0.12562506,0.12562506,23,18,0,0,1,0,0,17,3,0,4,52.5
3913179,19687.0,Taylor Hinds,Liverpool WFC,0,0,1,0,0.01034296,0.01034296,47,35,0,1,4,5,1,17,3,2,3,104.5
3913179,22337.0,Maya Le Tissier,Manchester United W,0,0,0,0,0.0,0.0,58,42,0,0,10,1,0,17,2,0,6,104.5
3913179,24706.0,Sophie Roman Haug,Liverpool WFC,0,0,2,0,0.51578806,0.51578806,43,21,0,1,3,0,0,20,0,1,3,101.2
3913179,25513.0,Lucía García Córdoba,Manchester United W,0,0,0,0,0.0,0.0,19,12,0,1,1,1,0,33,2,2,2,82.0
3913179,25543.0,Geyse da Silva Ferreira,Manchester United W,0,0,0,0,0.0,0.0,6,3,0,0,0,2,0,1,0,0,2,22.6
3913179,25785.0,Jayde Yuk Fun Riviere,Manchester United W,0,0,0,0,0.0,0.0,33,20,0,0,4,1,0,6,3,0,2,38.6
3913179,31534.0,Ella Toone,Manchester United W,0,0,1,0,0.18832168,0.18832168,26,14,0,1,0,0,1,16,0,0,5,81.8
3913179,31536.0,Millie Turner,Manchester United W,0,0,1,0,0.117872834,0.117872834,44,36,0,0,5,0,0,14,0,1,6,104.5
3913179,31538.0,Mary Alexandra Earps,Manchester United W,0,0,0,0,0.0,0.0,46,29,0,0,16,0,0,0,0,0,7,104.5
3913179,31539.0,Leah Galton,Manchester United W,0,0,1,0,0.2774062,0.2774062,19,6,0,0,0,0,0,16,1,0,5,104.5
3913179,31540.0,Katie Zelem,Manchester United W,0,0,1,0,0.038402725,0.038402725,63,46,0,3,6,0,0,30,0,0,7,104.5
3913179,31563.0,Rachel Williams,Manchester United W,0,0,2,0,0.099785764,0.099785764,15,10,0,1,1,1,0,4,0,0,1,39.0
3913179,31614.0,Melvine Malard,Manchester United W,0,0,1,0,0.09459869,0.09459869,4,2,0,0,0,0,1,2,0,0,1,22.8
3913179,32074.0,Jenna Clark,Liverpool WFC,1,1,2,0,0.6863567380000001,0.6863567380000001,30,23,0,1,7,1,1,6,0,0,2,104.5
3913179,32403.0,Emma Wilhelmina Koivisto,Liverpool WFC,0,0,2,0,1.30665306,1.30665306,43,31,0,0,3,1,0,22,2,0,10,100.7
3913179,34232.0,Grace Fisk,Liverpool WFC,0,0,1,0,0.026128437,0.026128437,39,34,0,0,5,0,1,13,2,0,6,104.5
3913179,46974.0,Marie Therese Höbinger,Liverpool WFC,0,0,4,0,0.079540132,0.079540132,63,39,1,2,6,0,0,27,1,1,9,104.5
3913179,131588.0,Teagan Jade Micah,Liverpool WFC,0,0,0,0,0.0,0.0,50,36,0,0,25,0,0,0,0,0,3,104.5
3913179,299860.0,Fuka Nagano,Liverpool WFC,0,0,1,0,0.021875812,0.021875812,31,25,0,1,3,1,1,17,3,0,8,104.5
3913179,322359.0,Ceri Holland,Liverpool WFC,0,0,4,0,0.133038127,0.133038127,29,14,0,1,2,1,0,22,2,0,5,104.1
3913179,329372.0,Mia Enderby,Liverpool WFC,0,0,2,0,0.097002148,0.097002148,8,4,0,0,0,4,0,24,2,0,3,84.2
3913179,386105.0,Lisa Fjeldstad Naalsund,Manchester United W,0,0,1,0,0.07676835,0.07676835,27,20,0,1,3,0,0,21,1,1,4,52.0
3913180,4641.0,Francesca Kirby,Chelsea FCW,0,0,2,0,0.23358052,0.23358052,26,23,0,2,2,1,0,14,1,0,6,51.8
3913180,4642.0,Millie Bright,Chelsea FCW,0,0,2,0,0.30695467,0.30695467,89,76,0,1,16,5,0,8,2,0,7,100.0
3913180,4660.0,Erin Cuthbert,Chelsea FCW,0,0,2,0,0.060451692,0.060451692,64,57,1,0,2,2,3,29,4,2,6,100.0
3913180,10395.0,Maren Nævdal Mjelde,Chelsea FCW,0,0,0,0,0.0,0.0,18,16,0,0,1,1,0,0,0,0,0,15.6
3913180,10418.0,Eve Perisset,Chelsea FCW,0,0,0,0,0.0,0.0,52,48,0,2,9,0,0,15,3,1,4,65.4
3913180,10514.0,Guro Reiten,Chelsea FCW,4,3,4,1,1.154605398,0.37110539800000003,63,41,1,5,3,1,0,12,2,0,2,100.0
3913180,15290.0,Ashley Elizabeth Marie Lawrence,Chelsea FCW,0,0,0,0,0.0,0.0,0,0,0,0,0,0,0,0,0,0,0,5.4
3913180,15549.0,Sophie Louise Ingle,Chelsea FCW,0,0,0,0,0.0,0.0,67,58,0,2,8,0,0,10,2,1,5,65.3
3913180,15631.0,Niamh Charles,Chelsea FCW,1,1,1,0,0.13392797,0.13392797,98,83,0,0,18,4,1,9,0,3,11,100.0
3913180,15716.0,Emily Syme,Bristol City WFC,0,0,1,0,0.020963326,0.020963326,15,10,0,1,3,2,0,11,2,0,5,74.1
3913180,15788.0,Amalie Grønbak Thestrup,Bristol City WFC,0,0,3,0,0.40896226599999996,0.40896226599999996,29,26,0,0,1,0,0,40,2,0,6,99.4
3913180,19417.0,Amy Rodgers,Bristol City WFC,0,0,0,0,0.0,0.0,29,21,0,0,4,0,0,42,2,3,3,100.0
3913180,19499.0,Shania Hayles,Bristol City WFC,0,0,1,0,0.37054265,0.37054265,3,1,0,0,0,0,0,6,1,0,2,25.9
3913180,23412.0,Abigail Harrison,Bristol City WFC,0,0,0,0,0.0,0.0,9,6,0,1,1,0,0,0,0,0,0,19.0
3913180,23413.0,Megan Connolly,Bristol City WFC,0,0,0,0,0.0,0.0,18,9,0,0,0,0,0,12,2,0,1,100.0
3913180,26093.0,Gun Nathalie Björn,Chelsea FCW,0,0,0,0,0.0,0.0,73,66,1,0,15,5,0,5,0,3,5,84.5
3913180,32169.0,Jamie-Lee Napier,Bristol City WFC,0,0,0,0,0.0,0.0,20,12,0,1,2,4,0,29,5,0,3,100.0
3913180,42836.0,Ella Powell,Bristol City WFC,0,0,0,0,0.0,0.0,29,23,0,1,8,2,1,25,4,0,2,99.5
3913180,47008.0,Sjoeke Nüsken,Chelsea FCW,1,1,3,0,0.6208126060000001,0.6208126060000001,22,18,0,0,3,0,0,11,0,0,0,48.2
3913180,62710.0,Johanna Rytting-Kaneryd,Chelsea FCW,0,0,1,0,0.13534746,0.13534746,16,15,0,1,1,1,2,8,1,0,3,34.6
3913180,62713.0,Zecira Musovic,Chelsea FCW,0,0,0,0,0.0,0.0,26,25,0,0,12,0,0,0,0,0,2,100.0
3913180,64240.0,Francesca Bentley,Bristol City WFC,0,0,0,0,0.0,0.0,35,16,0,0,12,0,0,0,0,0,4,100.0
3913180,81580.0,Agnes Beever-Jones,Chelsea FCW,2,2,7,0,1.306471533,1.306471533,29,24,1,2,2,2,2,21,0,0,4,94.6
3913180,84765.0,Carrie Jones,Bristol City WFC,0,0,4,0,0.436797396,0.436797396,25,19,0,0,2,5,3,34,1,1,8,95.0
3913180,84901.0,Catarina Cantanhede Melônio Macário,Chelsea FCW,0,0,2,0,0.10005583300000001,0.10005583300000001,30,17,2,2,4,1,2,6,0,0,8,34.7
3913180,185543.0,Ffion Morgan,Bristol City WFC,0,0,1,0,0.09466652,0.09466652,24,17,0,2,1,1,0,24,1,2,2,81.0
3913180,185544.0,Jasmine Bull,Bristol City WFC,0,0,0,0,0.0,0.0,34,18,0,0,2,1,0,10,0,0,5,81.1
3913180,224845.0,Sarah Anne Stratigakis,Bristol City WFC,0,0,1,0,0.07706508,0.07706508,2,2,0,0,0,0,0,0,0,0,1,5.0
3913180,337710.0,Cecilie Maag Struck,Bristol City WFC,0,0,0,0,0.0,0.0,27,20,0,0,4,1,0,13,2,2,3,100.0
3913180,345061.0,Mari Ward,Bristol City WFC,0,0,0,0,0.0,0.0,10,7,0,0,1,0,0,9,1,0,4,18.9
3913180,389365.0,Maika Hamano,Chelsea FCW,0,0,5,0,0.506066114,0.506066114,54,46,0,1,6,0,2,30,3,1,13,100.0
3913181,4638.0,Drew Spence,Tottenham Hotspur Women,1,1,3,0,1.28141228,1.28141228,44,42,1,0,5,0,0,13,1,2,4,57.7
3913181,4848.0,Ashleigh Neville,Tottenham Hotspur Women,0,0,0,0,0.0,0.0,50,40,0,2,10,2,1,15,3,1,4,102.0
3913181,10088.0,Katrine Veje,Everton LFC,0,0,0,0,0.0,0.0,13,9,0,0,0,1,0,2,0,0,1,45.6
3913181,15550.0,Bethany England,Tottenham Hotspur Women,1,1,6,0,1.243219353,1.243219353,24,22,0,0,2,0,0,23,0,0,5,102.0
3913181,16386.0,Lucy Hope,Everton LFC,0,0,0,0,0.0,0.0,39,28,0,0,2,2,0,15,1,2,4,102.0
3913181,18158.0,Rebecca Leigh Spencer,Tottenham Hotspur Women,0,0,0,0,0.0,0.0,34,32,0,0,10,0,0,0,0,0,7,102.0
3913181,18254.0,Megan Finnigan,Everton LFC,0,0,1,0,0.0730097,0.0730097,63,57,0,0,11,2,0,8,2,1,4,102.0
3913181,21021.0,Molly Bartrip,Tottenham Hotspur Women,0,0,0,0,0.0,0.0,73,67,0,0,16,0,0,6,1,1,4,102.0
3913181,21023.0,Amanda Nildén,Tottenham Hotspur Women,0,0,3,0,0.245127325,0.245127325,33,28,0,3,3,1,1,10,0,2,4,68.9
3913181,24461.0,Shuang Wang,Tottenham Hotspur Women,0,0,2,0,0.097903986,0.097903986,12,7,0,0,0,0,0,8,2,0,1,33.3
3913181,31551.0,Kit Graham,Tottenham Hotspur Women,0,0,2,0,0.052327879,0.052327879,23,18,0,0,4,0,0,5,1,0,2,44.2
3913181,31555.0,Courtney Brosnan,Everton LFC,0,0,0,0,0.0,0.0,68,60,0,0,7,0,0,1,0,0,2,102.0
3913181,31558.0,Martha Thomas,Tottenham Hotspur Women,0,0,2,0,0.56699383,0.56699383,3,1,0,1,0,0,0,5,1,0,0,33.6
3913181,32229.0,Sara Holmgaard,Everton LFC,1,1,1,0,0.090192765,0.090192765,38,29,0,2,2,2,0,18,1,1,3,102.0
3913181,32230.0,Karen Holmgaard,Everton LFC,0,0,2,0,0.07540055200000001,0.07540055200000001,21,18,0,0,3,1,0,13,2,1,3,48.9
3913181,45737.0,Martina Piemonte,Everton LFC,0,0,1,0,0.0042038443,0.0042038443,13,6,0,0,2,0,0,10,2,0,4,52.6
3913181,46459.0,Katja Snoeijs,Everton LFC,0,0,1,0,0.07768784,0.07768784,23,20,0,1,2,2,0,18,2,0,6,93.3
3913181,46738.0,Emma Bissell,Everton LFC,0,0,0,0,0.0,0.0,16,11,0,0,0,0,0,9,0,0,1,56.3
3913181,46740.0,Grace Clinton,Tottenham Hotspur Women,0,0,1,0,0.09354283,0.09354283,31,25,0,2,2,1,1,30,4,0,3,68.3
3913181,46972.0,Luana Bühler,Tottenham Hotspur Women,0,0,1,0,0.12110581,0.12110581,68,61,0,0,5,1,0,3,0,0,3,101.2
3913181,61467.0,Jessica Naz,Tottenham Hotspur Women,0,0,2,0,0.264345704,0.264345704,31,27,0,3,1,7,1,9,2,0,8,81.7
3913181,63308.0,Justine Vanhaevermaet,Everton LFC,1,1,2,0,0.661781576,0.661781576,50,41,0,0,6,1,0,8,1,0,3,102.0
3913181,87194.0,Celin Bizet Ildhusøy,Tottenham Hotspur Women,0,0,0,0,0.0,0.0,12,8,0,1,1,0,0,2,0,0,0,20.3
3913181,132034.0,Charlotte Layne Grant,Tottenham Hotspur Women,0,0,1,0,0.15846206,0.15846206,17,15,0,2,1,1,1,5,0,0,0,33.1
3913181,191850.0,Eveliina Summanen,Tottenham Hotspur Women,0,0,0,0,0.0,0.0,67,55,1,2,12,1,1,17,4,1,3,101.6
3913181,224149.0,Elise Isolde Stenevik,Everton LFC,0,0,0,0,0.0,0.0,49,39,0,1,12,4,0,8,0,2,5,102.0
3913181,224167.0,Matilda Liv Vinberg,Tottenham Hotspur Women,0,0,3,0,0.25834093199999997,0.25834093199999997,32,22,0,2,3,1,4,17,3,1,3,68.7
3913181,276443.0,Kathrine Møller Kühl,Everton LFC,0,0,1,0,0.08260518,0.08260518,37,27,0,1,3,1,2,26,5,1,7,89.3
3913181,338059.0,Clare Wheeler,Everton LFC,0,0,0,0,0.0,0.0,46,38,1,0,6,0,0,24,5,6,6,102.0
3913181,423420.0,Isabella Hobson,Everton LFC,0,0,0,0,0.0,0.0,1,0,0,0,0,0,0,3,0,0,1,8.7
3913181,424095.0,Eleanor Dale,Everton LFC,0,0,0,0,0.0,0.0,3,2,0,0,0,0,0,4,0,0,2,12.7
3913182,4636.0,Maria Thorisdottir,Brighton & Hove Albion WFC,0,0,0,0,0.0,0.0,64,54,0,0,9,2,0,9,2,1,4,101.8
3913182,4984.0,Rachel Corsie,Aston Villa W,0,0,0,0,0.0,0.0,16,15,0,1,5,1,0,1,0,1,0,34.1
3913182,5058.0,Rachel Daly,Aston Villa W,0,0,6,0,0.318836198,0.318836198,28,22,0,0,0,0,3,27,3,0,10,101.8
3913182,8297.0,Adriana Kristina Leon,Aston Villa W,0,0,2,0,0.26769107000000003,0.26769107000000003,10,5,0,0,0,3,2,2,0,0,5,34.6
3913182,10158.0,María Victoria Losada Gómez,Brighton & Hove Albion WFC,0,0,0,0,0.0,0.0,29,24,0,3,3,0,0,18,1,0,7,67.0
3913182,10192.0,Jordan Nobbs,Aston Villa W,0,0,0,0,0.0,0.0,47,37,0,3,4,0,1,11,0,1,4,67.4
3913182,10404.0,Noelle Maritz,Aston Villa W,0,0,0,0,0.0,0.0,55,44,0,0,7,2,0,13,4,1,4,101.8
3913182,15421.0,Kenza Dali,Aston Villa W,0,0,2,0,0.069032395,0.069032395,60,45,0,3,3,6,0,11,0,2,7,101.8
3913182,15571.0,Danielle Turner,Aston Villa W,0,0,0,0,0.0,0.0,62,49,0,0,10,1,0,3,1,2,4,83.8
3913182,15724.0,Mayumi Pacheco,Aston Villa W,0,0,0,0,0.0,0.0,8,3,0,0,1,0,0,1,0,1,2,17.9
3913182,17274.0,Poppy Pattinson,Brighton & Hove Albion WFC,0,0,1,0,0.0201893,0.0201893,38,23,0,0,2,3,1,16,5,1,7,101.8
3913182,18153.0,Alisha Lehmann,Aston Villa W,1,1,3,0,0.432048185,0.432048185,13,13,0,0,1,0,1,10,0,3,2,67.2
3913182,19500.0,Sarah Emma Mayling,Aston Villa W,0,0,0,0,0.0,0.0,77,65,0,0,10,0,0,22,1,2,6,101.8
3913182,21059.0,Katie Robinson,Brighton & Hove Albion WFC,0,0,0,0,0.0,0.0,3,1,0,0,0,1,0,12,0,0,1,34.8
3913182,25453.0,Geum-Min Lee,Brighton & Hove Albion WFC,0,0,3,0,0.188558359,0.188558359,26,19,0,3,2,1,0,19,2,0,8,77.7
3913182,26094.0,Julia Zigiotti-Olme,Brighton & Hove Albion WFC,0,0,0,0,0.0,0.0,50,40,0,0,4,0,0,30,3,1,5,101.8
3913182,31527.0,Ebony Salmon,Aston Villa W,0,0,0,0,0.0,0.0,10,8,0,1,1,2,1,4,0,1,2,34.4
3913182,31532.0,Kirsty Hanson,Aston Villa W,0,0,1,0,0.048878845,0.048878845,21,15,0,2,2,5,2,27,2,1,2,101.8
3913182,34500.0,Emma Nanny Charlotte Kullberg,Brighton & Hove Albion WFC,0,0,0,0,0.0,0.0,4,2,0,0,0,0,0,1,0,0,0,9.2
3913182,78072.0,Anna Patten,Aston Villa W,0,0,0,0,0.0,0.0,49,40,0,0,9,1,0,5,1,2,1,67.7
3913182,85004.0,Maisie Symonds,Brighton & Hove Albion WFC,0,0,0,0,0.0,0.0,53,43,0,0,7,0,1,25,1,0,12,78.4
3913182,87188.0,Dejana Stefanović,Brighton & Hove Albion WFC,0,0,0,0,0.0,0.0,7,5,0,0,4,0,0,7,0,1,2,23.4
3913182,105102.0,Veatriki Sarri,Brighton & Hove Albion WFC,0,0,0,0,0.0,0.0,6,5,0,0,2,0,1,4,0,0,3,24.1
3913182,131589.0,Anna Jessica Leat,Aston Villa W,0,0,0,0,0.0,0.0,46,38,0,0,9,0,0,0,0,0,2,101.8
3913182,135947.0,Lucy Parker,Aston Villa W,0,0,0,0,0.0,0.0,23,18,0,0,1,1,0,12,1,2,4,43.9
3913182,225020.0,Melina Loeck,Brighton & Hove Albion WFC,0,0,0,0,0.0,0.0,38,37,0,0,3,0,0,0,0,0,3,101.8
3913182,225576.0,Miriael Taylor,Aston Villa W,0,0,0,0,0.0,0.0,33,27,0,0,2,1,1,17,3,1,3,57.4
3913182,276301.0,Elisabeth Terland,Brighton & Hove Albion WFC,0,0,3,0,0.23550457,0.23550457,19,12,0,1,2,1,0,30,0,0,3,101.8
3913182,276304.0,Guro Bergsvand,Brighton & Hove Albion WFC,0,0,1,0,0.025375256,0.025375256,80,67,0,0,15,3,0,17,2,0,2,101.8
3913182,388473.0,Jorelyn Andrea Daniela Carabalí Martínez,Brighton & Hove Albion WFC,0,0,0,0,0.0,0.0,45,30,0,0,3,1,0,17,1,0,5,92.6
3913182,405188.0,Madison Haley,Brighton & Hove Albion WFC,0,0,2,0,0.08454668,0.08454668,26,14,0,0,2,3,0,23,2,0,8,101.8
3913183,10088.0,Katrine Veje,Everton LFC,0,0,2,0,0.045648989,0.045648989,115,106,1,2,13,5,0,2,1,1,9,100.3
3913183,10225.0,Aurora Galli,Everton LFC,0,0,0,0,0.0,0.0,40,33,0,0,4,2,4,6,3,1,3,64.6
3913183,15706.0,Rachel Furness,Bristol City WFC,0,0,0,0,0.0,0.0,2,1,0,0,0,1,0,4,0,0,1,19.8
3913183,15716.0,Emily Syme,Bristol City WFC,0,0,0,0,0.0,0.0,25,22,0,0,1,0,1,10,0,1,1,69.7
3913183,15788.0,Amalie Grønbak Thestrup,Bristol City WFC,0,0,1,0,0.023117121,0.023117121,9,5,0,0,0,2,0,19,0,0,4,80.7
3913183,18254.0,Megan Finnigan,Everton LFC,0,0,1,0,0.032170147,0.032170147,87,83,0,1,19,1,0,4,0,0,1,100.3
3913183,19417.0,Amy Rodgers,Bristol City WFC,0,0,0,0,0.0,0.0,60,46,0,0,3,0,1,31,7,1,7,100.3
3913183,19499.0,Shania Hayles,Bristol City WFC,0,0,0,0,0.0,0.0,17,12,0,0,1,2,0,14,1,0,7,50.1
3913183,23412.0,Abigail Harrison,Bristol City WFC,0,0,0,0,0.0,0.0,6,2,0,0,1,0,0,1,0,0,1,19.6
3913183,23413.0,Megan Connolly,Bristol City WFC,0,0,0,0,0.0,0.0,72,62,0,1,12,2,0,11,1,1,4,100.3
3913183,31555.0,Courtney Brosnan,Everton LFC,0,0,0,0,0.0,0.0,44,42,0,0,7,0,0,0,0,0,3,100.3
3913183,32169.0,Jamie-Lee Napier,Bristol City WFC,0,0,0,0,0.0,0.0,47,38,0,0,3,6,2,21,5,1,2,100.3
3913183,32229.0,Sara Holmgaard,Everton LFC,1,1,3,0,0.300037448,0.300037448,52,45,1,1,1,5,3,8,1,0,6,100.3
3913183,32230.0,Karen Holmgaard,Everton LFC,0,0,0,0,0.0,0.0,8,8,0,2,2,1,0,1,0,2,0,10.7
3913183,34499.0,Hanna Ulrika Bennison,Everton LFC,0,0,2,0,0.095342382,0.095342382,28,21,0,0,4,3,0,10,1,0,6,79.5
3913183,42836.0,Ella Powell,Bristol City WFC,0,0,0,0,0.0,0.0,21,12,0,0,5,2,0,6,0,1,3,50.2
3913183,45737.0,Martina Piemonte,Everton LFC,1,1,4,0,0.5163537899999999,0.5163537899999999,13,8,0,0,1,1,2,3,0,1,0,35.7
3913183,46459.0,Katja Snoeijs,Everton LFC,1,1,4,0,0.90408423,0.90408423,35,29,1,4,2,1,1,21,2,2,0,100.3
3913183,46738.0,Emma Bissell,Everton LFC,1,1,1,0,0.33148617,0.33148617,22,20,0,0,0,2,1,20,0,0,4,79.8
3913183,63308.0,Justine Vanhaevermaet,Everton LFC,0,0,0,0,0.0,0.0,79,72,0,1,15,3,0,4,0,2,5,89.4
3913183,64240.0,Francesca Bentley,Bristol City WFC,0,0,0,0,0.0,0.0,56,45,0,0,25,0,0,1,0,0,2,100.3
3913183,84765.0,Carrie Jones,Bristol City WFC,0,0,0,0,0.0,0.0,25,16,0,0,0,1,2,24,2,0,2,93.2
3913183,185543.0,Ffion Morgan,Bristol City WFC,0,0,1,0,0.066519424,0.066519424,30,19,0,1,2,3,0,22,0,1,5,100.3
3913183,185544.0,Jasmine Bull,Bristol City WFC,0,0,0,0,0.0,0.0,3,2,0,0,0,0,0,0,0,0,1,7.1
3913183,185545.0,Brooke Aspin,Bristol City WFC,0,0,1,0,0.10232785,0.10232785,41,35,0,0,5,0,0,8,2,0,1,100.3
3913183,276443.0,Kathrine Møller Kühl,Everton LFC,0,0,0,0,0.0,0.0,54,45,0,2,3,4,1,21,3,1,2,89.6
3913183,337710.0,Cecilie Maag Struck,Bristol City WFC,0,0,0,0,0.0,0.0,45,37,0,0,7,0,0,13,3,2,1,80.5
3913183,338059.0,Clare Wheeler,Everton LFC,0,0,0,0,0.0,0.0,80,65,0,0,11,2,0,17,1,4,6,100.3
3913183,345061.0,Mari Ward,Bristol City WFC,0,0,0,0,0.0,0.0,4,4,0,0,1,0,0,13,0,0,0,30.6
3913183,353151.0,Annie Wilding,Everton LFC,0,0,0,0,0.0,0.0,6,5,0,0,1,1,0,0,0,0,0,10.9
3913183,410042.0,Karoline Olesen,Everton LFC,0,0,0,0,0.0,0.0,8,7,0,0,2,1,0,3,0,0,2,20.8
3913183,424095.0,Eleanor Dale,Everton LFC,0,0,1,0,0.25113347,0.25113347,4,3,1,0,0,0,0,5,0,0,0,20.5
3913184,4651.0,Demi Stokes,Manchester City WFC,0,0,0,0,0.0,0.0,3,3,0,0,0,0,0,1,0,0,0,7.5
3913184,4984.0,Rachel Corsie,Aston Villa W,0,0,0,0,0.0,0.0,8,8,0,0,2,0,0,4,0,0,3,37.2
3913184,5058.0,Rachel Daly,Aston Villa W,1,1,4,0,0.583806456,0.583806456,23,15,0,1,2,0,2,24,3,1,4,99.8
3913184,5078.0,Alanna Stephanie Kennedy,Manchester City WFC,0,0,2,0,0.131873385,0.131873385,67,58,0,0,9,10,0,5,0,2,4,68.8
3913184,8297.0,Adriana Kristina Leon,Aston Villa W,0,0,0,0,0.0,0.0,6,4,0,0,0,1,0,5,1,0,4,37.4
3913184,10163.0,Leila Ouahabi El Ouahabi,Manchester City WFC,0,0,1,0,0.06520495,0.06520495,16,15,0,1,2,1,1,1,0,1,1,30.9
3913184,10185.0,Stephanie Houghton,Manchester City WFC,0,0,2,0,0.093905023,0.093905023,31,26,0,0,5,3,0,2,0,2,3,31.1
3913184,10192.0,Jordan Nobbs,Aston Villa W,0,0,0,0,0.0,0.0,34,23,0,0,3,0,0,10,0,1,5,99.8
3913184,10252.0,Alex Greenwood,Manchester City WFC,0,0,3,0,0.13779331299999997,0.13779331299999997,85,76,0,0,12,9,0,10,4,3,10,99.8
3913184,10404.0,Noelle Maritz,Aston Villa W,0,0,0,0,0.0,0.0,51,42,0,0,4,2,0,26,3,1,4,99.8
3913184,15421.0,Kenza Dali,Aston Villa W,0,0,1,0,0.03320439,0.03320439,36,26,1,2,6,8,0,21,3,3,5,99.8
3913184,15555.0,Lauren Hemp,Manchester City WFC,1,1,9,0,1.514216279,1.514216279,49,35,1,3,5,4,3,19,1,1,6,99.8
3913184,15570.0,Chloe Kelly,Manchester City WFC,0,0,3,0,0.079536161,0.079536161,39,24,0,5,4,0,1,15,4,0,3,92.3
3913184,15571.0,Danielle Turner,Aston Villa W,0,0,0,0,0.0,0.0,40,34,0,0,15,0,1,8,1,2,2,88.3
3913184,15724.0,Mayumi Pacheco,Aston Villa W,0,0,0,0,0.0,0.0,5,4,0,0,0,0,0,3,1,1,0,11.6
3913184,18153.0,Alisha Lehmann,Aston Villa W,0,0,0,0,0.0,0.0,14,8,0,0,0,0,1,12,1,0,3,62.4
3913184,19416.0,Laura Coombs,Manchester City WFC,0,0,0,0,0.0,0.0,3,3,0,0,0,0,0,5,0,0,0,13.5
3913184,19498.0,Jessica Park,Manchester City WFC,0,0,3,0,0.42726162,0.42726162,40,34,0,1,2,4,1,24,5,1,3,99.8
3913184,19500.0,Sarah Emma Mayling,Aston Villa W,0,0,0,0,0.0,0.0,31,22,0,1,7,0,1,6,1,3,1,62.6
3913184,25632.0,Yui Hasegawa,Manchester City WFC,0,0,0,0,0.0,0.0,50,42,0,2,5,2,1,17,2,1,7,99.8
3913184,31532.0,Kirsty Hanson,Aston Villa W,0,0,0,0,0.0,0.0,20,11,0,1,1,1,1,32,2,1,4,88.3
3913184,32210.0,Laia Aleixandri López,Manchester City WFC,0,0,1,0,0.012102415,0.012102415,53,48,0,0,7,1,0,11,0,3,7,99.8
3913184,33010.0,Freya Gregory,Aston Villa W,0,0,1,0,0.05818728,0.05818728,0,0,0,0,0,1,0,3,0,1,0,11.6
3913184,33675.0,Laura Madison Blindkilde Brown,Manchester City WFC,0,0,4,0,0.6481373850000001,0.6481373850000001,44,36,0,4,2,0,7,17,2,3,11,86.3
3913184,35693.0,Mary Boio Fowler,Manchester City WFC,1,1,2,0,0.21864782,0.21864782,42,35,1,6,0,2,0,14,0,1,4,99.8
3913184,78072.0,Anna Patten,Aston Villa W,0,0,0,0,0.0,0.0,40,35,0,0,6,1,0,8,2,1,3,99.8
3913184,92248.0,Khiara Keating,Manchester City WFC,0,0,0,0,0.0,0.0,41,39,0,0,13,0,0,0,0,0,1,99.8
3913184,131589.0,Anna Jessica Leat,Aston Villa W,0,0,0,0,0.0,0.0,55,42,0,0,16,0,0,0,0,0,9,99.8
3913184,135947.0,Lucy Parker,Aston Villa W,0,0,0,0,0.0,0.0,12,7,0,0,0,0,0,16,1,2,2,51.1
3913184,221888.0,Kerstin Yasmijn Casparij,Manchester City WFC,0,0,0,0,0.0,0.0,44,36,0,0,4,1,1,11,1,1,3,68.9
3913184,225576.0,Miriael Taylor,Aston Villa W,0,0,0,0,0.0,0.0,20,16,0,0,1,0,0,12,0,2,2,48.7
3913185,4636.0,Maria Thorisdottir,Brighton & Hove Albion WFC,0,0,0,0,0.0,0.0,58,47,0,0,8,0,0,10,2,1,5,100.8
3913185,5000.0,Stephanie-Elise Catley,Arsenal WFC,0,0,1,0,0.11697069,0.11697069,52,49,0,1,6,2,0,5,0,1,2,63.4
3913185,5102.0,Sabrina D’Angelo,Arsenal WFC,0,0,0,0,0.0,0.0,42,35,0,0,11,0,0,0,0,0,3,100.8
3913185,10158.0,María Victoria Losada Gómez,Brighton & Hove Albion WFC,0,0,1,0,0.014045357,0.014045357,53,46,0,1,6,0,2,41,4,3,8,100.8
3913185,10516.0,Frida Maanum,Arsenal WFC,1,1,1,0,0.4691886,0.4691886,10,8,0,1,0,1,0,8,1,0,3,37.6
3913185,11338.0,Caitlin Jade Foord,Arsenal WFC,0,0,1,0,0.02689105,0.02689105,30,22,0,0,0,5,0,15,0,1,3,87.5
3913185,15616.0,Kim Little,Arsenal WFC,0,0,1,1,0.7835,0.0,45,39,0,1,7,1,0,17,2,2,5,100.8
3913185,15619.0,Bethany Mead,Arsenal WFC,0,0,0,0,0.0,0.0,60,46,1,1,5,1,1,24,6,0,4,100.8
3913185,15620.0,Katie McCabe,Arsenal WFC,0,0,2,0,0.066523287,0.066523287,55,46,0,0,13,1,0,16,1,0,6,92.2
3913185,15623.0,Vivianne Miedema,Arsenal WFC,1,1,2,0,0.335699315,0.335699315,19,13,1,0,4,0,0,4,1,0,1,37.1
3913185,16376.0,Sophie Baggaley,Brighton & Hove Albion WFC,0,0,0,0,0.0,0.0,36,33,0,0,5,0,0,1,0,0,4,100.8
3913185,17274.0,Poppy Pattinson,Brighton & Hove Albion WFC,0,0,0,0,0.0,0.0,37,27,0,0,2,0,0,19,2,0,4,100.8
3913185,18999.0,Leah Williamson,Arsenal WFC,0,0,0,0,0.0,0.0,107,97,0,1,30,6,1,5,0,2,4,100.8
3913185,21059.0,Katie Robinson,Brighton & Hove Albion WFC,0,0,0,0,0.0,0.0,2,0,0,0,0,1,1,11,0,0,1,47.3
3913185,25453.0,Geum-Min Lee,Brighton & Hove Albion WFC,0,0,0,0,0.0,0.0,17,12,0,2,0,0,0,24,1,2,3,69.8
3913185,26094.0,Julia Zigiotti-Olme,Brighton & Hove Albion WFC,0,0,0,0,0.0,0.0,39,31,0,0,6,0,0,15,3,2,4,69.6
3913185,32694.0,Laia Codina Panedas,Arsenal WFC,0,0,1,0,0.097324796,0.097324796,22,21,0,0,4,0,0,2,0,0,0,37.4
3913185,34500.0,Emma Nanny Charlotte Kullberg,Brighton & Hove Albion WFC,0,0,0,0,0.0,0.0,14,12,0,0,2,1,1,17,0,0,2,31.2
3913185,46973.0,Laura Wienroither,Arsenal WFC,0,0,1,0,0.053880364,0.053880364,19,15,0,0,0,0,0,2,2,1,2,30.7
3913185,47521.0,Alessia Russo,Arsenal WFC,2,2,5,0,1.47374677,1.47374677,19,16,0,0,2,1,3,20,0,0,6,63.6
3913185,63788.0,Victoria Pelova,Arsenal WFC,0,0,0,0,0.0,0.0,69,63,0,0,9,2,1,17,4,0,12,100.8
3913185,85004.0,Maisie Symonds,Brighton & Hove Albion WFC,0,0,0,0,0.0,0.0,34,25,0,1,5,1,0,18,0,3,6,53.5
3913185,87188.0,Dejana Stefanović,Brighton & Hove Albion WFC,0,0,0,0,0.0,0.0,7,5,0,0,1,0,0,10,0,0,2,19.0
3913185,105102.0,Veatriki Sarri,Brighton & Hove Albion WFC,0,0,1,0,0.5388581,0.5388581,6,2,0,0,0,1,0,12,2,1,3,31.0
3913185,107491.0,Emily Ann Fox,Arsenal WFC,0,0,0,0,0.0,0.0,59,51,1,1,2,3,1,5,0,4,6,70.0
3913185,131575.0,Mengwen Li,Brighton & Hove Albion WFC,0,0,0,0,0.0,0.0,9,7,0,0,1,2,0,4,1,1,1,18.8
3913185,131586.0,Kyra Lillee Cooney-Cross,Arsenal WFC,0,0,0,0,0.0,0.0,47,43,0,0,5,1,1,7,0,2,2,63.1
3913185,276301.0,Elisabeth Terland,Brighton & Hove Albion WFC,0,0,4,0,0.273978473,0.273978473,15,13,0,0,0,1,0,30,1,0,2,100.8
3913185,276304.0,Guro Bergsvand,Brighton & Hove Albion WFC,0,0,0,0,0.0,0.0,54,46,0,0,3,0,0,18,4,3,6,100.8
3913185,338201.0,Michelle Agyemang,Arsenal WFC,0,0,0,0,0.0,0.0,4,2,0,0,0,0,1,4,0,0,0,13.3
3913185,388473.0,Jorelyn Andrea Daniela Carabalí Martínez,Brighton & Hove Albion WFC,0,0,1,0,0.114155844,0.114155844,36,27,0,0,3,1,0,17,4,3,4,82.0
3913185,405188.0,Madison Haley,Brighton & Hove Albion WFC,0,0,0,0,0.0,0.0,24,17,0,1,2,6,2,23,1,1,5,81.7
3913186,10100.0,Janice Cayman,Leicester City WFC,0,0,1,0,0.026425513,0.026425513,26,22,0,0,3,1,0,9,1,0,5,78.5
3913186,10260.0,Lena Petermann,Leicester City WFC,0,0,0,0,0.0,0.0,20,17,0,0,1,0,1,33,3,2,6,88.9
3913186,15547.0,Melissa Lawley,Liverpool WFC,0,0,0,0,0.0,0.0,6,6,0,1,1,2,1,7,0,0,3,26.7
3913186,15554.0,Gemma Bonner,Liverpool WFC,0,0,2,0,0.078997755,0.078997755,41,34,1,0,4,1,0,14,4,0,4,102.0
3913186,15720.0,Sophie Howard,Leicester City WFC,0,0,1,0,0.055775736,0.055775736,42,33,0,1,3,1,0,16,5,1,2,102.3
3913186,16374.0,Aileen Whelan,Leicester City WFC,0,0,2,0,0.24537979399999998,0.24537979399999998,15,9,0,1,0,0,0,9,2,0,1,36.8
3913186,18146.0,Leanne Kiernan,Liverpool WFC,3,3,4,0,0.39864265249999997,0.39864265249999997,10,6,0,0,1,0,1,4,0,0,3,33.5
3913186,19687.0,Taylor Hinds,Liverpool WFC,0,0,1,0,0.047493033,0.047493033,20,18,1,1,2,0,1,14,1,3,1,49.5
3913186,24237.0,Missy Bo Kearns,Liverpool WFC,0,0,1,0,0.038833834,0.038833834,12,6,0,2,0,0,0,5,3,0,2,26.9
3913186,24706.0,Sophie Roman Haug,Liverpool WFC,1,1,2,0,0.22403948399999998,0.22403948399999998,21,13,0,1,2,0,0,19,0,1,0,75.7
3913186,25604.0,Saori Takarada,Leicester City WFC,0,0,0,0,0.0,0.0,32,24,0,0,3,2,1,18,0,0,4,78.5
3913186,25662.0,Catherine Joan Bott,Leicester City WFC,0,0,1,0,0.07489495,0.07489495,52,42,0,1,4,2,0,20,6,1,8,102.3
3913186,26520.0,Yuka Momiki,Leicester City WFC,0,0,2,0,0.052307279,0.052307279,8,7,0,0,1,0,0,9,2,0,2,23.8
3913186,30856.0,Julie Thibaud,Leicester City WFC,0,0,1,0,0.06025567,0.06025567,46,31,0,0,4,0,0,12,2,0,7,102.3
3913186,32074.0,Jenna Clark,Liverpool WFC,0,0,0,0,0.0,0.0,33,27,0,0,7,0,0,11,2,0,7,102.3
3913186,32403.0,Emma Wilhelmina Koivisto,Liverpool WFC,0,0,2,0,0.12469180299999999,0.12469180299999999,33,27,0,0,3,2,1,24,2,0,9,102.3
3913186,33664.0,Rachael Laws,Liverpool WFC,0,0,0,0,0.0,0.0,73,52,0,0,29,1,0,0,0,0,3,102.3
3913186,34232.0,Grace Fisk,Liverpool WFC,0,0,0,0,0.0,0.0,54,51,0,0,7,2,1,9,2,1,3,102.3
3913186,46541.0,Asmita Ale,Leicester City WFC,0,0,0,0,0.0,0.0,42,29,0,0,4,0,0,14,3,2,3,89.1
3913186,46974.0,Marie Therese Höbinger,Liverpool WFC,0,0,3,0,0.171550155,0.171550155,53,38,0,2,2,1,2,10,2,1,7,74.2
3913186,46988.0,Janina Leitzig,Leicester City WFC,0,0,0,0,0.0,0.0,49,41,0,0,24,0,0,0,0,0,3,102.3
3913186,55069.0,Lucy Parry,Liverpool WFC,0,0,0,0,0.0,0.0,25,17,0,1,3,1,1,6,1,1,0,52.8
3913186,112522.0,Missy Goodwin,Leicester City WFC,0,0,0,0,0.0,0.0,12,8,0,1,0,1,2,26,3,0,2,65.5
3913186,132033.0,Courtney Jade Nevin,Leicester City WFC,0,0,0,0,0.0,0.0,9,6,0,1,2,1,0,7,1,1,4,13.2
3913186,135753.0,Samantha Tierney,Leicester City WFC,0,0,0,0,0.0,0.0,43,35,0,1,1,0,0,26,1,3,9,101.8
3913186,182500.0,Ava Baker,Leicester City WFC,0,0,1,0,0.12868747,0.12868747,6,4,0,1,0,1,0,4,0,0,1,23.9
3913186,224822.0,Jutta Rantala,Leicester City WFC,0,0,3,0,0.199110834,0.199110834,41,26,0,1,4,1,0,22,0,1,6,102.3
3913186,241634.0,Remy Siemsen,Leicester City WFC,0,0,0,0,0.0,0.0,4,3,0,0,0,0,0,2,0,0,2,13.4
3913186,299860.0,Fuka Nagano,Liverpool WFC,0,0,0,0,0.0,0.0,40,33,0,0,1,0,1,19,3,3,6,79.5
3913186,322359.0,Ceri Holland,Liverpool WFC,0,0,3,0,0.161886639,0.161886639,37,19,1,1,3,4,1,26,1,1,3,102.3
3913186,329372.0,Mia Enderby,Liverpool WFC,0,0,0,0,0.0,0.0,11,7,0,2,1,1,1,12,1,0,3,68.3
3913186,432915.0,Zara Shaw,Liverpool WFC,0,0,0,0,0.0,0.0,2,1,0,0,0,0,0,1,0,0,1,22.9
3913187,4641.0,Francesca Kirby,Chelsea FCW,1,1,1,0,0.39510095,0.39510095,13,12,0,0,0,0,0,7,0,0,2,23.1
3913187,4642.0,Millie Bright,Chelsea FCW,0,0,0,0,0.0,0.0,43,31,0,0,10,0,0,4,1,1,1,101.4
3913187,4654.0,Nikita Parris,Manchester United W,0,0,0,0,0.0,0.0,6,5,0,1,0,0,0,3,0,0,0,18.0
3913187,4660.0,Erin Cuthbert,Chelsea FCW,0,0,2,0,0.124566487,0.124566487,29,26,0,0,3,1,0,18,4,0,9,78.3
3913187,10514.0,Guro Reiten,Chelsea FCW,0,0,2,0,0.173913544,0.173913544,21,14,3,0,0,0,1,8,0,0,1,78.1
3913187,15290.0,Ashley Elizabeth Marie Lawrence,Chelsea FCW,0,0,0,0,0.0,0.0,13,11,0,1,2,1,0,4,1,0,1,23.3
3913187,15549.0,Sophie Louise Ingle,Chelsea FCW,0,0,0,0,0.0,0.0,16,14,1,0,3,0,0,6,1,0,2,37.7
3913187,15631.0,Niamh Charles,Chelsea FCW,0,0,0,0,0.0,0.0,51,41,0,0,11,3,2,15,2,3,6,101.4
3913187,15648.0,Melanie Leupolz,Chelsea FCW,1,1,1,0,0.30497122,0.30497122,24,18,0,0,4,1,0,11,1,0,3,63.7
3913187,16381.0,Gemma Evans,Manchester United W,0,0,0,0,0.0,0.0,13,10,0,1,4,0,0,3,2,0,1,18.4
3913187,17275.0,Hannah Jayne Blundell,Manchester United W,0,0,0,0,0.0,0.0,42,37,0,0,5,0,0,7,0,1,3,51.5
3913187,19422.0,Jessica Carter,Chelsea FCW,0,0,0,0,0.0,0.0,56,49,0,0,11,0,0,15,3,3,6,101.4
3913187,19503.0,Aoife Mannion,Manchester United W,0,0,0,0,0.0,0.0,28,21,0,0,5,1,0,8,1,0,2,50.0
3913187,22337.0,Maya Le Tissier,Manchester United W,0,0,1,0,0.06495361,0.06495361,60,53,0,0,19,1,0,20,4,0,2,101.4
3913187,25513.0,Lucía García Córdoba,Manchester United W,0,0,1,0,0.20504485,0.20504485,26,15,0,0,0,0,3,30,2,0,5,101.4
3913187,25543.0,Geyse da Silva Ferreira,Manchester United W,0,0,1,0,0.008430219,0.008430219,17,7,0,0,0,3,1,8,1,0,4,29.2
3913187,25785.0,Jayde Yuk Fun Riviere,Manchester United W,0,0,0,0,0.0,0.0,48,41,0,0,5,1,0,9,1,1,3,83.0
3913187,26093.0,Gun Nathalie Björn,Chelsea FCW,0,0,0,0,0.0,0.0,43,36,0,0,6,2,0,8,2,1,2,101.4
3913187,31534.0,Ella Toone,Manchester United W,0,0,0,0,0.0,0.0,42,32,0,0,7,2,0,10,2,0,5,101.4
3913187,31536.0,Millie Turner,Manchester United W,0,0,0,0,0.0,0.0,68,61,0,0,2,0,1,10,2,1,7,101.4
3913187,31538.0,Mary Alexandra Earps,Manchester United W,0,0,0,0,0.0,0.0,32,29,0,0,3,0,0,1,0,0,4,101.4
3913187,31540.0,Katie Zelem,Manchester United W,0,0,0,0,0.0,0.0,54,45,0,2,8,0,2,19,2,1,5,101.4
3913187,31563.0,Rachel Williams,Manchester United W,0,0,1,0,0.08705756,0.08705756,18,14,0,0,2,2,0,12,1,1,2,83.5
3913187,31614.0,Melvine Malard,Manchester United W,0,0,0,0,0.0,0.0,23,16,0,0,0,2,0,9,0,0,2,72.2
3913187,47008.0,Sjoeke Nüsken,Chelsea FCW,1,1,1,0,0.8899241,0.8899241,18,12,0,0,0,0,0,12,1,0,1,61.0
3913187,53188.0,Mayra Tatiana Ramírez Ramírez,Chelsea FCW,2,2,2,0,0.42563127,0.42563127,18,16,1,0,3,4,2,8,0,0,3,62.9
3913187,62710.0,Johanna Rytting-Kaneryd,Chelsea FCW,1,1,2,0,0.83543718,0.83543718,31,21,1,1,3,4,2,6,0,1,4,101.4
3913187,62713.0,Zecira Musovic,Chelsea FCW,0,0,0,0,0.0,0.0,36,24,0,0,3,0,0,0,0,0,0,101.4
3913187,81580.0,Agnes Beever-Jones,Chelsea FCW,0,0,2,0,0.152336174,0.152336174,11,7,0,0,1,2,1,4,0,0,1,37.9
3913187,84901.0,Catarina Cantanhede Melônio Macário,Chelsea FCW,0,0,0,0,0.0,0.0,15,7,0,0,2,2,0,8,0,0,1,40.2
3913187,386105.0,Lisa Fjeldstad Naalsund,Manchester United W,0,0,0,0,0.0,0.0,22,19,0,0,0,0,0,15,2,0,6,72.5
3913187,401932.0,Hinata Miyazawa,Manchester United W,0,0,0,0,0.0,0.0,5,4,0,0,0,0,0,5,0,0,2,28.9
3913188,4638.0,Drew Spence,Tottenham Hotspur Women,1,1,1,0,0.047811024,0.047811024,18,16,0,1,2,1,1,7,2,1,3,44.0
3913188,4848.0,Ashleigh Neville,Tottenham Hotspur Women,0,0,0,0,0.0,0.0,65,50,0,3,10,4,0,24,2,1,7,103.4
3913188,10196.0,Kirsty Smith,West Ham United LFC,0,0,0,0,0.0,0.0,41,30,0,1,5,3,1,26,3,0,6,103.4
3913188,15550.0,Bethany England,Tottenham Hotspur Women,1,1,5,0,0.84891142,0.84891142,37,25,0,1,8,1,1,12,0,0,5,103.4
3913188,18158.0,Rebecca Leigh Spencer,Tottenham Hotspur Women,0,0,0,0,0.0,0.0,28,24,0,0,2,0,0,0,0,0,1,103.4
3913188,21021.0,Molly Bartrip,Tottenham Hotspur Women,0,0,0,0,0.0,0.0,11,11,0,0,1,0,1,4,1,0,0,34.5
3913188,25624.0,Risa Shimizu,West Ham United LFC,0,0,1,0,0.08787776,0.08787776,42,32,0,0,4,2,2,16,4,2,4,103.4
3913188,25834.0,Viviane Asseyi,West Ham United LFC,0,0,3,0,0.36796576599999997,0.36796576599999997,19,15,0,1,2,3,0,20,3,1,0,103.4
3913188,31157.0,Hawa Cissoko,West Ham United LFC,0,0,0,0,0.0,0.0,53,45,0,0,21,4,0,13,1,3,5,97.8
3913188,31533.0,Amy Turner,Tottenham Hotspur Women,0,0,0,0,0.0,0.0,67,62,0,0,7,0,0,6,1,1,4,103.4
3913188,31558.0,Martha Thomas,Tottenham Hotspur Women,0,0,2,0,0.10783979399999999,0.10783979399999999,11,7,1,0,1,0,1,12,0,1,2,60.0
3913188,32227.0,Emma Snerle,West Ham United LFC,0,0,0,0,0.0,0.0,15,11,0,1,2,1,0,6,0,0,3,39.5
3913188,42787.0,Mackenzie Arnold,West Ham United LFC,0,0,0,0,0.0,0.0,62,54,0,0,23,0,0,0,0,0,7,103.4
3913188,46533.0,Ramona Petzelberger,Tottenham Hotspur Women,0,0,1,0,0.014592161,0.014592161,41,36,0,0,3,0,0,12,1,1,4,59.7
3913188,46635.0,Emma Harries,West Ham United LFC,0,0,0,0,0.0,0.0,11,6,0,0,0,0,0,15,3,0,1,63.9
3913188,46740.0,Grace Clinton,Tottenham Hotspur Women,0,0,0,0,0.0,0.0,59,48,1,1,7,4,4,27,5,0,5,103.4
3913188,46972.0,Luana Bühler,Tottenham Hotspur Women,0,0,0,0,0.0,0.0,60,55,0,0,9,0,0,18,2,1,2,68.8
3913188,50193.0,Anouk Denton,West Ham United LFC,0,0,0,0,0.0,0.0,42,36,0,1,7,3,0,10,2,2,3,103.4
3913188,61467.0,Jessica Naz,Tottenham Hotspur Women,1,1,2,0,0.370966971,0.370966971,11,9,1,0,1,3,1,10,0,0,3,43.7
3913188,87194.0,Celin Bizet Ildhusøy,Tottenham Hotspur Women,0,0,0,0,0.0,0.0,34,20,0,1,3,6,4,13,1,2,1,76.5
3913188,131653.0,Honoka Hayashi,West Ham United LFC,0,0,2,0,0.209065376,0.209065376,38,32,1,0,3,1,0,17,0,3,7,97.9
3913188,132034.0,Charlotte Layne Grant,Tottenham Hotspur Women,0,0,1,0,0.10983711,0.10983711,41,36,0,0,0,6,0,15,3,1,5,103.4
3913188,191850.0,Eveliina Summanen,Tottenham Hotspur Women,0,0,1,0,0.036727723,0.036727723,67,53,0,2,4,0,0,10,3,2,5,59.4
3913188,224167.0,Matilda Liv Vinberg,Tottenham Hotspur Women,0,0,0,0,0.0,0.0,7,7,0,0,0,0,0,11,0,0,1,26.9
3913188,224866.0,Anna Marika Bergman Lundin,West Ham United LFC,0,0,0,0,0.0,0.0,2,0,0,0,0,0,0,8,1,0,0,5.5
3913188,229194.0,Olga Ahtinen,Tottenham Hotspur Women,0,0,1,0,0.15117413,0.15117413,30,22,0,1,7,0,1,10,0,1,2,43.4
3913188,276907.0,Amber Tysiak,West Ham United LFC,0,0,1,0,0.040442273,0.040442273,48,44,0,0,8,4,0,15,3,0,2,103.0
3913188,322322.0,Jessica Ziu,West Ham United LFC,0,0,0,0,0.0,0.0,29,17,0,0,1,1,4,19,0,1,6,94.9
3913188,370018.0,Shannon Cooke,West Ham United LFC,0,0,0,0,0.0,0.0,2,0,0,0,0,0,0,1,0,0,1,5.6
3913188,395055.0,Princess Ademiluyi,West Ham United LFC,0,0,0,0,0.0,0.0,1,1,0,0,0,0,0,2,0,0,0,8.5
3913188,401930.0,Riko Ueki,West Ham United LFC,1,1,1,0,0.009571995,0.009571995,35,26,0,1,2,1,0,24,1,0,1,103.4
