match_id,player_id,player,team,period,minute,second,x,y,distance,inside_box,play_pattern,outcome,is_goal,shot_type,body_part,technique,first_time,under_pressure,xg
3913089,16382.0,Heather Payne,Everton LFC,1,1,8,107.9,54.8,19.1,Inside box,From Counter,Saved,0,Open Play,Right Foot,Normal,False,False,0.049121466
3913089,4961.0,Samantha May Kerr,Chelsea FCW,1,4,33,113.8,33.9,8.7,Inside box,From Corner,Wayward,0,Open Play,Head,Normal,False,True,0.059975848
3913089,47008.0,Sjoeke Nüsken,Chelsea FCW,1,6,18,109.8,47.5,12.7,Inside box,From Corner,Blocked,0,Open Play,Head,Normal,False,False,0.041418254
3913089,4961.0,Samantha May Kerr,Chelsea FCW,1,6,52,114.0,33.5,8.8,Inside box,From Corner,Off T,0,Open Play,Head,Normal,False,True,0.07729998
3913089,25612.0,Jessie Alexandra Fleming,Chelsea FCW,1,13,32,108.2,28.6,16.4,Inside box,From Goal Kick,Goal,1,Open Play,Right Foot,Volley,True,True,0.06213729
3913089,4660.0,Erin Cuthbert,Chelsea FCW,1,14,42,96.5,47.3,24.6,Outside box,From Counter,Saved,0,Open Play,Left Foot,Normal,False,False,0.034942638
3913089,45737.0,Martina Piemonte,Everton LFC,1,29,8,108.3,41.1,11.8,Inside box,From Corner,Wayward,0,Open Play,Head,Normal,False,False,0.03850914
3913089,63308.0,Justine Vanhaevermaet,Everton LFC,1,29,26,112.4,46.6,10.1,Inside box,From Corner,Saved,0,Open Play,Right Foot,Normal,True,False,0.11479692
3913089,45737.0,Martina Piemonte,Everton LFC,1,32,13,104.6,47.0,16.9,Inside box,From Throw In,Saved,0,Open Play,Left Foot,Normal,True,True,0.31791255
3913089,16382.0,Heather Payne,Everton LFC,1,35,13,107.2,41.7,12.9,Inside box,Regular Play,Blocked,0,Open Play,Left Foot,Normal,False,False,0.09191459
3913089,62710.0,Johanna Rytting-Kaneryd,Chelsea FCW,1,38,59,102.4,38.2,17.7,Inside box,Regular Play,Off T,0,Open Play,Left Foot,Normal,True,False,0.11544067
3913089,62710.0,Johanna Rytting-Kaneryd,Chelsea FCW,1,40,46,109.0,53.7,17.6,Inside box,Regular Play,Off T,0,Open Play,Right Foot,Normal,False,False,0.09033407
3913089,15631.0,Niamh Charles,Chelsea FCW,1,42,45,102.4,39.7,17.6,Inside box,From Free Kick,Saved,0,Open Play,Head,Normal,False,True,0.030719573
3913089,32229.0,Sara Holmgaard,Everton LFC,1,43,22,107.4,41.1,12.6,Inside box,From Keeper,Saved,0,Open Play,Left Foot,Normal,False,False,0.20796505
3913089,18254.0,Megan Finnigan,Everton LFC,1,47,21,110.9,43.1,9.6,Inside box,From Corner,Wayward,0,Open Play,Head,Normal,False,False,0.05405298
3913089,4961.0,Samantha May Kerr,Chelsea FCW,2,48,36,103.9,42.3,16.3,Inside box,Regular Play,Blocked,0,Open Play,Right Foot,Normal,False,False,0.09655434
3913089,4660.0,Erin Cuthbert,Chelsea FCW,2,48,40,100.7,47.6,20.7,Outside box,Regular Play,Post,0,Open Play,Right Foot,Normal,False,True,0.063865766
3913089,63308.0,Justine Vanhaevermaet,Everton LFC,2,53,34,103.0,44.3,17.5,Inside box,From Free Kick,Off T,0,Open Play,Right Foot,Half Volley,True,False,0.0684685
3913089,4961.0,Samantha May Kerr,Chelsea FCW,2,61,49,110.4,43.9,10.4,Inside box,Regular Play,Goal,1,Open Play,Right Foot,Half Volley,True,False,0.19978571
3913089,31531.0,Lauren James,Chelsea FCW,2,70,25,102.1,44.8,18.5,Inside box,Regular Play,Blocked,0,Open Play,Right Foot,Normal,False,True,0.067401074
3913089,46738.0,Emma Bissell,Everton LFC,2,86,6,95.7,38.5,24.3,Outside box,Regular Play,Saved,0,Open Play,Left Foot,Normal,False,False,0.040317174
3913089,81580.0,Agnes Beever-Jones,Chelsea FCW,2,88,37,112.4,55.1,16.9,Inside box,From Throw In,Off T,0,Open Play,Right Foot,Normal,True,False,0.038768426
3913089,81580.0,Agnes Beever-Jones,Chelsea FCW,2,89,56,106.9,50.4,16.7,Inside box,From Throw In,Goal,1,Open Play,Left Foot,Normal,False,False,0.18104345
3912593,10650.0,Jill Roord,Manchester City WFC,1,3,57,102.1,26.1,22.7,Inside box,Regular Play,Off T,0,Open Play,Right Foot,Normal,False,True,0.02243894
3912593,15555.0,Lauren Hemp,Manchester City WFC,1,9,13,112.0,44.1,9.0,Inside box,Regular Play,Wayward,0,Open Play,Head,Normal,False,True,0.062772095
3912593,401930.0,Riko Ueki,West Ham United LFC,1,10,41,114.9,53.0,14.0,Inside box,From Throw In,Saved,0,Open Play,Right Foot,Half Volley,True,False,0.04348763
3912593,10650.0,Jill Roord,Manchester City WFC,1,14,41,97.8,43.2,22.4,Outside box,From Free Kick,Off T,0,Open Play,Right Foot,Lob,False,True,0.16821605
3912593,35693.0,Mary Boio Fowler,Manchester City WFC,1,20,9,109.3,34.3,12.1,Inside box,Regular Play,Off T,0,Open Play,Right Foot,Volley,True,True,0.11610049
3912593,10163.0,Leila Ouahabi El Ouahabi,Manchester City WFC,1,36,57,95.2,32.1,26.0,Outside box,From Throw In,Saved,0,Open Play,Left Foot,Half Volley,True,False,0.026785182
3912593,10650.0,Jill Roord,Manchester City WFC,1,40,36,100.1,40.3,19.9,Outside box,From Throw In,Blocked,0,Open Play,Right Foot,Normal,False,True,0.03823167
3912593,15555.0,Lauren Hemp,Manchester City WFC,1,40,56,105.3,34.9,15.6,Inside box,From Throw In,Off T,0,Open Play,Right Foot,Normal,False,True,0.08401459
3912593,15555.0,Lauren Hemp,Manchester City WFC,1,45,12,115.2,36.0,6.2,Inside box,Regular Play,Saved,0,Open Play,Head,Normal,False,True,0.3386023
3912593,401930.0,Riko Ueki,West Ham United LFC,2,45,12,106.0,29.1,17.7,Inside box,From Kick Off,Saved,0,Open Play,Left Foot,Normal,False,True,0.07787821
3912593,15555.0,Lauren Hemp,Manchester City WFC,2,47,11,100.3,50.2,22.2,Outside box,From Throw In,Goal,1,Open Play,Left Foot,Normal,False,True,0.055716347
3912593,15570.0,Chloe Kelly,Manchester City WFC,2,49,22,108.0,40.0,12.0,Inside box,Other,Saved,0,Penalty,Right Foot,Normal,False,False,0.7835
3912593,5078.0,Alanna Stephanie Kennedy,Manchester City WFC,2,49,53,114.1,40.4,5.9,Inside box,From Corner,Blocked,0,Open Play,Head,Normal,False,True,0.14416097
3912593,32210.0,Laia Aleixandri López,Manchester City WFC,2,50,35,111.7,34.7,9.8,Inside box,From Corner,Blocked,0,Open Play,Other,Normal,False,False,0.06130011
3912593,32210.0,Laia Aleixandri López,Manchester City WFC,2,50,36,111.8,36.0,9.1,Inside box,From Corner,Saved,0,Open Play,Right Foot,Volley,True,False,0.083563134
3912593,49938.0,Deyna Cristina Castellanos Naujenis,Manchester City WFC,2,51,12,92.5,31.8,28.7,Outside box,Regular Play,Off T,0,Open Play,Right Foot,Half Volley,False,False,0.016667368
3912593,25834.0,Viviane Asseyi,West Ham United LFC,2,53,3,100.3,34.6,20.4,Outside box,From Counter,Blocked,0,Open Play,Right Foot,Normal,False,True,0.060548976
3912593,10650.0,Jill Roord,Manchester City WFC,2,54,43,107.8,47.8,14.5,Inside box,Regular Play,Goal,1,Open Play,Left Foot,Normal,False,False,0.30525687
3912593,49938.0,Deyna Cristina Castellanos Naujenis,Manchester City WFC,2,56,9,103.0,29.8,19.8,Inside box,Regular Play,Saved,0,Open Play,Right Foot,Half Volley,False,False,0.041875295
3912593,49938.0,Deyna Cristina Castellanos Naujenis,Manchester City WFC,2,63,34,101.6,42.0,18.5,Outside box,From Throw In,Saved,0,Open Play,Right Foot,Half Volley,False,True,0.045415226
3912593,46635.0,Emma Harries,West Ham United LFC,2,74,8,109.9,40.3,10.1,Inside box,Regular Play,Off T,0,Open Play,Head,Normal,False,False,0.10740072
3912593,370018.0,Shannon Cooke,West Ham United LFC,2,83,21,81.6,23.9,41.6,Outside box,From Throw In,Off T,0,Open Play,Right Foot,Normal,False,False,0.0045214747
3912593,25834.0,Viviane Asseyi,West Ham United LFC,2,85,2,105.0,58.2,23.6,Inside box,From Goal Kick,Off T,0,Open Play,Right Foot,Half Volley,False,False,0.014711463
3912593,15555.0,Lauren Hemp,Manchester City WFC,2,87,23,89.3,37.7,30.8,Outside box,Regular Play,Off T,0,Open Play,Left Foot,Normal,False,False,0.03029152
3912593,10179.0,Lisa Evans,West Ham United LFC,2,89,15,96.8,32.9,24.3,Outside box,Regular Play,Blocked,0,Open Play,Right Foot,Half Volley,False,True,0.03034616
3912593,62666.0,Ingrid Filippa Angeldal,Manchester City WFC,2,93,55,101.0,63.0,29.8,Outside box,From Free Kick,Saved,0,Open Play,Right Foot,Normal,False,False,0.010822548
3913099,32403.0,Emma Wilhelmina Koivisto,Liverpool WFC,1,1,26,113.3,53.1,14.7,Inside box,From Throw In,Blocked,0,Open Play,Right Foot,Normal,True,True,0.027027696
3913099,24706.0,Sophie Roman Haug,Liverpool WFC,1,2,2,115.3,38.5,4.9,Inside box,From Corner,Off T,0,Open Play,Head,Normal,False,False,0.17270342
3913099,20725.0,Pauline Bremer,Brighton & Hove Albion WFC,1,3,22,101.0,28.9,22.0,Outside box,From Throw In,Saved,0,Open Play,Left Foot,Normal,False,False,0.04127184
3913099,405180.0,Charlize Jayde Rule,Brighton & Hove Albion WFC,1,4,9,111.2,34.2,10.5,Inside box,From Corner,Off T,0,Open Play,Right Foot,Half Volley,True,False,0.18100289
3913099,276301.0,Elisabeth Terland,Brighton & Hove Albion WFC,1,7,12,118.4,34.3,5.9,Inside box,From Corner,Blocked,0,Open Play,Left Foot,Half Volley,True,True,0.1256915
3913099,276301.0,Elisabeth Terland,Brighton & Hove Albion WFC,1,12,47,114.7,36.9,6.1,Inside box,From Corner,Blocked,0,Open Play,Head,Normal,False,True,0.14088531
3913099,276304.0,Guro Bergsvand,Brighton & Hove Albion WFC,1,19,48,114.0,32.3,9.8,Inside box,From Free Kick,Blocked,0,Open Play,Right Foot,Half Volley,True,False,0.08322534
3913099,85004.0,Maisie Symonds,Brighton & Hove Albion WFC,1,22,2,109.8,45.7,11.7,Inside box,Regular Play,Saved,0,Open Play,Right Foot,Volley,True,False,0.05566859
3913099,10648.0,Shanice van de Sanden,Liverpool WFC,1,26,10,114.2,33.4,8.8,Inside box,Regular Play,Blocked,0,Open Play,Right Foot,Volley,True,False,0.074041605
3913099,15554.0,Gemma Bonner,Liverpool WFC,1,26,46,114.6,32.0,9.7,Inside box,From Corner,Goal,1,Open Play,Head,Normal,False,False,0.06596908
3913099,24706.0,Sophie Roman Haug,Liverpool WFC,1,29,29,103.0,39.8,17.0,Inside box,Regular Play,Saved,0,Open Play,Head,Normal,False,False,0.021345895
3913099,24706.0,Sophie Roman Haug,Liverpool WFC,1,32,53,109.0,32.2,13.5,Inside box,From Throw In,Saved Off Target,0,Open Play,Head,Normal,False,True,0.021430805
3913099,322359.0,Ceri Holland,Liverpool WFC,1,37,39,116.6,31.2,9.4,Inside box,From Corner,Off T,0,Open Play,Right Foot,Volley,True,False,0.09647118
3913099,10648.0,Shanice van de Sanden,Liverpool WFC,1,42,54,115.2,49.8,10.9,Inside box,From Throw In,Goal,1,Open Play,Right Foot,Normal,False,False,0.22152005
3913099,276301.0,Elisabeth Terland,Brighton & Hove Albion WFC,2,54,15,109.8,31.5,13.3,Inside box,From Free Kick,Off T,0,Open Play,Head,Normal,False,False,0.026882095
3913099,24706.0,Sophie Roman Haug,Liverpool WFC,2,57,17,91.2,12.4,39.9,Outside box,From Free Kick,Wayward,0,Open Play,Left Foot,Half Volley,True,False,0.006032473
3913099,322359.0,Ceri Holland,Liverpool WFC,2,62,15,117.5,42.2,3.3,Inside box,From Counter,Goal,1,Open Play,Head,Normal,False,False,0.8938091
3913099,10648.0,Shanice van de Sanden,Liverpool WFC,2,68,8,111.0,45.6,10.6,Inside box,From Free Kick,Saved,0,Open Play,Right Foot,Normal,False,True,0.35771254
3913099,24706.0,Sophie Roman Haug,Liverpool WFC,2,69,36,112.7,41.2,7.4,Inside box,Regular Play,Off T,0,Open Play,Head,Normal,False,True,0.09323416
3913099,10648.0,Shanice van de Sanden,Liverpool WFC,2,70,44,106.0,48.9,16.6,Inside box,From Counter,Off T,0,Open Play,Right Foot,Normal,False,True,0.20297807
3913099,18146.0,Leanne Kiernan,Liverpool WFC,2,74,25,108.5,56.6,20.2,Inside box,From Free Kick,Post,0,Open Play,Right Foot,Normal,False,False,0.04811134
3913099,18146.0,Leanne Kiernan,Liverpool WFC,2,82,37,111.9,41.7,8.3,Inside box,From Throw In,Saved,0,Open Play,Head,Normal,False,False,0.12426775
3913099,24237.0,Missy Bo Kearns,Liverpool WFC,2,89,42,102.4,51.5,21.0,Inside box,From Counter,Saved,0,Open Play,Right Foot,Normal,False,False,0.081229426
3913099,24706.0,Sophie Roman Haug,Liverpool WFC,2,91,59,113.1,42.3,7.3,Inside box,Regular Play,Goal,1,Open Play,Right Foot,Normal,True,False,0.4286753
3913099,10167.0,Tatiana Vanessa Ferreira Pinto,Brighton & Hove Albion WFC,2,93,26,97.1,40.2,22.9,Outside box,Regular Play,Off T,0,Open Play,Right Foot,Normal,False,True,0.026309349
3913148,25834.0,Viviane Asseyi,West Ham United LFC,1,21,15,101.1,35.9,19.3,Outside box,From Keeper,Off T,0,Open Play,Right Foot,Normal,False,True,0.039824177
3913148,18146.0,Leanne Kiernan,Liverpool WFC,1,37,41,103.7,49.4,18.8,Inside box,Regular Play,Saved,0,Open Play,Right Foot,Normal,False,True,0.12488718
3913148,19777.0,Niamh Fahey,Liverpool WFC,1,38,24,113.7,35.4,7.8,Inside box,From Corner,Off T,0,Open Play,Head,Normal,False,False,0.083072945
3913148,18146.0,Leanne Kiernan,Liverpool WFC,1,39,20,102.8,48.9,19.4,Inside box,Regular Play,Off T,0,Open Play,Right Foot,Normal,True,False,0.059537303
3913148,322359.0,Ceri Holland,Liverpool WFC,1,40,32,110.6,33.3,11.5,Inside box,Regular Play,Saved,0,Open Play,Right Foot,Normal,True,False,0.13869968
3913148,18146.0,Leanne Kiernan,Liverpool WFC,1,40,34,111.9,39.3,8.1,Inside box,Regular Play,Goal,1,Open Play,Right Foot,Normal,True,True,0.7510731
3913148,10196.0,Kirsty Smith,West Ham United LFC,1,50,13,106.1,35.1,14.7,Inside box,Regular Play,Off T,0,Open Play,Right Foot,Normal,True,False,0.07449393
3913148,401930.0,Riko Ueki,West Ham United LFC,1,51,20,110.5,54.7,17.5,Inside box,Regular Play,Saved,0,Open Play,Right Foot,Normal,False,False,0.06293301
3913148,25834.0,Viviane Asseyi,West Ham United LFC,1,51,23,103.1,33.2,18.2,Inside box,Regular Play,Off T,0,Open Play,Left Foot,Half Volley,True,False,0.12387
3913148,31157.0,Hawa Cissoko,West Ham United LFC,2,48,8,113.1,32.1,10.5,Inside box,From Corner,Off T,0,Open Play,Right Foot,Backheel,True,True,0.04683459
3913148,24237.0,Missy Bo Kearns,Liverpool WFC,2,49,54,112.8,34.9,8.8,Inside box,From Throw In,Goal,1,Open Play,Head,Normal,False,False,0.12925811
3913148,322359.0,Ceri Holland,Liverpool WFC,2,55,11,102.9,35.3,17.7,Inside box,From Free Kick,Saved,0,Open Play,Right Foot,Normal,False,False,0.07345499
3913148,18146.0,Leanne Kiernan,Liverpool WFC,2,55,47,111.7,42.7,8.7,Inside box,Regular Play,Wayward,0,Open Play,Left Foot,Half Volley,True,False,0.19356304
3913148,46974.0,Marie Therese Höbinger,Liverpool WFC,2,56,2,92.6,46.4,28.1,Outside box,Regular Play,Blocked,0,Open Play,Right Foot,Normal,False,False,0.026886132
3913148,25834.0,Viviane Asseyi,West Ham United LFC,2,62,17,108.6,37.6,11.6,Inside box,Regular Play,Off T,0,Open Play,Right Foot,Half Volley,True,False,0.16216265
3913148,25834.0,Viviane Asseyi,West Ham United LFC,2,70,28,103.6,32.2,18.2,Inside box,From Counter,Saved,0,Open Play,Right Foot,Normal,False,False,0.04318455
3913148,24706.0,Sophie Roman Haug,Liverpool WFC,2,72,39,113.3,46.4,9.3,Inside box,From Corner,Goal,1,Open Play,Right Foot,Half Volley,True,False,0.20019844
3913148,10196.0,Kirsty Smith,West Ham United LFC,2,75,57,83.7,23.5,39.9,Outside box,From Throw In,Blocked,0,Open Play,Right Foot,Normal,True,False,0.006240189
3913148,24237.0,Missy Bo Kearns,Liverpool WFC,2,78,51,95.2,30.1,26.7,Outside box,Regular Play,Off T,0,Open Play,Right Foot,Normal,False,True,0.029109553
3913148,10648.0,Shanice van de Sanden,Liverpool WFC,2,80,39,113.6,37.1,7.0,Inside box,From Throw In,Saved,0,Open Play,Right Foot,Normal,True,False,0.51749504
3913148,401930.0,Riko Ueki,West Ham United LFC,2,86,32,89.0,41.3,31.0,Outside box,Regular Play,Goal,1,Open Play,Right Foot,Normal,True,False,0.052434254
3913148,24237.0,Missy Bo Kearns,Liverpool WFC,2,87,59,106.3,26.6,19.2,Inside box,From Kick Off,Saved,0,Open Play,Right Foot,Normal,False,False,0.08644968
3913158,25834.0,Viviane Asseyi,West Ham United LFC,1,0,18,112.3,39.2,7.7,Inside box,From Kick Off,Off T,0,Open Play,Head,Normal,False,True,0.18243352
3913158,81580.0,Agnes Beever-Jones,Chelsea FCW,1,1,8,107.5,32.3,14.7,Inside box,From Goal Kick,Goal,1,Open Play,Right Foot,Half Volley,True,True,0.17360158
3913158,50193.0,Anouk Denton,West Ham United LFC,1,3,3,113.5,48.8,10.9,Inside box,From Corner,Off T,0,Open Play,Head,Normal,False,True,0.06493857
3913158,31531.0,Lauren James,Chelsea FCW,1,4,29,92.3,27.7,30.3,Outside box,From Free Kick,Saved Off Target,0,Free Kick,Right Foot,Normal,False,False,0.037366487
3913158,10196.0,Kirsty Smith,West Ham United LFC,1,5,18,110.0,35.0,11.2,Inside box,Regular Play,Off T,0,Open Play,Right Foot,Normal,True,False,0.44923297
3913158,31531.0,Lauren James,Chelsea FCW,1,6,44,111.0,23.1,19.1,Inside box,Regular Play,Off T,0,Open Play,Right Foot,Normal,True,False,0.015383221
3913158,31531.0,Lauren James,Chelsea FCW,1,28,0,103.7,31.0,18.6,Inside box,Regular Play,Saved,0,Open Play,Right Foot,Normal,True,False,0.057408623
3913158,62709.0,Jelena Canković,Chelsea FCW,1,34,2,97.1,35.4,23.4,Outside box,From Throw In,Off T,0,Open Play,Left Foot,Normal,True,False,0.038710326
3913158,401930.0,Riko Ueki,West Ham United LFC,1,35,44,91.4,54.6,32.1,Outside box,Regular Play,Post,0,Open Play,Right Foot,Normal,False,False,0.018536558
3913158,25834.0,Viviane Asseyi,West Ham United LFC,1,44,30,107.5,47.1,14.4,Inside box,From Throw In,Off T,0,Open Play,Right Foot,Normal,False,True,0.20272176
3913158,81580.0,Agnes Beever-Jones,Chelsea FCW,2,47,39,114.7,42.3,5.8,Inside box,Regular Play,Off T,0,Open Play,Head,Normal,False,True,0.17509419
3913158,15290.0,Ashley Elizabeth Marie Lawrence,Chelsea FCW,2,49,30,109.1,45.3,12.1,Inside box,From Free Kick,Blocked,0,Open Play,Right Foot,Half Volley,True,False,0.06369494
3913158,31531.0,Lauren James,Chelsea FCW,2,56,37,97.1,27.8,25.9,Outside box,From Throw In,Off T,0,Open Play,Right Foot,Normal,False,False,0.029667655
3913158,53188.0,Mayra Tatiana Ramírez Ramírez,Chelsea FCW,2,65,6,117.0,51.6,12.0,Inside box,From Free Kick,Saved,0,Open Play,Right Foot,Half Volley,False,True,0.025582716
3913158,4660.0,Erin Cuthbert,Chelsea FCW,2,66,12,97.5,53.1,26.0,Outside box,Regular Play,Blocked,0,Open Play,Right Foot,Normal,False,True,0.02155401
3913158,53188.0,Mayra Tatiana Ramírez Ramírez,Chelsea FCW,2,68,47,112.2,48.9,11.8,Inside box,Regular Play,Post,0,Open Play,Right Foot,Normal,False,True,0.05123925
3913158,84901.0,Catarina Cantanhede Melônio Macário,Chelsea FCW,2,70,19,97.8,33.6,23.1,Outside box,From Free Kick,Off T,0,Free Kick,Right Foot,Normal,False,False,0.09269724
3913158,224866.0,Anna Marika Bergman Lundin,West Ham United LFC,2,71,6,103.4,29.4,19.7,Inside box,From Goal Kick,Blocked,0,Open Play,Right Foot,Normal,False,True,0.029155096
3913158,25834.0,Viviane Asseyi,West Ham United LFC,2,72,22,99.6,29.4,23.0,Outside box,From Free Kick,Off T,0,Free Kick,Right Foot,Normal,False,False,0.0795414
3913158,15648.0,Melanie Leupolz,Chelsea FCW,2,73,37,94.9,31.5,26.5,Outside box,From Free Kick,Off T,0,Open Play,Right Foot,Normal,True,False,0.025925651
3913158,4660.0,Erin Cuthbert,Chelsea FCW,2,77,4,103.8,46.6,17.5,Inside box,From Corner,Blocked,0,Open Play,Left Foot,Half Volley,False,True,0.051000457
3913158,401930.0,Riko Ueki,West Ham United LFC,2,80,40,103.4,42.3,16.8,Inside box,From Free Kick,Off T,0,Open Play,Left Foot,Volley,True,False,0.070775315
3913158,4660.0,Erin Cuthbert,Chelsea FCW,2,84,57,98.0,49.8,24.1,Outside box,From Throw In,Off T,0,Open Play,Right Foot,Half Volley,False,False,0.0332218
3913158,4660.0,Erin Cuthbert,Chelsea FCW,2,87,17,106.9,31.6,15.6,Inside box,From Corner,Goal,1,Open Play,Right Foot,Half Volley,False,True,0.053660132
3913158,84901.0,Catarina Cantanhede Melônio Macário,Chelsea FCW,2,91,13,102.6,49.4,19.8,Inside box,Regular Play,Saved,0,Open Play,Left Foot,Normal,False,False,0.04196679
3913158,4660.0,Erin Cuthbert,Chelsea FCW,2,93,41,88.4,39.1,31.6,Outside box,From Throw In,Blocked,0,Open Play,Right Foot,Normal,False,False,0.02040927
3913183,34499.0,Hanna Ulrika Bennison,Everton LFC,1,1,5,89.8,43.5,30.4,Outside box,Regular Play,Off T,0,Open Play,Right Foot,Normal,False,False,0.027407372
3913183,10088.0,Katrine Veje,Everton LFC,1,4,3,96.8,20.1,30.6,Outside box,From Free Kick,Off T,0,Open Play,Left Foot,Normal,False,True,0.008306959
3913183,46459.0,Katja Snoeijs,Everton LFC,1,15,37,102.9,42.8,17.3,Inside box,Regular Play,Goal,1,Open Play,Right Foot,Normal,False,True,0.12076121
3913183,32229.0,Sara Holmgaard,Everton LFC,1,22,12,107.7,34.1,13.6,Inside box,From Throw In,Goal,1,Open Play,Right Foot,Normal,True,False,0.134307
3913183,185545.0,Brooke Aspin,Bristol City WFC,1,27,34,113.5,36.5,7.4,Inside box,From Corner,Blocked,0,Open Play,Head,Normal,False,True,0.10232785
3913183,46459.0,Katja Snoeijs,Everton LFC,1,34,55,108.7,34.2,12.7,Inside box,Regular Play,Blocked,0,Open Play,Left Foot,Normal,False,False,0.12527737
3913183,32229.0,Sara Holmgaard,Everton LFC,1,45,28,115.2,36.1,6.2,Inside box,From Corner,Off T,0,Open Play,Head,Normal,False,False,0.12207652
3913183,46738.0,Emma Bissell,Everton LFC,2,47,28,113.3,42.6,7.2,Inside box,From Free Kick,Goal,1,Open Play,Right Foot,Volley,True,False,0.33148617
3913183,185543.0,Ffion Morgan,Bristol City WFC,2,48,45,100.0,40.7,20.0,Outside box,Regular Play,Saved,0,Open Play,Right Foot,Normal,False,False,0.066519424
3913183,46459.0,Katja Snoeijs,Everton LFC,2,51,57,110.8,41.8,9.4,Inside box,Regular Play,Off T,0,Open Play,Right Foot,Half Volley,True,False,0.18715808
3913183,34499.0,Hanna Ulrika Bennison,Everton LFC,2,57,14,97.8,47.7,23.5,Outside box,Regular Play,Saved,0,Open Play,Left Foot,Normal,False,False,0.06793501
3913183,45737.0,Martina Piemonte,Everton LFC,2,61,55,110.6,37.5,9.7,Inside box,Regular Play,Blocked,0,Open Play,Left Foot,Normal,True,True,0.16542906
3913183,32229.0,Sara Holmgaard,Everton LFC,2,63,28,95.4,37.5,24.7,Outside box,Regular Play,Off T,0,Open Play,Left Foot,Normal,True,False,0.043653928
3913183,45737.0,Martina Piemonte,Everton LFC,2,69,1,112.4,36.8,8.2,Inside box,From Throw In,Blocked,0,Open Play,Head,Normal,False,False,0.08451985
3913183,10088.0,Katrine Veje,Everton LFC,2,69,6,100.1,27.1,23.7,Outside box,From Throw In,Saved,0,Open Play,Left Foot,Normal,True,False,0.03734203
3913183,15788.0,Amalie Grønbak Thestrup,Bristol City WFC,2,72,9,86.2,39.4,33.8,Outside box,Regular Play,Saved,0,Open Play,Left Foot,Normal,False,False,0.023117121
3913183,424095.0,Eleanor Dale,Everton LFC,2,77,8,109.3,50.6,15.1,Inside box,Other,Off T,0,Open Play,Right Foot,Normal,True,True,0.25113347
3913183,45737.0,Martina Piemonte,Everton LFC,2,86,4,111.3,39.3,8.7,Inside box,From Free Kick,Blocked,0,Open Play,Left Foot,Normal,True,True,0.11576851
3913183,18254.0,Megan Finnigan,Everton LFC,2,86,37,109.1,46.0,12.4,Inside box,From Corner,Off T,0,Open Play,Head,Normal,False,True,0.032170147
3913183,46459.0,Katja Snoeijs,Everton LFC,2,87,30,104.7,46.8,16.7,Inside box,Regular Play,Off T,0,Open Play,Right Foot,Normal,False,False,0.47088757
3913183,45737.0,Martina Piemonte,Everton LFC,2,93,5,105.1,43.7,15.4,Inside box,Regular Play,Goal,1,Open Play,Right Foot,Normal,True,False,0.15063637
3913177,10163.0,Leila Ouahabi El Ouahabi,Manchester City WFC,1,4,48,108.9,33.7,12.8,Inside box,Regular Play,Off T,0,Open Play,Left Foot,Normal,True,False,0.16451193
3913177,32210.0,Laia Aleixandri López,Manchester City WFC,1,11,1,110.4,45.0,10.8,Inside box,From Free Kick,Blocked,0,Open Play,Head,Normal,False,True,0.044267755
3913177,32210.0,Laia Aleixandri López,Manchester City WFC,1,11,3,112.9,50.8,12.9,Inside box,From Free Kick,Blocked,0,Open Play,Right Foot,Half Volley,True,False,0.036476936
3913177,10252.0,Alex Greenwood,Manchester City WFC,1,11,47,111.7,36.1,9.2,Inside box,From Corner,Wayward,0,Open Play,Head,Normal,False,True,0.064688005
3913177,10163.0,Leila Ouahabi El Ouahabi,Manchester City WFC,1,11,48,118.0,35.7,4.7,Inside box,From Corner,Saved,0,Open Play,Head,Normal,False,True,0.25128102
3913177,10516.0,Frida Maanum,Arsenal WFC,1,12,38,109.2,53.9,17.6,Inside box,From Throw In,Saved,0,Open Play,Right Foot,Normal,True,True,0.07974093
3913177,62906.0,Cloé Zoé Eyja Lacasse,Arsenal WFC,1,12,45,110.3,39.3,9.7,Inside box,From Throw In,Blocked,0,Open Play,Head,Normal,False,True,0.06683753
3913177,15555.0,Lauren Hemp,Manchester City WFC,1,16,49,109.5,31.7,13.4,Inside box,From Keeper,Goal,1,Open Play,Left Foot,Normal,False,False,0.09545181
3913177,10252.0,Alex Greenwood,Manchester City WFC,1,19,39,115.9,34.0,7.3,Inside box,From Corner,Off T,0,Open Play,Head,Normal,False,True,0.08946495
3913177,15570.0,Chloe Kelly,Manchester City WFC,1,33,32,94.9,49.4,26.8,Outside box,From Free Kick,Blocked,0,Open Play,Right Foot,Normal,False,False,0.025016896
3913177,15570.0,Chloe Kelly,Manchester City WFC,1,37,54,107.0,35.1,13.9,Inside box,Regular Play,Saved,0,Open Play,Left Foot,Normal,True,False,0.26533696
3913177,47521.0,Alessia Russo,Arsenal WFC,1,40,17,111.0,36.8,9.6,Inside box,From Throw In,Wayward,0,Open Play,Head,Normal,False,False,0.096264005
3913177,47521.0,Alessia Russo,Arsenal WFC,1,43,56,80.0,40.9,40.0,Outside box,Regular Play,Blocked,0,Open Play,Right Foot,Normal,False,False,0.0087562045
3913177,62906.0,Cloé Zoé Eyja Lacasse,Arsenal WFC,1,46,4,117.2,45.1,5.8,Inside box,From Corner,Blocked,0,Open Play,Head,Normal,False,True,0.17692748
3913177,32694.0,Laia Codina Panedas,Arsenal WFC,2,46,11,111.8,34.5,9.9,Inside box,From Corner,Off T,0,Open Play,Left Foot,Normal,False,False,0.17123517
3913177,19498.0,Jessica Park,Manchester City WFC,2,47,5,108.2,50.0,15.5,Inside box,From Goal Kick,Wayward,0,Open Play,Left Foot,Normal,True,False,0.11658936
3913177,19498.0,Jessica Park,Manchester City WFC,2,47,9,106.2,46.1,15.1,Inside box,From Goal Kick,Blocked,0,Open Play,Left Foot,Normal,False,True,0.09671918
3913177,35693.0,Mary Boio Fowler,Manchester City WFC,2,47,13,109.9,47.1,12.3,Inside box,From Goal Kick,Saved,0,Open Play,Left Foot,Half Volley,False,True,0.1259081
3913177,15619.0,Bethany Mead,Arsenal WFC,2,64,38,98.2,49.5,23.8,Outside box,From Free Kick,Saved,0,Open Play,Left Foot,Normal,False,False,0.068166435
3913177,62666.0,Ingrid Filippa Angeldal,Manchester City WFC,2,68,31,97.5,42.2,22.6,Outside box,From Corner,Blocked,0,Open Play,Left Foot,Normal,False,True,0.022129958
3913177,10229.0,Emma Stina Blackstenius,Arsenal WFC,2,72,46,105.8,56.9,22.1,Inside box,From Throw In,Off T,0,Open Play,Right Foot,Half Volley,True,False,0.039533075
3913177,11338.0,Caitlin Jade Foord,Arsenal WFC,2,77,23,111.6,32.5,11.3,Inside box,From Throw In,Off T,0,Open Play,Right Foot,Normal,True,True,0.24863787
3913177,15619.0,Bethany Mead,Arsenal WFC,2,87,29,107.5,43.6,13.0,Inside box,From Throw In,Wayward,0,Open Play,Head,Normal,False,True,0.057925727
3913177,5000.0,Stephanie-Elise Catley,Arsenal WFC,2,87,57,105.1,39.2,14.9,Inside box,From Throw In,Wayward,0,Open Play,Head,Normal,False,True,0.030876175
3913177,5000.0,Stephanie-Elise Catley,Arsenal WFC,2,88,32,109.9,32.9,12.3,Inside box,From Corner,Wayward,0,Open Play,Head,Normal,False,True,0.04097953
3913177,10229.0,Emma Stina Blackstenius,Arsenal WFC,2,88,34,114.1,40.1,5.9,Inside box,From Corner,Goal,1,Open Play,Right Foot,Volley,True,False,0.42645463
3913177,10229.0,Emma Stina Blackstenius,Arsenal WFC,2,91,56,110.8,43.9,10.0,Inside box,Regular Play,Goal,1,Open Play,Head,Normal,False,False,0.13845041
3913177,15570.0,Chloe Kelly,Manchester City WFC,2,93,55,103.2,49.5,19.3,Inside box,From Throw In,Blocked,0,Open Play,Left Foot,Normal,False,False,0.05528152
3913177,62666.0,Ingrid Filippa Angeldal,Manchester City WFC,2,95,38,110.9,45.0,10.4,Inside box,Regular Play,Blocked,0,Open Play,Right Foot,Normal,True,True,0.061470684
3913177,47521.0,Alessia Russo,Arsenal WFC,2,96,31,103.6,33.5,17.6,Inside box,Regular Play,Blocked,0,Open Play,Right Foot,Normal,False,False,0.09328354
3913177,19498.0,Jessica Park,Manchester City WFC,2,99,7,101.8,37.9,18.3,Outside box,From Free Kick,Off T,0,Open Play,Right Foot,Volley,True,True,0.07334312
3913167,15550.0,Bethany England,Tottenham Hotspur Women,1,0,31,109.5,50.3,14.7,Inside box,Regular Play,Off T,0,Open Play,Right Foot,Half Volley,True,False,0.117107645
3913167,31534.0,Ella Toone,Manchester United W,1,9,2,104.3,57.6,23.6,Inside box,From Free Kick,Off T,0,Open Play,Right Foot,Normal,False,False,0.032300454
3913167,31614.0,Melvine Malard,Manchester United W,1,12,23,110.3,34.2,11.3,Inside box,From Free Kick,Goal,1,Open Play,Head,Normal,False,False,0.113083705
3913167,224167.0,Matilda Liv Vinberg,Tottenham Hotspur Women,1,15,40,110.1,28.4,15.3,Inside box,Regular Play,Off T,0,Open Play,Left Foot,Normal,False,False,0.14311972
3913167,31614.0,Melvine Malard,Manchester United W,1,21,2,103.3,37.9,16.8,Inside box,Regular Play,Saved,0,Open Play,Right Foot,Normal,False,False,0.073111065
3913167,224167.0,Matilda Liv Vinberg,Tottenham Hotspur Women,1,22,2,94.8,43.6,25.5,Outside box,From Counter,Off T,0,Open Play,Left Foot,Normal,True,False,0.03792374
3913167,4638.0,Drew Spence,Tottenham Hotspur Women,1,28,25,101.8,43.5,18.5,Outside box,From Corner,Blocked,0,Open Play,Right Foot,Half Volley,True,False,0.081037164
3913167,15550.0,Bethany England,Tottenham Hotspur Women,1,28,26,115.4,40.6,4.6,Inside box,From Corner,Goal,1,Open Play,Left Foot,Half Volley,False,False,0.61125296
3913167,61467.0,Jessica Naz,Tottenham Hotspur Women,1,30,40,105.1,43.6,15.3,Inside box,Regular Play,Goal,1,Open Play,Left Foot,Normal,False,False,0.078146584
3913167,4654.0,Nikita Parris,Manchester United W,2,46,51,108.6,42.8,11.7,Inside box,Regular Play,Wayward,0,Open Play,Right Foot,Volley,True,False,0.055806246
3913167,31540.0,Katie Zelem,Manchester United W,2,56,40,111.7,38.2,8.5,Inside box,From Corner,Blocked,0,Open Play,Head,Normal,False,True,0.06707046
3913167,386105.0,Lisa Fjeldstad Naalsund,Manchester United W,2,56,41,114.8,36.4,6.3,Inside box,From Corner,Saved,0,Open Play,Right Foot,Half Volley,True,False,0.19034944
3913167,386105.0,Lisa Fjeldstad Naalsund,Manchester United W,2,61,21,103.6,47.6,18.1,Inside box,From Free Kick,Off T,0,Open Play,Left Foot,Half Volley,False,False,0.049546093
3913167,31563.0,Rachel Williams,Manchester United W,2,69,33,114.9,45.8,7.7,Inside box,From Corner,Off T,0,Open Play,Head,Normal,False,True,0.094325826
3913167,31540.0,Katie Zelem,Manchester United W,2,79,52,96.5,45.6,24.2,Outside box,Regular Play,Blocked,0,Open Play,Right Foot,Normal,True,False,0.04108018
3913167,31563.0,Rachel Williams,Manchester United W,2,80,23,110.8,40.3,9.2,Inside box,From Corner,Saved Off Target,0,Open Play,Head,Normal,False,True,0.061828382
3913167,401932.0,Hinata Miyazawa,Manchester United W,2,80,54,100.9,39.2,19.1,Outside box,Regular Play,Blocked,0,Open Play,Right Foot,Normal,False,False,0.031013621
3913167,31563.0,Rachel Williams,Manchester United W,2,86,19,103.8,39.8,16.2,Inside box,From Free Kick,Wayward,0,Open Play,Head,Normal,False,True,0.027624935
3913167,25513.0,Lucía García Córdoba,Manchester United W,2,89,49,105.4,26.5,19.9,Inside box,From Throw In,Blocked,0,Open Play,Right Foot,Normal,False,False,0.03435649
3913167,25513.0,Lucía García Córdoba,Manchester United W,2,90,2,109.3,27.0,16.8,Inside box,From Throw In,Blocked,0,Open Play,Right Foot,Normal,False,False,0.038915765
3913167,31563.0,Rachel Williams,Manchester United W,2,91,39,113.0,38.6,7.1,Inside box,From Corner,Post,0,Open Play,Head,Normal,False,True,0.08591092
3913167,22337.0,Maya Le Tissier,Manchester United W,2,91,41,118.8,42.4,2.7,Inside box,From Corner,Goal,1,Open Play,Head,Normal,False,True,0.5600478
3913167,31536.0,Millie Turner,Manchester United W,2,94,6,115.0,42.8,5.7,Inside box,From Throw In,Off T,0,Open Play,Head,Normal,False,True,0.14923145
3913115,276301.0,Elisabeth Terland,Brighton & Hove Albion WFC,1,0,14,95.0,51.0,27.3,Outside box,From Kick Off,Off T,0,Open Play,Right Foot,Normal,True,False,0.031589843
3913115,5058.0,Rachel Daly,Aston Villa W,1,8,37,109.6,41.1,10.5,Inside box,From Free Kick,Blocked,0,Open Play,Right Foot,Half Volley,True,False,0.16281982
3913115,15421.0,Kenza Dali,Aston Villa W,1,10,15,95.4,30.6,26.3,Outside box,Regular Play,Off T,0,Open Play,Right Foot,Normal,False,False,0.029509136
3913115,5058.0,Rachel Daly,Aston Villa W,1,13,6,109.8,43.5,10.8,Inside box,Regular Play,Saved,0,Open Play,Right Foot,Half Volley,True,True,0.07857533
3913115,15421.0,Kenza Dali,Aston Villa W,1,15,6,96.3,39.0,23.7,Outside box,Regular Play,Off T,0,Open Play,Right Foot,Normal,True,False,0.05109855
3913115,17274.0,Poppy Pattinson,Brighton & Hove Albion WFC,1,17,23,111.2,27.5,15.3,Inside box,From Throw In,Blocked,0,Open Play,Left Foot,Normal,True,True,0.07569154
3913115,31532.0,Kirsty Hanson,Aston Villa W,1,21,58,112.2,38.1,8.0,Inside box,From Free Kick,Saved Off Target,0,Open Play,Right Foot,Volley,True,True,0.18936092
3913115,15421.0,Kenza Dali,Aston Villa W,1,25,47,94.2,38.9,25.8,Outside box,Regular Play,Saved,0,Open Play,Right Foot,Normal,False,False,0.041153587
3913115,10192.0,Jordan Nobbs,Aston Villa W,1,29,17,110.1,52.6,16.0,Inside box,Regular Play,Blocked,0,Open Play,Right Foot,Normal,True,True,0.05070999
3913115,5058.0,Rachel Daly,Aston Villa W,1,29,59,108.8,39.6,11.2,Inside box,Regular Play,Saved,0,Open Play,Right Foot,Overhead Kick,True,True,0.063259915
3913115,5058.0,Rachel Daly,Aston Villa W,1,30,55,95.9,35.8,24.5,Outside box,Regular Play,Saved,0,Open Play,Left Foot,Normal,False,False,0.044164628
3913115,4984.0,Rachel Corsie,Aston Villa W,1,32,30,112.9,37.6,7.5,Inside box,From Corner,Off T,0,Open Play,Head,Normal,False,False,0.14234218
3913115,5058.0,Rachel Daly,Aston Villa W,1,36,35,108.9,42.7,11.4,Inside box,From Free Kick,Off T,0,Open Play,Right Foot,Half Volley,True,True,0.11420008
3913115,10192.0,Jordan Nobbs,Aston Villa W,1,37,33,103.3,43.1,17.0,Inside box,Regular Play,Off T,0,Open Play,Right Foot,Volley,True,False,0.05559221
3913115,10192.0,Jordan Nobbs,Aston Villa W,1,42,53,102.8,30.7,19.6,Inside box,From Goal Kick,Saved,0,Open Play,Right Foot,Normal,False,True,0.06506911
3913115,276301.0,Elisabeth Terland,Brighton & Hove Albion WFC,1,44,41,99.9,50.6,22.7,Outside box,From Goal Kick,Post,0,Open Play,Right Foot,Normal,False,True,0.093893886
3913115,31532.0,Kirsty Hanson,Aston Villa W,1,46,52,103.8,41.9,16.3,Inside box,Regular Play,Blocked,0,Open Play,Left Foot,Normal,False,False,0.08090933
3913115,5058.0,Rachel Daly,Aston Villa W,1,47,30,114.6,35.6,7.0,Inside box,From Corner,Blocked,0,Open Play,Left Foot,Volley,True,False,0.15342872
3913115,388473.0,Jorelyn Andrea Daniela Carabalí Martínez,Brighton & Hove Albion WFC,2,46,47,113.1,39.9,6.9,Inside box,From Corner,Wayward,0,Open Play,Head,Normal,False,True,0.08989417
3913115,15421.0,Kenza Dali,Aston Villa W,2,48,11,102.8,52.5,21.3,Inside box,Regular Play,Blocked,0,Open Play,Right Foot,Normal,False,False,0.059708524
3913115,31532.0,Kirsty Hanson,Aston Villa W,2,48,16,107.8,41.9,12.3,Inside box,Regular Play,Off T,0,Open Play,Right Foot,Normal,True,False,0.15761447
3913115,31532.0,Kirsty Hanson,Aston Villa W,2,56,18,113.4,37.1,7.2,Inside box,From Free Kick,Off T,0,Open Play,Right Foot,Volley,True,True,0.36809862
3913115,8297.0,Adriana Kristina Leon,Aston Villa W,2,62,28,117.1,46.9,7.5,Inside box,From Throw In,Goal,1,Open Play,Left Foot,Normal,False,True,0.13810563
3913115,10192.0,Jordan Nobbs,Aston Villa W,2,70,55,110.5,49.6,13.5,Inside box,Regular Play,Wayward,0,Open Play,Right Foot,Normal,True,False,0.101978175
3913115,15562.0,Lucy Staniforth,Aston Villa W,2,71,36,100.0,43.6,20.3,Outside box,From Corner,Blocked,0,Open Play,Right Foot,Volley,True,False,0.03910751
3913115,5058.0,Rachel Daly,Aston Villa W,2,72,57,96.7,46.8,24.3,Outside box,From Free Kick,Saved,0,Open Play,Right Foot,Normal,False,False,0.048006807
3913115,276301.0,Elisabeth Terland,Brighton & Hove Albion WFC,2,77,12,102.3,68.4,33.5,Outside box,From Counter,Off T,0,Open Play,Right Foot,Normal,False,False,0.008239023
3913115,276301.0,Elisabeth Terland,Brighton & Hove Albion WFC,2,77,58,96.6,37.7,23.5,Outside box,Regular Play,Saved,0,Open Play,Right Foot,Normal,True,False,0.049180433
3913115,26094.0,Julia Zigiotti-Olme,Brighton & Hove Albion WFC,2,85,18,100.9,44.9,19.7,Outside box,From Throw In,Blocked,0,Open Play,Right Foot,Normal,True,False,0.04837693
3913105,15619.0,Bethany Mead,Arsenal WFC,1,7,23,110.2,42.3,10.1,Inside box,Regular Play,Goal,1,Open Play,Left Foot,Normal,False,False,0.4313531
3913105,25612.0,Jessie Alexandra Fleming,Chelsea FCW,1,8,34,94.5,41.0,25.5,Outside box,From Kick Off,Saved,0,Open Play,Right Foot,Normal,False,True,0.03891482
3913105,62710.0,Johanna Rytting-Kaneryd,Chelsea FCW,1,12,21,105.7,52.5,19.0,Inside box,Regular Play,Goal,1,Open Play,Left Foot,Normal,False,False,0.056217674
3913105,49697.0,Carlotte Wubben-Moy,Arsenal WFC,1,24,27,85.1,37.5,35.0,Outside box,From Throw In,Blocked,0,Open Play,Right Foot,Normal,False,False,0.014001967
3913105,26092.0,Amanda Ilestedt,Arsenal WFC,1,35,46,113.0,43.5,7.8,Inside box,From Corner,Goal,1,Open Play,Head,Normal,False,True,0.11363592
3913105,47521.0,Alessia Russo,Arsenal WFC,1,37,29,110.7,29.0,14.4,Inside box,Regular Play,Goal,1,Open Play,Right Foot,Normal,False,False,0.25719464
3913105,4660.0,Erin Cuthbert,Chelsea FCW,1,44,48,97.7,36.8,22.5,Outside box,From Throw In,Saved,0,Open Play,Right Foot,Normal,True,False,0.053091064
3913105,47521.0,Alessia Russo,Arsenal WFC,1,49,21,100.4,45.5,20.4,Outside box,Regular Play,Blocked,0,Open Play,Right Foot,Half Volley,False,False,0.07272452
3913105,63788.0,Victoria Pelova,Arsenal WFC,2,47,50,99.7,48.4,22.0,Outside box,From Throw In,Saved,0,Open Play,Left Foot,Normal,False,False,0.045559563
3913105,31531.0,Lauren James,Chelsea FCW,2,48,48,98.6,43.4,21.7,Outside box,From Keeper,Off T,0,Open Play,Left Foot,Normal,False,False,0.07521714
3913105,15619.0,Bethany Mead,Arsenal WFC,2,57,34,100.8,43.9,19.6,Outside box,From Counter,Blocked,0,Open Play,Left Foot,Normal,True,False,0.10014021
3913105,47521.0,Alessia Russo,Arsenal WFC,2,73,16,108.1,40.1,11.9,Inside box,Other,Goal,1,Penalty,Right Foot,Normal,False,False,0.7835
3913105,4641.0,Francesca Kirby,Chelsea FCW,2,80,34,92.2,33.3,28.6,Outside box,Regular Play,Off T,0,Open Play,Right Foot,Normal,False,False,0.032189474
3913105,4660.0,Erin Cuthbert,Chelsea FCW,2,82,37,102.5,15.1,30.4,Outside box,From Free Kick,Saved,0,Free Kick,Right Foot,Normal,False,False,0.008300151
3913105,62906.0,Cloé Zoé Eyja Lacasse,Arsenal WFC,2,83,6,107.7,37.2,12.6,Inside box,From Keeper,Wayward,0,Open Play,Left Foot,Normal,True,False,0.25217918
3913105,10229.0,Emma Stina Blackstenius,Arsenal WFC,2,85,17,102.6,38.9,17.4,Inside box,From Counter,Off T,0,Open Play,Right Foot,Normal,False,False,0.42975572
3913105,4961.0,Samantha May Kerr,Chelsea FCW,2,86,56,109.5,40.4,10.5,Inside box,Regular Play,Blocked,0,Open Play,Head,Normal,False,True,0.073573336
3913105,4961.0,Samantha May Kerr,Chelsea FCW,2,87,46,115.2,44.2,6.4,Inside box,Regular Play,Wayward,0,Open Play,Head,Normal,False,True,0.26680607
3913105,361311.0,Mia Renee Fishel,Chelsea FCW,2,89,3,98.3,34.8,22.3,Outside box,From Free Kick,Off T,0,Open Play,Right Foot,Volley,True,False,0.038691044
3913105,25612.0,Jessie Alexandra Fleming,Chelsea FCW,2,89,55,101.0,24.9,24.3,Outside box,Regular Play,Blocked,0,Open Play,Right Foot,Normal,False,True,0.020433206
3913105,10229.0,Emma Stina Blackstenius,Arsenal WFC,2,91,52,113.5,42.7,7.0,Inside box,From Free Kick,Off T,0,Open Play,Head,Normal,False,False,0.14154638
3913105,361311.0,Mia Renee Fishel,Chelsea FCW,2,93,10,108.7,43.1,11.7,Inside box,From Goal Kick,Saved,0,Open Play,Head,Normal,False,True,0.07455642
3913105,62906.0,Cloé Zoé Eyja Lacasse,Arsenal WFC,2,94,47,99.4,46.7,21.7,Outside box,From Throw In,Off T,0,Open Play,Left Foot,Normal,False,False,0.065862976
3913105,4961.0,Samantha May Kerr,Chelsea FCW,2,96,30,114.6,35.4,7.1,Inside box,From Throw In,Saved,0,Open Play,Head,Normal,False,True,0.15089843
3912601,46740.0,Grace Clinton,Tottenham Hotspur Women,1,4,23,100.0,47.8,21.5,Outside box,Regular Play,Blocked,0,Open Play,Right Foot,Normal,False,True,0.04694185
3912601,185543.0,Ffion Morgan,Bristol City WFC,1,8,3,108.4,24.9,19.0,Inside box,Regular Play,Saved,0,Open Play,Right Foot,Normal,False,True,0.07297487
3912601,229194.0,Olga Ahtinen,Tottenham Hotspur Women,1,10,45,107.8,43.7,12.7,Inside box,From Throw In,Off T,0,Open Play,Right Foot,Normal,False,True,0.1192557
3912601,31558.0,Martha Thomas,Tottenham Hotspur Women,1,17,24,105.6,49.9,17.5,Inside box,Regular Play,Wayward,0,Open Play,Left Foot,Normal,False,True,0.063431695
3912601,4848.0,Ashleigh Neville,Tottenham Hotspur Women,1,17,25,112.1,30.6,12.3,Inside box,Regular Play,Saved,0,Open Play,Head,Normal,False,False,0.12573835
3912601,191850.0,Eveliina Summanen,Tottenham Hotspur Women,1,23,25,89.2,36.0,31.1,Outside box,From Free Kick,Off T,0,Free Kick,Right Foot,Normal,False,False,0.029770924
3912601,46740.0,Grace Clinton,Tottenham Hotspur Women,1,28,54,111.8,36.3,9.0,Inside box,From Free Kick,Off T,0,Open Play,Left Foot,Normal,True,True,0.16079123
3912601,229194.0,Olga Ahtinen,Tottenham Hotspur Women,1,30,4,93.3,38.2,26.8,Outside box,Regular Play,Goal,1,Open Play,Right Foot,Normal,False,False,0.029748248
3912601,87194.0,Celin Bizet Ildhusøy,Tottenham Hotspur Women,1,32,12,103.4,50.1,19.4,Inside box,Regular Play,Off T,0,Open Play,Right Foot,Normal,False,False,0.045965433
3912601,87194.0,Celin Bizet Ildhusøy,Tottenham Hotspur Women,1,34,10,110.8,59.5,21.6,Inside box,Regular Play,Saved,0,Open Play,Right Foot,Normal,False,False,0.011814423
3912601,31558.0,Martha Thomas,Tottenham Hotspur Women,1,34,36,97.3,39.8,22.7,Outside box,From Keeper,Goal,1,Open Play,Other,Normal,False,False,0.3975572
3912601,19417.0,Amy Rodgers,Bristol City WFC,1,38,34,104.0,20.2,25.5,Inside box,From Free Kick,Off T,0,Open Play,Right Foot,Normal,True,False,0.010668957
3912601,32169.0,Jamie-Lee Napier,Bristol City WFC,1,39,3,105.5,42.1,14.7,Inside box,Regular Play,Blocked,0,Open Play,Right Foot,Normal,False,False,0.10746462
3912601,84765.0,Carrie Jones,Bristol City WFC,1,39,4,110.9,36.3,9.8,Inside box,Regular Play,Off T,0,Open Play,Right Foot,Half Volley,True,False,0.4896846
3912601,19417.0,Amy Rodgers,Bristol City WFC,1,44,27,92.1,50.9,30.0,Outside box,From Free Kick,Blocked,0,Open Play,Right Foot,Normal,False,False,0.020638146
3912601,191850.0,Eveliina Summanen,Tottenham Hotspur Women,1,48,38,97.0,40.0,23.0,Outside box,From Free Kick,Goal,1,Free Kick,Right Foot,Normal,False,False,0.08734966
3912601,32169.0,Jamie-Lee Napier,Bristol City WFC,2,46,18,112.9,40.9,7.2,Inside box,From Throw In,Off T,0,Open Play,Head,Normal,False,True,0.14191714
3912601,185543.0,Ffion Morgan,Bristol City WFC,2,47,48,106.5,30.5,16.5,Inside box,From Throw In,Saved,0,Open Play,Right Foot,Normal,True,False,0.16925694
3912601,4638.0,Drew Spence,Tottenham Hotspur Women,2,48,38,105.9,28.7,18.1,Inside box,From Keeper,Wayward,0,Open Play,Right Foot,Normal,True,True,0.093048505
3912601,87194.0,Celin Bizet Ildhusøy,Tottenham Hotspur Women,2,49,52,103.7,48.3,18.3,Inside box,From Throw In,Off T,0,Open Play,Right Foot,Normal,False,True,0.06882823
3912601,185543.0,Ffion Morgan,Bristol City WFC,2,52,8,93.9,38.2,26.2,Outside box,From Free Kick,Off T,0,Open Play,Right Foot,Normal,False,False,0.036777914
3912601,32169.0,Jamie-Lee Napier,Bristol City WFC,2,57,24,105.5,38.3,14.6,Inside box,From Throw In,Blocked,0,Open Play,Left Foot,Normal,False,False,0.04284896
3912601,15788.0,Amalie Grønbak Thestrup,Bristol City WFC,2,63,40,108.0,40.0,12.0,Inside box,Other,Goal,1,Penalty,Right Foot,Normal,False,False,0.7835
3912601,31558.0,Martha Thomas,Tottenham Hotspur Women,2,68,40,113.5,46.1,8.9,Inside box,From Free Kick,Off T,0,Open Play,Head,Normal,False,False,0.066005684
3912601,15706.0,Rachel Furness,Bristol City WFC,2,69,43,83.5,38.8,36.5,Outside box,From Goal Kick,Off T,0,Open Play,Left Foot,Normal,False,False,0.0092085125
3912601,87194.0,Celin Bizet Ildhusøy,Tottenham Hotspur Women,2,70,8,96.0,62.5,32.9,Outside box,From Goal Kick,Off T,0,Open Play,Right Foot,Normal,False,False,0.00776519
3912601,61467.0,Jessica Naz,Tottenham Hotspur Women,2,71,24,90.4,28.7,31.7,Outside box,Regular Play,Saved,0,Open Play,Right Foot,Normal,False,True,0.022980353
3912601,4848.0,Ashleigh Neville,Tottenham Hotspur Women,2,82,52,96.7,38.3,23.4,Outside box,Regular Play,Off T,0,Open Play,Right Foot,Normal,False,True,0.046130627
3912601,15629.0,Satara Murray,Bristol City WFC,2,86,41,106.4,41.7,13.7,Inside box,From Corner,Off T,0,Open Play,Head,Normal,False,True,0.025300754
3912601,46741.0,Naomi Layzell,Bristol City WFC,2,88,48,104.1,23.3,23.1,Inside box,From Free Kick,Blocked,0,Open Play,Left Foot,Normal,True,False,0.02763673
3912601,84765.0,Carrie Jones,Bristol City WFC,2,88,50,107.1,33.4,14.5,Inside box,From Free Kick,Blocked,0,Open Play,Right Foot,Normal,True,True,0.13409762
3913133,25543.0,Geyse da Silva Ferreira,Manchester United W,1,6,41,101.2,55.4,24.3,Outside box,From Free Kick,Saved Off Target,0,Open Play,Right Foot,Normal,False,False,0.029312998
3913133,4654.0,Nikita Parris,Manchester United W,1,8,43,112.1,44.3,9.0,Inside box,From Corner,Goal,1,Open Play,Right Foot,Normal,True,False,0.21730357
3913133,276301.0,Elisabeth Terland,Brighton & Hove Albion WFC,1,23,23,107.0,51.0,17.0,Inside box,From Counter,Saved,0,Open Play,Right Foot,Half Volley,True,True,0.08205759
3913133,26094.0,Julia Zigiotti-Olme,Brighton & Hove Albion WFC,1,24,25,105.7,32.1,16.3,Inside box,From Throw In,Blocked,0,Open Play,Left Foot,Normal,True,True,0.06759375
3913133,31534.0,Ella Toone,Manchester United W,1,25,58,101.4,38.7,18.6,Outside box,Regular Play,Blocked,0,Open Play,Right Foot,Normal,True,True,0.060591787
3913133,276301.0,Elisabeth Terland,Brighton & Hove Albion WFC,1,32,15,114.5,33.4,8.6,Inside box,Regular Play,Saved,0,Open Play,Left Foot,Half Volley,True,True,0.09571781
3913133,26094.0,Julia Zigiotti-Olme,Brighton & Hove Albion WFC,1,41,37,109.8,40.6,10.2,Inside box,From Free Kick,Wayward,0,Open Play,Head,Normal,False,True,0.08231111
3913133,31534.0,Ella Toone,Manchester United W,1,43,44,105.4,45.5,15.6,Inside box,From Throw In,Off T,0,Open Play,Right Foot,Normal,True,False,0.13355646
3913133,386105.0,Lisa Fjeldstad Naalsund,Manchester United W,1,45,46,96.1,30.7,25.6,Outside box,From Counter,Blocked,0,Open Play,Right Foot,Normal,False,False,0.03409257
3913133,25513.0,Lucía García Córdoba,Manchester United W,1,46,16,115.0,32.8,8.8,Inside box,From Corner,Wayward,0,Open Play,Head,Normal,False,True,0.091622494
3913133,4654.0,Nikita Parris,Manchester United W,1,48,7,113.7,47.4,9.7,Inside box,From Corner,Blocked,0,Open Play,Head,Normal,False,False,0.060473282
3913133,25543.0,Geyse da Silva Ferreira,Manchester United W,2,59,34,107.7,53.3,18.1,Inside box,Regular Play,Blocked,0,Open Play,Right Foot,Normal,False,False,0.052324884
3913133,4654.0,Nikita Parris,Manchester United W,2,63,21,110.1,47.0,12.1,Inside box,From Free Kick,Goal,1,Open Play,Right Foot,Normal,True,False,0.18200187
3913133,31540.0,Katie Zelem,Manchester United W,2,71,38,100.9,50.7,21.9,Outside box,From Counter,Blocked,0,Open Play,Right Foot,Normal,True,True,0.040028755
3913133,31614.0,Melvine Malard,Manchester United W,2,86,32,111.8,42.1,8.5,Inside box,From Corner,Saved,0,Open Play,Head,Normal,False,True,0.062321674
3913133,50150.0,Irene Guerrero Sanmartín,Manchester United W,2,92,48,92.4,38.8,27.6,Outside box,Regular Play,Saved,0,Open Play,Right Foot,Normal,False,False,0.030102633
3913123,276301.0,Elisabeth Terland,Brighton & Hove Albion WFC,1,0,40,103.0,54.0,22.0,Inside box,From Throw In,Blocked,0,Open Play,Right Foot,Half Volley,False,True,0.025103392
3913123,10514.0,Guro Reiten,Chelsea FCW,1,12,54,105.3,23.0,22.5,Inside box,Regular Play,Saved to Post,0,Open Play,Left Foot,Normal,False,False,0.026672486
3913123,62710.0,Johanna Rytting-Kaneryd,Chelsea FCW,1,12,58,113.9,48.1,10.1,Inside box,Regular Play,Blocked,0,Open Play,Right Foot,Normal,False,True,0.10526291
3913123,31531.0,Lauren James,Chelsea FCW,1,19,52,106.6,55.8,20.7,Inside box,From Counter,Blocked,0,Open Play,Left Foot,Normal,False,False,0.01932462
3913123,31531.0,Lauren James,Chelsea FCW,1,19,54,104.1,52.7,20.3,Inside box,From Counter,Saved,0,Open Play,Left Foot,Normal,False,False,0.02696485
3913123,10514.0,Guro Reiten,Chelsea FCW,1,25,23,114.0,35.1,7.7,Inside box,Regular Play,Off T,0,Open Play,Left Foot,Normal,True,False,0.17283364
3913123,31531.0,Lauren James,Chelsea FCW,1,26,28,110.0,54.7,17.8,Inside box,From Counter,Blocked,0,Open Play,Right Foot,Normal,False,True,0.047034606
3913123,105102.0,Veatriki Sarri,Brighton & Hove Albion WFC,1,29,52,95.9,24.6,28.6,Outside box,From Goal Kick,Off T,0,Open Play,Left Foot,Normal,False,False,0.02883403
3913123,15631.0,Niamh Charles,Chelsea FCW,1,32,2,113.9,32.3,9.8,Inside box,From Corner,Off T,0,Open Play,Head,Normal,False,True,0.057261117
3913123,4641.0,Francesca Kirby,Chelsea FCW,1,38,34,113.9,37.0,6.8,Inside box,Regular Play,Off T,0,Open Play,Right Foot,Volley,True,False,0.45644578
3913123,105102.0,Veatriki Sarri,Brighton & Hove Albion WFC,1,43,44,93.6,41.1,26.4,Outside box,Regular Play,Saved,0,Open Play,Right Foot,Normal,False,False,0.030275872
3913123,31531.0,Lauren James,Chelsea FCW,1,44,31,106.0,27.5,18.8,Inside box,From Keeper,Blocked,0,Open Play,Left Foot,Normal,False,True,0.048070285
3913123,31531.0,Lauren James,Chelsea FCW,2,45,58,107.8,37.6,12.4,Inside box,From Kick Off,Goal,1,Open Play,Left Foot,Half Volley,True,False,0.08237859
3913123,4660.0,Erin Cuthbert,Chelsea FCW,2,49,7,103.3,41.8,16.8,Inside box,Regular Play,Blocked,0,Open Play,Left Foot,Normal,True,False,0.1403504
3913123,4641.0,Francesca Kirby,Chelsea FCW,2,50,5,116.7,37.8,4.0,Inside box,From Corner,Goal,1,Open Play,Head,Normal,False,False,0.33786434
3913123,31531.0,Lauren James,Chelsea FCW,2,58,8,103.7,41.6,16.4,Inside box,From Throw In,Goal,1,Open Play,Right Foot,Half Volley,True,True,0.08809002
3913123,4660.0,Erin Cuthbert,Chelsea FCW,2,64,38,98.6,47.9,22.8,Outside box,Regular Play,Off T,0,Open Play,Right Foot,Normal,True,True,0.03873324
3913123,10514.0,Guro Reiten,Chelsea FCW,2,67,55,106.4,29.9,16.9,Inside box,From Throw In,Blocked,0,Open Play,Left Foot,Normal,False,False,0.051768437
3913123,81580.0,Agnes Beever-Jones,Chelsea FCW,2,70,11,101.2,51.2,21.9,Outside box,Regular Play,Blocked,0,Open Play,Right Foot,Normal,False,False,0.04257539
3913123,53188.0,Mayra Tatiana Ramírez Ramírez,Chelsea FCW,2,75,26,99.5,42.2,20.6,Outside box,Regular Play,Saved,0,Open Play,Right Foot,Normal,False,False,0.07692601
3913123,17274.0,Poppy Pattinson,Brighton & Hove Albion WFC,2,76,54,91.9,38.7,28.1,Outside box,Regular Play,Saved,0,Open Play,Left Foot,Normal,False,True,0.0300707
3913123,276301.0,Elisabeth Terland,Brighton & Hove Albion WFC,2,77,32,96.4,50.5,25.8,Outside box,From Counter,Off T,0,Open Play,Right Foot,Normal,True,False,0.02584104
3913123,10514.0,Guro Reiten,Chelsea FCW,2,84,6,110.9,32.0,12.1,Inside box,From Counter,Saved,0,Open Play,Left Foot,Normal,True,False,0.29582202
3913123,81580.0,Agnes Beever-Jones,Chelsea FCW,2,86,33,107.2,56.9,21.2,Inside box,Regular Play,Saved,0,Open Play,Right Foot,Normal,False,False,0.034186993
3913123,81580.0,Agnes Beever-Jones,Chelsea FCW,2,92,59,111.3,29.2,13.9,Inside box,Regular Play,Saved,0,Open Play,Left Foot,Normal,False,False,0.15328763
3913090,401932.0,Hinata Miyazawa,Manchester United W,1,2,6,98.8,46.0,22.0,Outside box,Regular Play,Blocked,0,Open Play,Left Foot,Volley,True,True,0.03249423
3913090,25543.0,Geyse da Silva Ferreira,Manchester United W,1,2,8,113.1,38.8,7.0,Inside box,Regular Play,Goal,1,Open Play,Head,Normal,False,True,0.27958798
3913090,31534.0,Ella Toone,Manchester United W,1,6,5,105.8,19.4,25.0,Inside box,From Throw In,Saved,0,Open Play,Right Foot,Normal,False,True,0.010782059
3913090,276907.0,Amber Tysiak,West Ham United LFC,1,9,5,112.5,39.1,7.6,Inside box,From Corner,Off T,0,Open Play,Head,Normal,False,True,0.08172249
3913090,401930.0,Riko Ueki,West Ham United LFC,1,23,9,118.0,30.3,9.9,Inside box,From Throw In,Saved,0,Open Play,Right Foot,Normal,False,True,0.028276186
3913090,31534.0,Ella Toone,Manchester United W,1,23,33,99.1,48.9,22.7,Outside box,From Counter,Saved,0,Open Play,Right Foot,Normal,False,False,0.055236947
3913090,401930.0,Riko Ueki,West Ham United LFC,1,27,17,95.7,34.7,24.9,Outside box,Regular Play,Off T,0,Open Play,Left Foot,Normal,False,False,0.033561718
3913090,25543.0,Geyse da Silva Ferreira,Manchester United W,1,36,12,99.8,29.1,23.0,Outside box,From Free Kick,Off T,0,Open Play,Left Foot,Normal,False,False,0.04556082
3913090,31536.0,Millie Turner,Manchester United W,1,41,28,106.2,28.2,18.2,Inside box,Regular Play,Goal,1,Open Play,Right Foot,Normal,False,False,0.104981124
3913090,46635.0,Emma Harries,West Ham United LFC,1,43,38,114.7,38.6,5.5,Inside box,Regular Play,Blocked,0,Open Play,Right Foot,Volley,True,True,0.29068306
3913090,4654.0,Nikita Parris,Manchester United W,1,45,28,115.1,48.7,10.0,Inside box,Regular Play,Goal,1,Open Play,Right Foot,Normal,True,True,0.24280478
3913090,31539.0,Leah Galton,Manchester United W,1,49,34,113.3,35.5,8.1,Inside box,From Throw In,Off T,0,Open Play,Head,Normal,False,False,0.21057193
3913090,4654.0,Nikita Parris,Manchester United W,1,51,12,98.3,53.9,25.8,Outside box,Regular Play,Post,0,Open Play,Right Foot,Normal,False,True,0.04026892
3913090,401932.0,Hinata Miyazawa,Manchester United W,1,53,22,89.6,45.3,30.9,Outside box,From Free Kick,Blocked,0,Open Play,Right Foot,Normal,False,True,0.020081526
3913090,31534.0,Ella Toone,Manchester United W,1,53,27,99.5,37.6,20.6,Outside box,From Free Kick,Off T,0,Open Play,Right Foot,Normal,False,False,0.041117772
3913090,25785.0,Jayde Yuk Fun Riviere,Manchester United W,2,47,33,93.0,56.0,31.4,Outside box,From Throw In,Off T,0,Open Play,Right Foot,Normal,False,True,0.013141575
3913090,23320.0,Melisa Filis,West Ham United LFC,2,54,59,105.3,34.9,15.6,Inside box,From Free Kick,Blocked,0,Open Play,Right Foot,Normal,False,True,0.0804736
3913090,276907.0,Amber Tysiak,West Ham United LFC,2,55,1,113.3,40.0,6.7,Inside box,From Free Kick,Blocked,0,Open Play,Left Foot,Half Volley,False,True,0.1894637
3913090,401930.0,Riko Ueki,West Ham United LFC,2,68,30,108.3,46.7,13.5,Inside box,Regular Play,Saved,0,Open Play,Left Foot,Normal,False,True,0.09376403
3913090,46635.0,Emma Harries,West Ham United LFC,2,71,48,102.9,35.1,17.8,Inside box,Regular Play,Saved,0,Open Play,Right Foot,Normal,False,True,0.11618704
3913090,31540.0,Katie Zelem,Manchester United W,2,82,51,95.6,39.9,24.4,Outside box,Regular Play,Off T,0,Open Play,Left Foot,Normal,True,False,0.044523545
3913090,25513.0,Lucía García Córdoba,Manchester United W,2,87,15,109.1,33.2,12.8,Inside box,Regular Play,Goal,1,Open Play,Right Foot,Normal,False,True,0.14516602
3913090,25513.0,Lucía García Córdoba,Manchester United W,2,89,31,115.0,37.0,5.8,Inside box,From Corner,Blocked,0,Open Play,Left Foot,Half Volley,True,True,0.37676337
3913090,31614.0,Melvine Malard,Manchester United W,2,89,32,117.3,39.2,2.8,Inside box,From Corner,Goal,1,Open Play,Left Foot,Half Volley,False,False,0.5944465
3913090,31534.0,Ella Toone,Manchester United W,2,91,31,91.9,40.1,28.1,Outside box,From Throw In,Saved,0,Open Play,Right Foot,Normal,False,True,0.028025128
3913090,25513.0,Lucía García Córdoba,Manchester United W,2,93,12,96.4,28.8,26.1,Outside box,From Counter,Saved,0,Open Play,Right Foot,Normal,False,False,0.032274522
3913080,24706.0,Sophie Roman Haug,Liverpool WFC,1,6,23,114.7,43.7,6.5,Inside box,From Corner,Off T,0,Open Play,Head,Normal,False,False,0.12212793
3913080,15554.0,Gemma Bonner,Liverpool WFC,1,9,41,110.6,46.9,11.7,Inside box,From Corner,Off T,0,Open Play,Head,Normal,False,False,0.055042133
3913080,299860.0,Fuka Nagano,Liverpool WFC,1,23,28,94.5,42.7,25.6,Outside box,From Free Kick,Saved,0,Open Play,Left Foot,Half Volley,True,False,0.032317374
3913080,24706.0,Sophie Roman Haug,Liverpool WFC,1,34,24,104.6,41.9,15.5,Inside box,From Throw In,Off T,0,Open Play,Right Foot,Normal,True,True,0.05288922
3913080,46974.0,Marie Therese Höbinger,Liverpool WFC,1,35,6,95.8,40.7,24.2,Outside box,Regular Play,Blocked,0,Open Play,Right Foot,Normal,True,False,0.04477457
3913080,322359.0,Ceri Holland,Liverpool WFC,1,45,12,102.9,26.8,21.6,Inside box,From Throw In,Post,0,Open Play,Right Foot,Normal,False,False,0.048916943
3913080,135758.0,Natasha Jane Flint,Liverpool WFC,1,46,0,108.3,41.1,11.8,Inside box,From Free Kick,Blocked,0,Open Play,Right Foot,Volley,False,False,0.07807374
3913080,15554.0,Gemma Bonner,Liverpool WFC,2,48,49,115.8,32.7,8.4,Inside box,From Corner,Post,0,Open Play,Head,Normal,False,True,0.07945003
3913080,46974.0,Marie Therese Höbinger,Liverpool WFC,2,48,55,103.0,25.2,22.5,Inside box,From Corner,Off T,0,Open Play,Right Foot,Normal,False,False,0.029079411
3913080,24706.0,Sophie Roman Haug,Liverpool WFC,2,51,3,110.4,38.8,9.7,Inside box,Regular Play,Wayward,0,Open Play,Head,Diving Header,False,True,0.26022333
3913080,19687.0,Taylor Hinds,Liverpool WFC,2,51,12,91.5,32.5,29.5,Outside box,Regular Play,Off T,0,Open Play,Right Foot,Normal,False,False,0.024406904
3913080,46974.0,Marie Therese Höbinger,Liverpool WFC,2,51,45,101.7,47.2,19.7,Outside box,Regular Play,Goal,1,Open Play,Right Foot,Normal,False,False,0.0594942
3913080,322359.0,Ceri Holland,Liverpool WFC,2,67,37,90.4,26.7,32.5,Outside box,Regular Play,Saved,0,Open Play,Right Foot,Normal,False,False,0.015002059
3913080,25834.0,Viviane Asseyi,West Ham United LFC,2,73,18,96.8,20.4,30.4,Outside box,From Free Kick,Off T,0,Free Kick,Right Foot,Normal,False,False,0.012546078
3913080,131653.0,Honoka Hayashi,West Ham United LFC,2,79,7,101.9,38.8,18.1,Outside box,From Corner,Blocked,0,Open Play,Right Foot,Normal,True,False,0.06737913
3913080,24237.0,Missy Bo Kearns,Liverpool WFC,2,85,41,97.0,45.1,23.6,Outside box,From Counter,Off T,0,Open Play,Right Foot,Normal,True,False,0.07198467
3913080,131653.0,Honoka Hayashi,West Ham United LFC,2,86,53,109.2,45.9,12.3,Inside box,From Throw In,Blocked,0,Open Play,Right Foot,Normal,False,True,0.10165793
3913080,337744.0,Isibeal Atkinson,West Ham United LFC,2,90,37,105.8,23.9,21.5,Inside box,Regular Play,Off T,0,Open Play,Left Foot,Normal,False,False,0.040932596
3913080,337744.0,Isibeal Atkinson,West Ham United LFC,2,91,34,112.0,23.0,18.8,Inside box,Regular Play,Saved,0,Open Play,Left Foot,Normal,False,False,0.01999042
3913080,401930.0,Riko Ueki,West Ham United LFC,2,94,46,118.6,42.7,3.0,Inside box,From Throw In,Goal,1,Open Play,Right Foot,Half Volley,False,False,0.8067089
3913151,25785.0,Jayde Yuk Fun Riviere,Manchester United W,1,6,56,93.7,47.3,27.3,Outside box,From Throw In,Blocked,0,Open Play,Left Foot,Normal,False,True,0.019816672
3913151,386105.0,Lisa Fjeldstad Naalsund,Manchester United W,1,8,25,104.0,45.4,16.9,Inside box,Regular Play,Goal,1,Open Play,Left Foot,Normal,False,False,0.19156861
3913151,185545.0,Brooke Aspin,Bristol City WFC,1,13,33,110.4,40.4,9.6,Inside box,From Corner,Wayward,0,Open Play,Head,Normal,False,True,0.05110352
3913151,185545.0,Brooke Aspin,Bristol City WFC,1,42,2,110.9,35.8,10.0,Inside box,From Corner,Off T,0,Open Play,Head,Normal,False,True,0.052709404
3913151,19499.0,Shania Hayles,Bristol City WFC,2,51,17,113.7,33.0,9.4,Inside box,From Free Kick,Post,0,Open Play,Left Foot,Half Volley,True,False,0.0853362
3913151,4654.0,Nikita Parris,Manchester United W,2,55,14,113.8,35.2,7.8,Inside box,From Goal Kick,Off T,0,Open Play,Head,Normal,False,True,0.13478655
3913151,25513.0,Lucía García Córdoba,Manchester United W,2,72,15,100.7,29.7,21.9,Outside box,Regular Play,Off T,0,Open Play,Right Foot,Normal,False,False,0.042401128
3913151,31563.0,Rachel Williams,Manchester United W,2,84,46,99.3,49.2,22.7,Outside box,From Keeper,Off T,0,Open Play,Left Foot,Normal,False,False,0.08063629
3913151,25513.0,Lucía García Córdoba,Manchester United W,2,89,9,112.9,39.1,7.2,Inside box,From Free Kick,Off T,0,Open Play,Head,Normal,False,True,0.11818219
3913151,25543.0,Geyse da Silva Ferreira,Manchester United W,2,90,24,110.9,57.1,19.4,Inside box,From Counter,Off T,0,Open Play,Right Foot,Half Volley,False,True,0.013332047
3913151,386105.0,Lisa Fjeldstad Naalsund,Manchester United W,2,94,24,112.2,39.3,7.8,Inside box,From Corner,Goal,1,Open Play,Right Foot,Volley,True,False,0.12445936
3913141,78072.0,Anna Patten,Aston Villa W,1,2,9,109.4,37.0,11.0,Inside box,From Corner,Wayward,0,Open Play,Head,Normal,False,False,0.044241615
3913141,299860.0,Fuka Nagano,Liverpool WFC,1,4,14,98.3,46.1,22.5,Outside box,Regular Play,Blocked,0,Open Play,Right Foot,Normal,True,False,0.044004455
3913141,24706.0,Sophie Roman Haug,Liverpool WFC,1,4,16,108.7,41.9,11.5,Inside box,Regular Play,Blocked,0,Open Play,Right Foot,Normal,False,True,0.07843779
3913141,329372.0,Mia Enderby,Liverpool WFC,1,18,28,110.4,50.9,14.5,Inside box,From Free Kick,Blocked,0,Open Play,Right Foot,Normal,True,True,0.04499459
3913141,34232.0,Grace Fisk,Liverpool WFC,1,18,29,111.4,45.8,10.4,Inside box,From Free Kick,Goal,1,Open Play,Right Foot,Normal,True,False,0.12544395
3913141,31532.0,Kirsty Hanson,Aston Villa W,1,19,54,96.6,28.2,26.2,Outside box,From Kick Off,Saved,0,Open Play,Right Foot,Normal,False,False,0.031433225
3913141,15421.0,Kenza Dali,Aston Villa W,1,21,24,96.5,38.6,23.5,Outside box,From Goal Kick,Saved,0,Open Play,Right Foot,Normal,False,False,0.042594016
3913141,15421.0,Kenza Dali,Aston Villa W,1,23,33,107.7,43.4,12.8,Inside box,From Throw In,Wayward,0,Open Play,Left Foot,Normal,True,True,0.18624331
3913141,15618.0,Jasmine Matthews,Liverpool WFC,1,26,12,110.8,43.6,9.9,Inside box,From Corner,Blocked,0,Open Play,Left Foot,Normal,False,True,0.1293745
3913141,24706.0,Sophie Roman Haug,Liverpool WFC,1,28,27,115.9,44.2,5.9,Inside box,Regular Play,Goal,1,Open Play,Head,Normal,False,False,0.22954954
3913141,19500.0,Sarah Emma Mayling,Aston Villa W,1,36,27,108.1,40.1,11.9,Inside box,Other,Goal,1,Penalty,Right Foot,Normal,False,False,0.7835
3913141,15559.0,Simone Magill,Aston Villa W,1,41,59,115.1,33.4,8.2,Inside box,From Throw In,Off T,0,Open Play,Right Foot,Half Volley,True,False,0.078333795
3913141,32403.0,Emma Wilhelmina Koivisto,Liverpool WFC,1,43,40,92.4,37.9,27.7,Outside box,From Corner,Blocked,0,Open Play,Right Foot,Normal,True,False,0.022940014
3913141,15554.0,Gemma Bonner,Liverpool WFC,1,43,42,111.6,44.6,9.6,Inside box,From Corner,Saved,0,Open Play,Head,Normal,False,False,0.11963477
3913141,4984.0,Rachel Corsie,Aston Villa W,2,49,23,113.0,31.3,11.2,Inside box,From Corner,Blocked,0,Open Play,Right Foot,Backheel,True,True,0.05093946
3913141,15421.0,Kenza Dali,Aston Villa W,2,50,21,97.6,20.3,29.8,Outside box,From Free Kick,Saved,0,Free Kick,Right Foot,Normal,False,False,0.010869822
3913141,32403.0,Emma Wilhelmina Koivisto,Liverpool WFC,2,59,18,112.6,50.4,12.8,Inside box,From Free Kick,Goal,1,Open Play,Right Foot,Normal,True,False,0.10490212
3913141,10192.0,Jordan Nobbs,Aston Villa W,2,71,9,97.1,49.5,24.8,Outside box,From Free Kick,Off T,0,Open Play,Right Foot,Normal,True,False,0.025419816
3913141,10192.0,Jordan Nobbs,Aston Villa W,2,75,55,109.0,48.8,14.1,Inside box,From Keeper,Blocked,0,Open Play,Right Foot,Normal,True,False,0.13091668
3913141,31532.0,Kirsty Hanson,Aston Villa W,2,76,29,103.3,38.1,16.8,Inside box,From Keeper,Blocked,0,Open Play,Right Foot,Normal,False,False,0.048698988
3913141,24237.0,Missy Bo Kearns,Liverpool WFC,2,81,24,114.8,29.8,11.4,Inside box,From Throw In,Saved,0,Open Play,Right Foot,Normal,False,False,0.087499574
3913141,32403.0,Emma Wilhelmina Koivisto,Liverpool WFC,2,81,33,112.2,46.7,10.3,Inside box,From Throw In,Goal,1,Open Play,Head,Normal,False,True,0.055060465
3913141,15547.0,Melissa Lawley,Liverpool WFC,2,83,6,95.2,53.3,28.1,Outside box,From Counter,Blocked,0,Open Play,Right Foot,Normal,False,True,0.030159002
3913141,19777.0,Niamh Fahey,Liverpool WFC,2,84,43,113.6,50.0,11.9,Inside box,From Corner,Blocked,0,Open Play,Right Foot,Normal,False,False,0.06862968
3913141,19777.0,Niamh Fahey,Liverpool WFC,2,85,17,112.6,47.0,10.2,Inside box,From Corner,Blocked,0,Open Play,Right Foot,Backheel,True,False,0.04252591
3913141,24237.0,Missy Bo Kearns,Liverpool WFC,2,93,12,106.2,60.9,25.0,Inside box,From Free Kick,Off T,0,Open Play,Right Foot,Normal,False,False,0.007902202
3913141,4984.0,Rachel Corsie,Aston Villa W,2,96,6,116.2,35.1,6.2,Inside box,From Corner,Saved,0,Open Play,Right Foot,Half Volley,False,True,0.38212502
3913074,4848.0,Ashleigh Neville,Tottenham Hotspur Women,1,4,57,98.3,55.2,26.5,Outside box,From Corner,Blocked,0,Open Play,Right Foot,Half Volley,True,False,0.01570676
3913074,276301.0,Elisabeth Terland,Brighton & Hove Albion WFC,1,7,36,116.2,36.0,5.5,Inside box,From Corner,Goal,1,Open Play,Head,Normal,False,False,0.20180397
3913074,46740.0,Grace Clinton,Tottenham Hotspur Women,1,12,44,85.0,34.2,35.5,Outside box,Regular Play,Off T,0,Open Play,Right Foot,Normal,False,True,0.008898947
3913074,276301.0,Elisabeth Terland,Brighton & Hove Albion WFC,1,14,5,93.2,45.8,27.4,Outside box,From Counter,Saved,0,Open Play,Left Foot,Normal,False,False,0.039537422
3913074,4638.0,Drew Spence,Tottenham Hotspur Women,1,22,34,114.6,36.2,6.6,Inside box,From Corner,Blocked,0,Open Play,Head,Normal,False,True,0.124361135
3913074,4848.0,Ashleigh Neville,Tottenham Hotspur Women,1,22,36,112.7,37.1,7.9,Inside box,From Corner,Blocked,0,Open Play,Head,Normal,False,False,0.1412711
3913074,46972.0,Luana Bühler,Tottenham Hotspur Women,1,22,38,109.3,41.4,10.8,Inside box,From Corner,Blocked,0,Open Play,Left Foot,Normal,True,False,0.20264708
3913074,46740.0,Grace Clinton,Tottenham Hotspur Women,1,22,41,114.3,45.9,8.2,Inside box,From Corner,Blocked,0,Open Play,Head,Normal,False,True,0.08361375
3913074,10158.0,María Victoria Losada Gómez,Brighton & Hove Albion WFC,1,31,36,89.6,25.8,33.6,Outside box,Regular Play,Saved,0,Open Play,Right Foot,Normal,True,False,0.007609495
3913074,31558.0,Martha Thomas,Tottenham Hotspur Women,1,32,41,108.9,55.2,18.8,Inside box,From Keeper,Off T,0,Open Play,Right Foot,Normal,True,False,0.051139284
3913074,4638.0,Drew Spence,Tottenham Hotspur Women,1,33,59,108.1,34.3,13.2,Inside box,From Free Kick,Off T,0,Open Play,Head,Normal,False,False,0.07495933
3913074,87194.0,Celin Bizet Ildhusøy,Tottenham Hotspur Women,1,39,2,104.3,54.4,21.3,Inside box,Regular Play,Blocked,0,Open Play,Left Foot,Normal,False,False,0.043986857
3913074,31558.0,Martha Thomas,Tottenham Hotspur Women,1,46,8,109.3,42.3,10.9,Inside box,Regular Play,Saved,0,Open Play,Right Foot,Normal,False,False,0.25860277
3913074,4638.0,Drew Spence,Tottenham Hotspur Women,1,47,0,96.6,36.2,23.7,Outside box,Regular Play,Post,0,Open Play,Right Foot,Normal,True,False,0.0723272
3913074,31558.0,Martha Thomas,Tottenham Hotspur Women,1,47,3,103.4,44.4,17.2,Inside box,Regular Play,Goal,1,Open Play,Right Foot,Half Volley,True,False,0.06106012
3913074,87194.0,Celin Bizet Ildhusøy,Tottenham Hotspur Women,2,47,51,103.4,48.8,18.8,Inside box,From Throw In,Blocked,0,Open Play,Right Foot,Normal,False,False,0.05864784
3913074,4638.0,Drew Spence,Tottenham Hotspur Women,2,47,54,100.2,49.0,21.7,Outside box,From Throw In,Off T,0,Open Play,Right Foot,Half Volley,True,False,0.0357038
3913074,405188.0,Madison Haley,Brighton & Hove Albion WFC,2,50,8,109.6,43.2,10.9,Inside box,Regular Play,Saved,0,Open Play,Head,Normal,False,True,0.04939899
3913074,405188.0,Madison Haley,Brighton & Hove Albion WFC,2,51,55,104.5,42.1,15.6,Inside box,Regular Play,Off T,0,Open Play,Right Foot,Half Volley,True,False,0.06657305
3913074,405188.0,Madison Haley,Brighton & Hove Albion WFC,2,59,24,117.0,42.5,3.9,Inside box,From Corner,Off T,0,Open Play,Head,Normal,False,True,0.33266094
3913074,46740.0,Grace Clinton,Tottenham Hotspur Women,2,64,5,89.5,38.6,30.5,Outside box,From Throw In,Goal,1,Open Play,Right Foot,Normal,False,False,0.026732938
3913074,26094.0,Julia Zigiotti-Olme,Brighton & Hove Albion WFC,2,69,11,104.9,25.9,20.7,Inside box,Regular Play,Off T,0,Open Play,Right Foot,Normal,False,True,0.053317536
3913074,87194.0,Celin Bizet Ildhusøy,Tottenham Hotspur Women,2,69,58,107.6,28.4,17.0,Inside box,From Goal Kick,Saved,0,Open Play,Left Foot,Normal,False,True,0.120767154
3913074,87194.0,Celin Bizet Ildhusøy,Tottenham Hotspur Women,2,74,32,101.8,22.1,25.5,Outside box,Regular Play,Blocked,0,Open Play,Right Foot,Normal,False,False,0.024476675
3913074,31558.0,Martha Thomas,Tottenham Hotspur Women,2,79,6,106.9,37.6,13.3,Inside box,Regular Play,Blocked,0,Open Play,Left Foot,Normal,True,True,0.14549947
3913074,21048.0,Rosella Ayane,Tottenham Hotspur Women,2,82,30,98.1,35.2,22.4,Outside box,Regular Play,Off T,0,Open Play,Right Foot,Normal,False,True,0.039922718
3913074,18145.0,Ria Percival,Tottenham Hotspur Women,2,93,26,109.3,50.7,15.1,Inside box,Regular Play,Goal,1,Open Play,Right Foot,Normal,True,False,0.1276078
3913074,405188.0,Madison Haley,Brighton & Hove Albion WFC,2,94,32,113.5,35.3,8.0,Inside box,From Kick Off,Off T,0,Open Play,Left Foot,Volley,True,False,0.11834436
3913122,15788.0,Amalie Grønbak Thestrup,Bristol City WFC,1,6,45,98.8,32.0,22.7,Outside box,Regular Play,Blocked,0,Open Play,Right Foot,Half Volley,False,False,0.050125062
3913122,32169.0,Jamie-Lee Napier,Bristol City WFC,1,7,54,103.3,35.2,17.4,Inside box,From Throw In,Off T,0,Open Play,Right Foot,Volley,True,True,0.059568204
3913122,19417.0,Amy Rodgers,Bristol City WFC,1,8,17,86.0,41.9,34.1,Outside box,Regular Play,Off T,0,Open Play,Right Foot,Normal,False,False,0.022175035
3913122,276301.0,Elisabeth Terland,Brighton & Hove Albion WFC,1,9,51,92.8,55.6,31.4,Outside box,Regular Play,Blocked,0,Open Play,Right Foot,Normal,False,False,0.016515972
3913122,32169.0,Jamie-Lee Napier,Bristol City WFC,1,24,37,98.1,43.1,22.1,Outside box,From Free Kick,Blocked,0,Open Play,Left Foot,Normal,False,False,0.043658257
3913122,26094.0,Julia Zigiotti-Olme,Brighton & Hove Albion WFC,1,30,17,102.3,40.1,17.7,Inside box,From Free Kick,Off T,0,Open Play,Right Foot,Half Volley,True,False,0.0792466
3913122,276301.0,Elisabeth Terland,Brighton & Hove Albion WFC,1,30,57,98.9,32.7,22.3,Outside box,From Goal Kick,Goal,1,Open Play,Right Foot,Normal,False,False,0.036325235
3913122,32169.0,Jamie-Lee Napier,Bristol City WFC,1,36,52,102.1,28.5,21.3,Inside box,From Counter,Blocked,0,Open Play,Right Foot,Normal,False,True,0.041794185
3913122,23412.0,Abigail Harrison,Bristol City WFC,1,41,34,80.3,24.3,42.7,Outside box,From Free Kick,Off T,0,Open Play,Right Foot,Lob,True,False,0.00954605
3913122,326618.0,Chloe Mustaki,Bristol City WFC,2,46,52,116.5,32.5,8.3,Inside box,From Corner,Blocked,0,Open Play,Head,Normal,False,True,0.073955394
3913122,46741.0,Naomi Layzell,Bristol City WFC,2,46,53,112.4,36.0,8.6,Inside box,From Corner,Off T,0,Open Play,Left Foot,Half Volley,True,True,0.07105821
3913122,32169.0,Jamie-Lee Napier,Bristol City WFC,2,47,24,104.3,27.9,19.8,Inside box,Regular Play,Off T,0,Open Play,Left Foot,Half Volley,True,False,0.03490364
3913122,23412.0,Abigail Harrison,Bristol City WFC,2,53,39,103.1,28.3,20.6,Inside box,From Free Kick,Post,0,Open Play,Right Foot,Half Volley,False,True,0.039045833
3913122,15716.0,Emily Syme,Bristol City WFC,2,53,42,112.8,39.0,7.3,Inside box,From Free Kick,Blocked,0,Open Play,Right Foot,Half Volley,True,True,0.16741298
3913122,23412.0,Abigail Harrison,Bristol City WFC,2,54,20,111.1,43.1,9.4,Inside box,From Corner,Blocked,0,Open Play,Right Foot,Volley,True,True,0.085841015
3913122,23412.0,Abigail Harrison,Bristol City WFC,2,54,22,112.8,47.6,10.5,Inside box,From Corner,Goal,1,Open Play,Right Foot,Normal,True,True,0.09440791
3913122,21059.0,Katie Robinson,Brighton & Hove Albion WFC,2,56,2,110.8,50.5,14.0,Inside box,From Counter,Goal,1,Open Play,Right Foot,Normal,True,True,0.14189407
3913122,23413.0,Megan Connolly,Bristol City WFC,2,58,10,95.4,30.8,26.3,Outside box,From Free Kick,Off T,0,Free Kick,Right Foot,Normal,False,False,0.0642508
3913122,276301.0,Elisabeth Terland,Brighton & Hove Albion WFC,2,59,26,111.8,38.1,8.4,Inside box,From Goal Kick,Blocked,0,Open Play,Right Foot,Half Volley,False,True,0.110493094
3913122,85004.0,Maisie Symonds,Brighton & Hove Albion WFC,2,60,34,105.6,57.0,22.3,Inside box,Regular Play,Saved,0,Open Play,Right Foot,Normal,False,False,0.029426971
3913122,15716.0,Emily Syme,Bristol City WFC,2,63,29,91.7,44.2,28.6,Outside box,From Free Kick,Blocked,0,Open Play,Right Foot,Normal,True,False,0.026020354
3913122,32169.0,Jamie-Lee Napier,Bristol City WFC,2,66,1,105.0,32.4,16.8,Inside box,Regular Play,Saved,0,Open Play,Right Foot,Normal,False,False,0.078066945
3913122,10158.0,María Victoria Losada Gómez,Brighton & Hove Albion WFC,2,70,58,91.4,25.3,32.2,Outside box,Regular Play,Blocked,0,Open Play,Right Foot,Normal,False,False,0.015598489
3913122,19499.0,Shania Hayles,Bristol City WFC,2,82,33,113.9,40.8,6.2,Inside box,From Free Kick,Saved,0,Open Play,Head,Normal,False,True,0.14697902
3913122,84765.0,Carrie Jones,Bristol City WFC,2,82,34,116.6,38.6,3.7,Inside box,From Free Kick,Goal,1,Open Play,Right Foot,Half Volley,True,True,0.25180423
3913122,276301.0,Elisabeth Terland,Brighton & Hove Albion WFC,2,94,48,110.3,38.3,9.8,Inside box,From Throw In,Goal,1,Open Play,Left Foot,Half Volley,True,False,0.27881628
3913132,224822.0,Jutta Rantala,Leicester City WFC,1,22,10,98.9,37.4,21.3,Outside box,From Counter,Off T,0,Open Play,Left Foot,Half Volley,False,False,0.08594403
3913132,62666.0,Ingrid Filippa Angeldal,Manchester City WFC,1,26,39,97.8,41.4,22.2,Outside box,From Free Kick,Saved,0,Open Play,Left Foot,Normal,False,False,0.077495836
3913132,25554.0,Khadija Monifa Shaw,Manchester City WFC,1,31,9,102.0,26.1,22.7,Inside box,Regular Play,Blocked,0,Open Play,Right Foot,Normal,True,True,0.015174013
3913132,25554.0,Khadija Monifa Shaw,Manchester City WFC,1,31,51,109.6,40.1,10.4,Inside box,Regular Play,Wayward,0,Open Play,Head,Normal,False,True,0.053328738
3913132,15555.0,Lauren Hemp,Manchester City WFC,1,32,26,111.7,31.6,11.8,Inside box,From Throw In,Off T,0,Open Play,Head,Normal,False,False,0.051322065
3913132,19416.0,Laura Coombs,Manchester City WFC,1,41,18,114.0,36.0,7.2,Inside box,Regular Play,Saved,0,Open Play,Right Foot,Normal,False,False,0.3356986
3913132,15570.0,Chloe Kelly,Manchester City WFC,1,43,6,93.9,37.1,26.3,Outside box,Regular Play,Saved,0,Open Play,Right Foot,Normal,False,False,0.035515346
3913132,62666.0,Ingrid Filippa Angeldal,Manchester City WFC,1,43,47,102.4,50.8,20.6,Inside box,Regular Play,Saved,0,Open Play,Left Foot,Half Volley,True,True,0.03589096
3913132,62666.0,Ingrid Filippa Angeldal,Manchester City WFC,2,61,35,104.6,45.7,16.4,Inside box,Regular Play,Saved,0,Open Play,Right Foot,Normal,False,False,0.082535855
3913132,25554.0,Khadija Monifa Shaw,Manchester City WFC,2,64,28,106.8,52.5,18.2,Inside box,Regular Play,Post,0,Open Play,Right Foot,Normal,False,False,0.113179825
3913132,19416.0,Laura Coombs,Manchester City WFC,2,64,30,113.3,37.1,7.3,Inside box,Regular Play,Saved,0,Open Play,Left Foot,Normal,False,True,0.56406105
3913132,19498.0,Jessica Park,Manchester City WFC,2,70,47,101.8,44.6,18.8,Outside box,Regular Play,Off T,0,Open Play,Right Foot,Normal,True,True,0.064546406
3913132,25554.0,Khadija Monifa Shaw,Manchester City WFC,2,76,20,105.5,51.2,18.3,Inside box,From Throw In,Off T,0,Open Play,Right Foot,Half Volley,False,False,0.054091256
3913132,15555.0,Lauren Hemp,Manchester City WFC,2,77,23,101.3,56.7,25.1,Outside box,From Throw In,Off T,0,Open Play,Left Foot,Normal,False,False,0.02633426
3913132,15570.0,Chloe Kelly,Manchester City WFC,2,78,56,93.8,19.5,33.3,Outside box,From Throw In,Blocked,0,Open Play,Right Foot,Normal,False,True,0.0079252105
3913132,15555.0,Lauren Hemp,Manchester City WFC,2,81,36,111.8,39.6,8.2,Inside box,Regular Play,Goal,1,Open Play,Left Foot,Backheel,True,False,0.18407667
3913132,15570.0,Chloe Kelly,Manchester City WFC,2,84,25,119.9,0.6,39.4,Outside box,From Corner,Goal,1,Corner,Right Foot,Normal,False,False,0.00018
3913132,25554.0,Khadija Monifa Shaw,Manchester City WFC,2,88,27,107.4,45.6,13.8,Inside box,From Throw In,Blocked,0,Open Play,Right Foot,Normal,False,False,0.07711551
3913132,10252.0,Alex Greenwood,Manchester City WFC,2,89,9,85.7,32.0,35.2,Outside box,From Throw In,Saved,0,Open Play,Left Foot,Normal,False,False,0.01177752
3913140,25662.0,Catherine Joan Bott,Leicester City WFC,1,2,31,105.2,54.5,20.7,Inside box,From Free Kick,Saved,0,Open Play,Right Foot,Normal,False,False,0.04725567
3913140,16374.0,Aileen Whelan,Leicester City WFC,1,4,49,112.6,42.7,7.9,Inside box,From Corner,Saved,0,Open Play,Right Foot,Normal,True,False,0.467584
3913140,135753.0,Samantha Tierney,Leicester City WFC,1,4,50,117.5,44.3,5.0,Inside box,From Corner,Saved,0,Open Play,Right Foot,Normal,True,False,0.49578565
3913140,25662.0,Catherine Joan Bott,Leicester City WFC,1,4,54,116.6,50.2,10.8,Inside box,From Corner,Blocked,0,Open Play,Left Foot,Half Volley,False,True,0.034231182
3913140,10100.0,Janice Cayman,Leicester City WFC,1,9,28,99.3,35.1,21.3,Outside box,Regular Play,Off T,0,Open Play,Right Foot,Half Volley,True,False,0.04688288
3913140,135753.0,Samantha Tierney,Leicester City WFC,1,11,3,108.6,45.6,12.7,Inside box,Regular Play,Off T,0,Open Play,Right Foot,Half Volley,True,True,0.08810881
3913140,224822.0,Jutta Rantala,Leicester City WFC,1,13,18,100.9,45.2,19.8,Outside box,Regular Play,Saved,0,Open Play,Left Foot,Normal,False,True,0.11568723
3913140,10100.0,Janice Cayman,Leicester City WFC,1,18,58,113.3,41.4,6.8,Inside box,From Throw In,Blocked,0,Open Play,Right Foot,Half Volley,True,False,0.11946799
3913140,185543.0,Ffion Morgan,Bristol City WFC,1,19,53,97.8,44.6,22.7,Outside box,Regular Play,Goal,1,Open Play,Right Foot,Lob,False,True,0.07178164
3913140,25604.0,Saori Takarada,Leicester City WFC,1,24,53,110.2,32.2,12.5,Inside box,From Free Kick,Blocked,0,Open Play,Right Foot,Volley,True,False,0.07147853
3913140,23413.0,Megan Connolly,Bristol City WFC,1,26,30,100.8,39.0,19.2,Outside box,From Corner,Blocked,0,Open Play,Right Foot,Half Volley,True,False,0.065496385
3913140,42836.0,Ella Powell,Bristol City WFC,1,26,35,82.6,45.7,37.8,Outside box,From Corner,Saved,0,Open Play,Left Foot,Normal,False,True,0.0068207723
3913140,19417.0,Amy Rodgers,Bristol City WFC,1,28,27,90.9,38.0,29.2,Outside box,Regular Play,Off T,0,Open Play,Right Foot,Half Volley,True,False,0.022820525
3913140,224822.0,Jutta Rantala,Leicester City WFC,1,29,11,112.3,54.4,16.3,Inside box,From Goal Kick,Post,0,Open Play,Right Foot,Normal,False,True,0.05898154
3913140,135759.0,Shannon O’Brien,Leicester City WFC,1,29,25,109.0,40.4,11.0,Inside box,From Goal Kick,Off T,0,Open Play,Right Foot,Half Volley,True,False,0.06331158
3913140,19417.0,Amy Rodgers,Bristol City WFC,1,30,39,103.8,46.4,17.4,Inside box,From Free Kick,Blocked,0,Open Play,Right Foot,Half Volley,True,True,0.0523194
3913140,26520.0,Yuka Momiki,Leicester City WFC,1,32,19,111.4,20.2,21.6,Inside box,From Throw In,Goal,1,Open Play,Left Foot,Normal,False,False,0.010555887
3913140,135759.0,Shannon O’Brien,Leicester City WFC,1,34,18,108.2,29.4,15.9,Inside box,From Throw In,Off T,0,Open Play,Left Foot,Normal,False,False,0.10059566
3913140,10100.0,Janice Cayman,Leicester City WFC,1,41,18,104.7,46.0,16.4,Inside box,From Throw In,Off T,0,Open Play,Right Foot,Normal,True,False,0.12571132
3913140,16374.0,Aileen Whelan,Leicester City WFC,1,42,29,103.5,47.2,18.0,Inside box,Regular Play,Off T,0,Open Play,Left Foot,Normal,False,True,0.042208865
3913140,16374.0,Aileen Whelan,Leicester City WFC,1,45,24,109.9,31.8,13.0,Inside box,From Free Kick,Saved,0,Open Play,Left Foot,Normal,False,False,0.094568126
3913140,25604.0,Saori Takarada,Leicester City WFC,1,45,26,116.7,42.7,4.3,Inside box,From Free Kick,Goal,1,Open Play,Other,Normal,False,False,0.6010308
3913140,25604.0,Saori Takarada,Leicester City WFC,1,49,58,100.8,43.2,19.5,Outside box,Regular Play,Blocked,0,Open Play,Right Foot,Half Volley,True,False,0.045900382
3913140,135759.0,Shannon O’Brien,Leicester City WFC,1,51,40,111.1,38.5,9.0,Inside box,From Corner,Off T,0,Open Play,Head,Normal,False,False,0.06576394
3913140,15788.0,Amalie Grønbak Thestrup,Bristol City WFC,2,48,15,108.7,32.2,13.7,Inside box,From Counter,Goal,1,Open Play,Left Foot,Normal,False,True,0.18752845
3913140,10100.0,Janice Cayman,Leicester City WFC,2,53,54,110.9,45.4,10.6,Inside box,From Throw In,Goal,1,Open Play,Right Foot,Normal,True,True,0.12376869
3913140,16374.0,Aileen Whelan,Leicester City WFC,2,63,23,114.1,45.0,7.7,Inside box,From Free Kick,Blocked,0,Open Play,Head,Normal,False,True,0.09905081
3913140,224822.0,Jutta Rantala,Leicester City WFC,2,72,33,105.0,27.1,19.8,Inside box,From Free Kick,Blocked,0,Open Play,Right Foot,Normal,False,False,0.0688236
3913140,224822.0,Jutta Rantala,Leicester City WFC,2,74,25,104.9,27.6,19.5,Inside box,From Corner,Off T,0,Open Play,Right Foot,Normal,True,False,0.06691931
3913140,224822.0,Jutta Rantala,Leicester City WFC,2,75,42,106.0,19.8,24.6,Inside box,Regular Play,Goal,1,Open Play,Right Foot,Normal,False,False,0.0109589305
3913140,135753.0,Samantha Tierney,Leicester City WFC,2,80,51,104.0,49.0,18.4,Inside box,From Counter,Blocked,0,Open Play,Right Foot,Normal,False,False,0.054276142
3913140,410668.0,Denny Draper,Leicester City WFC,2,83,53,103.4,27.7,20.7,Inside box,From Throw In,Off T,0,Open Play,Left Foot,Normal,True,False,0.13408886
3913140,410668.0,Denny Draper,Leicester City WFC,2,84,33,113.2,34.0,9.1,Inside box,From Counter,Wayward,0,Open Play,Right Foot,Half Volley,True,False,0.2275312
3913140,224822.0,Jutta Rantala,Leicester City WFC,2,84,35,110.3,42.9,10.1,Inside box,From Counter,Blocked,0,Open Play,Left Foot,Normal,False,False,0.13702773
3913140,25601.0,Deanne Cynthia Rose,Leicester City WFC,2,85,15,117.3,37.1,4.0,Inside box,From Corner,Off T,0,Open Play,Head,Normal,False,True,0.27035984
3913140,410668.0,Denny Draper,Leicester City WFC,2,88,34,113.5,40.8,6.5,Inside box,Regular Play,Goal,1,Open Play,Right Foot,Normal,True,True,0.15917434
3913140,25601.0,Deanne Cynthia Rose,Leicester City WFC,2,95,24,105.6,50.9,18.1,Inside box,Regular Play,Off T,0,Open Play,Left Foot,Normal,False,True,0.0628094
3913150,15555.0,Lauren Hemp,Manchester City WFC,1,6,6,105.4,20.9,24.0,Inside box,Regular Play,Saved,0,Open Play,Left Foot,Half Volley,True,False,0.015059992
3913150,15555.0,Lauren Hemp,Manchester City WFC,1,26,40,114.0,30.5,11.2,Inside box,Regular Play,Goal,1,Open Play,Left Foot,Normal,True,False,0.24899161
3913150,388473.0,Jorelyn Andrea Daniela Carabalí Martínez,Brighton & Hove Albion WFC,1,30,3,83.1,50.4,38.3,Outside box,From Throw In,Off T,0,Open Play,Right Foot,Normal,False,False,0.0065690987
3913150,15555.0,Lauren Hemp,Manchester City WFC,1,31,26,103.6,29.3,19.6,Inside box,From Counter,Blocked,0,Open Play,Left Foot,Normal,False,True,0.050016247
3913150,19416.0,Laura Coombs,Manchester City WFC,1,31,55,95.2,40.2,24.8,Outside box,From Corner,Blocked,0,Open Play,Right Foot,Normal,False,False,0.03158845
3913150,10252.0,Alex Greenwood,Manchester City WFC,1,35,3,114.7,45.4,7.6,Inside box,From Corner,Blocked,0,Open Play,Head,Normal,False,False,0.09162869
3913150,19416.0,Laura Coombs,Manchester City WFC,1,35,6,103.1,54.3,22.1,Inside box,From Corner,Blocked,0,Open Play,Right Foot,Normal,True,False,0.029983658
3913150,25554.0,Khadija Monifa Shaw,Manchester City WFC,1,37,41,108.9,43.6,11.7,Inside box,From Free Kick,Off T,0,Open Play,Head,Normal,False,True,0.04278496
3913150,35693.0,Mary Boio Fowler,Manchester City WFC,1,38,23,98.7,40.5,21.3,Outside box,Regular Play,Blocked,0,Open Play,Right Foot,Normal,True,False,0.0673007
3913150,221888.0,Kerstin Yasmijn Casparij,Manchester City WFC,1,38,54,104.5,52.7,20.0,Inside box,Regular Play,Saved,0,Open Play,Left Foot,Normal,False,True,0.02512538
3913150,35693.0,Mary Boio Fowler,Manchester City WFC,1,39,49,114.6,44.6,7.1,Inside box,Regular Play,Goal,1,Open Play,Right Foot,Half Volley,True,False,0.4775853
3913150,35693.0,Mary Boio Fowler,Manchester City WFC,1,42,40,108.1,39.9,11.9,Inside box,From Goal Kick,Blocked,0,Open Play,Left Foot,Normal,True,False,0.08152304
3913150,15555.0,Lauren Hemp,Manchester City WFC,2,49,8,101.0,30.0,21.5,Outside box,Regular Play,Post,0,Open Play,Right Foot,Normal,False,True,0.037099786
3913150,19498.0,Jessica Park,Manchester City WFC,2,49,35,100.4,29.8,22.1,Outside box,Regular Play,Saved,0,Open Play,Left Foot,Normal,False,False,0.05317242
3913150,19416.0,Laura Coombs,Manchester City WFC,2,52,33,103.3,40.8,16.7,Inside box,From Throw In,Blocked,0,Open Play,Right Foot,Normal,True,True,0.06548422
3913150,19416.0,Laura Coombs,Manchester City WFC,2,53,16,99.0,46.7,22.0,Outside box,From Corner,Blocked,0,Open Play,Right Foot,Normal,True,False,0.045065
3913150,35693.0,Mary Boio Fowler,Manchester City WFC,2,62,2,101.4,29.6,21.3,Outside box,From Free Kick,Off T,0,Open Play,Right Foot,Normal,False,False,0.058701232
3913150,10252.0,Alex Greenwood,Manchester City WFC,2,65,36,101.3,56.8,25.1,Outside box,From Free Kick,Saved,0,Free Kick,Left Foot,Normal,False,False,0.04767381
3913150,15555.0,Lauren Hemp,Manchester City WFC,2,65,38,112.2,25.7,16.3,Inside box,From Free Kick,Blocked,0,Open Play,Left Foot,Half Volley,True,False,0.032553308
3913150,25554.0,Khadija Monifa Shaw,Manchester City WFC,2,68,32,113.2,33.1,9.7,Inside box,From Corner,Goal,1,Open Play,Head,Normal,False,True,0.051246516
3913150,19416.0,Laura Coombs,Manchester City WFC,2,77,52,107.3,42.8,13.0,Inside box,Regular Play,Goal,1,Open Play,Right Foot,Normal,True,False,0.267086
3913150,25554.0,Khadija Monifa Shaw,Manchester City WFC,2,85,45,109.4,51.6,15.7,Inside box,From Free Kick,Blocked,0,Open Play,Right Foot,Normal,False,False,0.034363825
3913150,25453.0,Geum-Min Lee,Brighton & Hove Albion WFC,2,90,41,114.5,38.0,5.9,Inside box,From Free Kick,Goal,1,Open Play,Right Foot,Volley,True,False,0.26634285
3913150,85004.0,Maisie Symonds,Brighton & Hove Albion WFC,2,91,59,101.6,38.3,18.5,Outside box,From Corner,Blocked,0,Open Play,Right Foot,Volley,True,False,0.04523709
3913081,62710.0,Johanna Rytting-Kaneryd,Chelsea FCW,1,5,52,114.6,48.8,10.3,Inside box,Regular Play,Saved,0,Open Play,Right Foot,Normal,False,True,0.22806017
3913081,19422.0,Jessica Carter,Chelsea FCW,1,6,26,111.8,41.8,8.4,Inside box,From Corner,Off T,0,Open Play,Head,Normal,False,True,0.09573079
3913081,4641.0,Francesca Kirby,Chelsea FCW,1,8,8,105.5,47.1,16.1,Inside box,Regular Play,Post,0,Open Play,Left Foot,Normal,False,True,0.07332004
3913081,5058.0,Rachel Daly,Aston Villa W,1,10,54,106.1,25.6,20.0,Inside box,From Counter,Off T,0,Open Play,Right Foot,Normal,False,True,0.0718191
3913081,4641.0,Francesca Kirby,Chelsea FCW,1,12,8,104.0,41.8,16.1,Inside box,From Throw In,Saved,0,Open Play,Right Foot,Normal,True,False,0.08286356
3913081,5058.0,Rachel Daly,Aston Villa W,1,15,41,112.7,39.9,7.3,Inside box,Regular Play,Off T,0,Open Play,Right Foot,Half Volley,True,False,0.19606815
3913081,15631.0,Niamh Charles,Chelsea FCW,1,20,3,102.3,40.0,17.7,Inside box,Regular Play,Blocked,0,Open Play,Right Foot,Normal,False,False,0.053079173
3913081,361311.0,Mia Renee Fishel,Chelsea FCW,1,20,44,116.2,45.1,6.4,Inside box,From Corner,Blocked,0,Open Play,Head,Normal,False,True,0.14554593
3913081,361311.0,Mia Renee Fishel,Chelsea FCW,1,20,46,117.9,47.3,7.6,Inside box,From Corner,Blocked,0,Open Play,Head,Normal,False,True,0.076647446
3913081,4642.0,Millie Bright,Chelsea FCW,1,20,47,114.4,47.2,9.1,Inside box,From Corner,Goal,1,Open Play,Left Foot,Volley,True,False,0.11048354
3913081,5058.0,Rachel Daly,Aston Villa W,1,22,7,106.0,58.6,23.3,Inside box,From Kick Off,Wayward,0,Open Play,Right Foot,Normal,True,True,0.01603707
3913081,4641.0,Francesca Kirby,Chelsea FCW,1,24,23,106.9,40.7,13.1,Inside box,From Throw In,Saved,0,Open Play,Left Foot,Normal,True,True,0.16605665
3913081,25612.0,Jessie Alexandra Fleming,Chelsea FCW,1,25,25,114.8,37.7,5.7,Inside box,Regular Play,Blocked,0,Open Play,Head,Normal,False,False,0.17676786
3913081,4641.0,Francesca Kirby,Chelsea FCW,1,25,26,114.3,44.1,7.0,Inside box,Regular Play,Blocked,0,Open Play,Right Foot,Normal,True,False,0.37657028
3913081,4641.0,Francesca Kirby,Chelsea FCW,1,25,27,118.6,44.0,4.2,Inside box,Regular Play,Goal,1,Open Play,Left Foot,Normal,True,False,0.59925383
3913081,15631.0,Niamh Charles,Chelsea FCW,1,28,54,104.2,30.5,18.4,Inside box,From Throw In,Blocked,0,Open Play,Left Foot,Normal,False,False,0.08918027
3913081,25612.0,Jessie Alexandra Fleming,Chelsea FCW,1,28,57,114.5,38.5,5.7,Inside box,From Throw In,Saved,0,Open Play,Right Foot,Normal,True,False,0.54904515
3913081,4660.0,Erin Cuthbert,Chelsea FCW,1,29,1,97.9,35.4,22.6,Outside box,From Throw In,Saved,0,Open Play,Right Foot,Normal,True,False,0.04020099
3913081,361311.0,Mia Renee Fishel,Chelsea FCW,1,32,20,111.5,40.9,8.5,Inside box,From Throw In,Blocked,0,Open Play,Left Foot,Volley,True,True,0.17489405
3913081,4641.0,Francesca Kirby,Chelsea FCW,1,32,22,112.4,42.2,7.9,Inside box,From Throw In,Saved,0,Open Play,Right Foot,Normal,False,False,0.18511535
3913081,47008.0,Sjoeke Nüsken,Chelsea FCW,1,37,55,104.5,43.2,15.8,Inside box,Regular Play,Wayward,0,Open Play,Left Foot,Volley,True,False,0.11309605
3913081,4660.0,Erin Cuthbert,Chelsea FCW,1,40,21,90.0,44.4,30.3,Outside box,From Throw In,Off T,0,Open Play,Right Foot,Normal,False,True,0.025378617
3913081,4660.0,Erin Cuthbert,Chelsea FCW,1,45,37,110.4,38.5,9.7,Inside box,From Throw In,Blocked,0,Open Play,Left Foot,Normal,True,True,0.08650438
3913081,10192.0,Jordan Nobbs,Aston Villa W,2,47,56,113.3,54.6,16.1,Inside box,From Free Kick,Saved,0,Open Play,Right Foot,Normal,True,True,0.022446183
3913081,47008.0,Sjoeke Nüsken,Chelsea FCW,2,51,47,117.1,41.3,3.2,Inside box,From Corner,Wayward,0,Open Play,Head,Normal,False,False,0.32705092
3913081,62710.0,Johanna Rytting-Kaneryd,Chelsea FCW,2,55,46,108.9,47.3,13.3,Inside box,Regular Play,Goal,1,Open Play,Right Foot,Normal,False,False,0.33807895
3913081,15562.0,Lucy Staniforth,Aston Villa W,2,57,20,56.8,40.3,63.2,Outside box,From Kick Off,Saved,0,Open Play,Right Foot,Normal,False,False,0.0036300698
3913081,15290.0,Ashley Elizabeth Marie Lawrence,Chelsea FCW,2,62,40,115.8,41.8,4.6,Inside box,Regular Play,Goal,1,Open Play,Other,Normal,False,False,0.5197363
3913081,33675.0,Laura Madison Blindkilde Brown,Aston Villa W,2,64,16,103.4,20.5,25.6,Inside box,From Corner,Off T,0,Open Play,Right Foot,Normal,False,True,0.010549597
3913081,81580.0,Agnes Beever-Jones,Chelsea FCW,2,66,27,113.1,29.6,12.5,Inside box,From Counter,Goal,1,Open Play,Right Foot,Normal,False,False,0.28775942
3913081,18153.0,Alisha Lehmann,Aston Villa W,2,69,38,110.8,43.3,9.8,Inside box,From Throw In,Blocked,0,Open Play,Right Foot,Normal,False,False,0.112501845
3913081,15631.0,Niamh Charles,Chelsea FCW,2,72,48,107.5,35.9,13.2,Inside box,From Throw In,Goal,1,Open Play,Right Foot,Volley,True,False,0.16385618
3913081,62709.0,Jelena Canković,Chelsea FCW,2,89,31,94.6,36.3,25.7,Outside box,Regular Play,Off T,0,Open Play,Left Foot,Normal,False,False,0.045136526
3913081,15631.0,Niamh Charles,Chelsea FCW,2,94,51,113.2,47.0,9.8,Inside box,From Corner,Off T,0,Open Play,Head,Normal,False,True,0.056665108
3913091,10100.0,Janice Cayman,Leicester City WFC,1,3,48,93.8,43.2,26.4,Outside box,Regular Play,Blocked,0,Open Play,Right Foot,Normal,False,False,0.033764303
3913091,10516.0,Frida Maanum,Arsenal WFC,1,5,6,106.6,23.8,21.0,Inside box,From Goal Kick,Blocked,0,Open Play,Right Foot,Normal,False,False,0.017670352
3913091,47521.0,Alessia Russo,Arsenal WFC,1,5,34,115.0,34.1,7.7,Inside box,From Corner,Off T,0,Open Play,Right Foot,Backheel,True,False,0.08246061
3913091,47521.0,Alessia Russo,Arsenal WFC,1,8,21,110.7,46.1,11.1,Inside box,From Free Kick,Saved,0,Open Play,Head,Normal,False,True,0.05250425
3913091,49697.0,Carlotte Wubben-Moy,Arsenal WFC,1,8,24,116.7,49.4,10.0,Inside box,From Free Kick,Saved,0,Open Play,Right Foot,Half Volley,True,False,0.067884825
3913091,63788.0,Victoria Pelova,Arsenal WFC,1,11,7,103.0,52.7,21.2,Inside box,From Throw In,Off T,0,Open Play,Left Foot,Normal,False,False,0.045864835
3913091,10100.0,Janice Cayman,Leicester City WFC,1,12,7,107.7,37.7,12.5,Inside box,From Goal Kick,Off T,0,Open Play,Head,Normal,False,False,0.06333003
3913091,49697.0,Carlotte Wubben-Moy,Arsenal WFC,1,20,7,109.6,37.7,10.7,Inside box,From Free Kick,Blocked,0,Open Play,Head,Normal,False,True,0.05777748
3913091,11338.0,Caitlin Jade Foord,Arsenal WFC,1,27,37,109.0,27.6,16.6,Inside box,From Throw In,Blocked,0,Open Play,Left Foot,Normal,False,False,0.06493981
3913091,63788.0,Victoria Pelova,Arsenal WFC,1,31,44,101.6,49.3,20.6,Outside box,From Counter,Off T,0,Open Play,Right Foot,Lob,False,False,0.25628498
3913091,10260.0,Lena Petermann,Leicester City WFC,1,35,49,112.6,41.7,7.6,Inside box,From Corner,Blocked,0,Open Play,Head,Normal,False,False,0.08456183
3913091,135753.0,Samantha Tierney,Leicester City WFC,1,35,50,117.8,36.8,3.9,Inside box,From Corner,Goal,1,Open Play,Head,Normal,False,True,0.350783
3913091,10516.0,Frida Maanum,Arsenal WFC,1,37,18,96.9,34.2,23.8,Outside box,From Kick Off,Saved,0,Open Play,Right Foot,Normal,False,False,0.047576398
3913091,10100.0,Janice Cayman,Leicester City WFC,1,37,51,109.5,38.8,10.6,Inside box,From Keeper,Goal,1,Open Play,Right Foot,Normal,True,False,0.280273
3913091,18253.0,Hannah Cain,Leicester City WFC,1,46,38,103.8,24.2,22.6,Inside box,Regular Play,Off T,0,Open Play,Left Foot,Normal,False,False,0.03740001
3913091,112522.0,Missy Goodwin,Leicester City WFC,2,48,12,101.3,40.3,18.7,Outside box,Regular Play,Blocked,0,Open Play,Left Foot,Normal,False,False,0.02864756
3913091,62906.0,Cloé Zoé Eyja Lacasse,Arsenal WFC,2,48,48,105.4,39.1,14.6,Inside box,From Keeper,Goal,1,Open Play,Left Foot,Normal,False,True,0.32284686
3913091,47521.0,Alessia Russo,Arsenal WFC,2,51,6,110.7,38.6,9.4,Inside box,Regular Play,Goal,1,Open Play,Right Foot,Half Volley,False,False,0.36231205
3913091,10516.0,Frida Maanum,Arsenal WFC,2,56,15,103.3,32.3,18.4,Inside box,From Counter,Blocked,0,Open Play,Right Foot,Normal,False,False,0.045769256
3913091,11338.0,Caitlin Jade Foord,Arsenal WFC,2,58,0,103.0,43.7,17.4,Inside box,Regular Play,Goal,1,Open Play,Right Foot,Normal,True,True,0.16775344
3913091,10260.0,Lena Petermann,Leicester City WFC,2,60,7,105.6,39.9,14.4,Inside box,From Free Kick,Blocked,0,Open Play,Head,Normal,False,True,0.024425793
3913091,63788.0,Victoria Pelova,Arsenal WFC,2,60,23,113.2,40.9,6.9,Inside box,Regular Play,Goal,1,Open Play,Right Foot,Normal,True,True,0.7604902
3913091,47521.0,Alessia Russo,Arsenal WFC,2,67,37,101.5,26.1,23.1,Outside box,From Throw In,Saved,0,Open Play,Right Foot,Normal,False,False,0.04319168
3913091,10229.0,Emma Stina Blackstenius,Arsenal WFC,2,67,39,114.7,35.2,7.2,Inside box,From Throw In,Off T,0,Open Play,Head,Normal,False,True,0.21385391
3913091,25697.0,Lina Mona Andréa Hurtig,Arsenal WFC,2,69,49,115.9,32.6,8.5,Inside box,From Corner,Post,0,Open Play,Head,Normal,False,True,0.08371282
3913091,15619.0,Bethany Mead,Arsenal WFC,2,71,2,108.5,42.8,11.8,Inside box,Regular Play,Off T,0,Open Play,Right Foot,Half Volley,True,False,0.09624592
3913091,10229.0,Emma Stina Blackstenius,Arsenal WFC,2,74,7,107.8,46.0,13.6,Inside box,From Throw In,Goal,1,Open Play,Right Foot,Normal,True,False,0.406195
3913091,25697.0,Lina Mona Andréa Hurtig,Arsenal WFC,2,80,4,114.3,28.8,12.6,Inside box,From Throw In,Saved to Post,0,Open Play,Left Foot,Normal,False,True,0.160536
3913091,10229.0,Emma Stina Blackstenius,Arsenal WFC,2,84,22,114.3,49.1,10.7,Inside box,From Free Kick,Off T,0,Open Play,Right Foot,Normal,False,True,0.18848614
3913091,15619.0,Bethany Mead,Arsenal WFC,2,91,35,106.8,44.1,13.8,Inside box,From Throw In,Post,0,Open Play,Right Foot,Half Volley,True,False,0.15683179
3913091,15619.0,Bethany Mead,Arsenal WFC,2,94,35,104.4,41.7,15.7,Inside box,Regular Play,Saved,0,Open Play,Right Foot,Normal,False,True,0.47496772
3913091,25697.0,Lina Mona Andréa Hurtig,Arsenal WFC,2,97,19,108.6,33.0,13.4,Inside box,Regular Play,Goal,1,Open Play,Right Foot,Normal,False,False,0.4495598
3913075,5058.0,Rachel Daly,Aston Villa W,1,4,42,108.1,40.1,11.9,Inside box,Other,Goal,1,Penalty,Right Foot,Normal,False,False,0.7835
3913075,191850.0,Eveliina Summanen,Tottenham Hotspur Women,1,7,1,103.3,36.2,17.1,Inside box,From Goal Kick,Saved,0,Open Play,Left Foot,Normal,True,False,0.11242552
3913075,31558.0,Martha Thomas,Tottenham Hotspur Women,1,9,53,105.7,27.0,19.3,Inside box,From Throw In,Off T,0,Open Play,Left Foot,Normal,True,True,0.07325536
3913075,31527.0,Ebony Salmon,Aston Villa W,1,11,4,101.6,37.9,18.5,Outside box,From Goal Kick,Saved,0,Open Play,Right Foot,Normal,True,False,0.118963316
3913075,10192.0,Jordan Nobbs,Aston Villa W,1,11,42,111.6,34.3,10.2,Inside box,From Corner,Off T,0,Open Play,Right Foot,Volley,True,False,0.07487485
3913075,31527.0,Ebony Salmon,Aston Villa W,1,15,3,96.7,33.2,24.3,Outside box,Regular Play,Off T,0,Open Play,Right Foot,Normal,False,False,0.044069644
3913075,135947.0,Lucy Parker,Aston Villa W,1,26,50,109.9,37.3,10.5,Inside box,From Corner,Blocked,0,Open Play,Head,Normal,False,False,0.04030452
3913075,46740.0,Grace Clinton,Tottenham Hotspur Women,1,29,21,97.3,41.7,22.8,Outside box,Regular Play,Blocked,0,Open Play,Right Foot,Normal,False,False,0.039046682
3913075,31558.0,Martha Thomas,Tottenham Hotspur Women,1,32,19,91.0,62.0,36.4,Outside box,Regular Play,Goal,1,Open Play,Right Foot,Lob,False,False,0.026532872
3913075,33675.0,Laura Madison Blindkilde Brown,Aston Villa W,1,35,43,106.7,49.4,16.3,Inside box,Regular Play,Off T,0,Open Play,Right Foot,Normal,True,False,0.14064106
3913075,61467.0,Jessica Naz,Tottenham Hotspur Women,1,36,43,103.8,27.6,20.4,Inside box,From Goal Kick,Off T,0,Open Play,Right Foot,Normal,False,False,0.058433022
3913075,61467.0,Jessica Naz,Tottenham Hotspur Women,1,38,28,99.5,22.4,27.0,Outside box,From Goal Kick,Off T,0,Open Play,Right Foot,Normal,False,False,0.027824854
3913075,15571.0,Danielle Turner,Aston Villa W,1,39,37,91.0,32.9,29.9,Outside box,Regular Play,Off T,0,Open Play,Left Foot,Normal,False,False,0.025811272
3913075,46740.0,Grace Clinton,Tottenham Hotspur Women,1,41,10,92.9,46.7,27.9,Outside box,From Free Kick,Saved,0,Open Play,Right Foot,Normal,False,False,0.031673446
3913075,46740.0,Grace Clinton,Tottenham Hotspur Women,1,48,42,102.1,45.7,18.8,Inside box,Regular Play,Blocked,0,Open Play,Right Foot,Normal,False,True,0.037656426
3913075,4848.0,Ashleigh Neville,Tottenham Hotspur Women,1,49,24,116.3,34.4,6.7,Inside box,From Throw In,Goal,1,Open Play,Head,Normal,False,True,0.119569995
3913075,5058.0,Rachel Daly,Aston Villa W,2,46,35,111.0,27.3,15.6,Inside box,From Throw In,Saved,0,Open Play,Left Foot,Normal,False,False,0.0522796
3913075,229194.0,Olga Ahtinen,Tottenham Hotspur Women,2,48,39,98.8,43.7,21.5,Outside box,From Throw In,Saved,0,Open Play,Left Foot,Normal,False,False,0.050655648
3913075,5058.0,Rachel Daly,Aston Villa W,2,52,1,105.1,45.0,15.7,Inside box,From Keeper,Wayward,0,Open Play,Head,Normal,False,True,0.021721816
3913075,46740.0,Grace Clinton,Tottenham Hotspur Women,2,55,53,105.9,30.0,17.3,Inside box,Other,Off T,0,Open Play,Right Foot,Normal,True,False,0.10734272
3913075,8297.0,Adriana Kristina Leon,Aston Villa W,2,61,24,113.8,52.5,14.0,Inside box,Regular Play,Saved,0,Open Play,Right Foot,Normal,False,True,0.08602634
3913075,15562.0,Lucy Staniforth,Aston Villa W,2,61,45,80.1,40.9,39.9,Outside box,Regular Play,Saved,0,Open Play,Right Foot,Normal,False,False,0.006859329
3913075,4638.0,Drew Spence,Tottenham Hotspur Women,2,62,25,102.9,29.5,20.1,Inside box,From Keeper,Saved,0,Open Play,Right Foot,Normal,True,True,0.05023057
3913075,31558.0,Martha Thomas,Tottenham Hotspur Women,2,63,10,106.9,41.6,13.2,Inside box,From Corner,Goal,1,Open Play,Right Foot,Normal,True,False,0.15354761
3913075,31558.0,Martha Thomas,Tottenham Hotspur Women,2,71,10,97.3,35.2,23.2,Outside box,From Throw In,Goal,1,Open Play,Right Foot,Normal,False,False,0.08265351
3913075,191850.0,Eveliina Summanen,Tottenham Hotspur Women,2,77,10,94.7,38.9,25.3,Outside box,From Free Kick,Saved,0,Free Kick,Right Foot,Normal,False,False,0.06736583
3913075,135947.0,Lucy Parker,Aston Villa W,2,81,14,101.9,47.9,19.7,Outside box,From Keeper,Off T,0,Open Play,Right Foot,Normal,False,False,0.04767616
3913075,4638.0,Drew Spence,Tottenham Hotspur Women,2,89,50,106.9,29.0,17.1,Inside box,Regular Play,Saved,0,Open Play,Left Foot,Normal,True,False,0.10017213
3913075,87194.0,Celin Bizet Ildhusøy,Tottenham Hotspur Women,2,93,22,106.5,54.9,20.1,Inside box,From Free Kick,Off T,0,Open Play,Right Foot,Normal,False,False,0.061489817
3913075,402025.0,Linyan Zhang,Tottenham Hotspur Women,2,94,6,104.1,31.8,17.9,Inside box,Regular Play,Saved,0,Open Play,Left Foot,Normal,False,False,0.17119224
3913075,4984.0,Rachel Corsie,Aston Villa W,2,95,10,116.9,44.8,5.7,Inside box,From Corner,Saved,0,Open Play,Right Foot,Volley,True,False,0.27738953
3913075,135947.0,Lucy Parker,Aston Villa W,2,95,11,115.7,41.7,4.6,Inside box,From Corner,Goal,1,Open Play,Head,Normal,False,False,0.15233023
3913159,8297.0,Adriana Kristina Leon,Aston Villa W,1,2,53,96.6,45.3,24.0,Outside box,Regular Play,Off T,0,Open Play,Left Foot,Normal,True,True,0.036920983
3913159,5058.0,Rachel Daly,Aston Villa W,1,8,3,85.6,37.8,34.5,Outside box,Regular Play,Saved Off Target,0,Open Play,Right Foot,Normal,False,False,0.01813593
3913159,78072.0,Anna Patten,Aston Villa W,1,8,43,116.7,32.1,8.6,Inside box,From Corner,Saved,0,Open Play,Head,Normal,False,False,0.11531222
3913159,31527.0,Ebony Salmon,Aston Villa W,1,8,46,111.0,41.8,9.2,Inside box,From Corner,Saved,0,Open Play,Left Foot,Half Volley,False,False,0.11810073
3913159,8297.0,Adriana Kristina Leon,Aston Villa W,1,25,6,116.0,34.6,6.7,Inside box,Regular Play,Goal,1,Open Play,Right Foot,Half Volley,True,False,0.33488658
3913159,26520.0,Yuka Momiki,Leicester City WFC,1,27,59,107.8,46.6,13.9,Inside box,Regular Play,Goal,1,Open Play,Left Foot,Normal,False,True,0.070669204
3913159,224822.0,Jutta Rantala,Leicester City WFC,1,34,1,110.1,40.6,9.9,Inside box,Regular Play,Blocked,0,Open Play,Left Foot,Half Volley,False,True,0.072569914
3913159,224822.0,Jutta Rantala,Leicester City WFC,1,34,5,110.2,44.0,10.6,Inside box,Regular Play,Post,0,Open Play,Right Foot,Half Volley,False,False,0.19843973
3913159,26520.0,Yuka Momiki,Leicester City WFC,1,34,7,110.1,31.5,13.0,Inside box,Regular Play,Off T,0,Open Play,Left Foot,Half Volley,True,False,0.11063173
3913159,5058.0,Rachel Daly,Aston Villa W,1,43,42,93.4,40.1,26.6,Outside box,From Throw In,Off T,0,Open Play,Right Foot,Normal,False,False,0.036764257
3913159,15421.0,Kenza Dali,Aston Villa W,2,52,11,104.6,47.4,17.1,Inside box,Regular Play,Blocked,0,Open Play,Right Foot,Normal,True,False,0.07159217
3913159,25604.0,Saori Takarada,Leicester City WFC,2,52,48,93.6,45.1,26.9,Outside box,Regular Play,Off T,0,Open Play,Right Foot,Normal,True,False,0.030468954
3913159,135753.0,Samantha Tierney,Leicester City WFC,2,53,32,108.6,38.9,11.5,Inside box,Regular Play,Blocked,0,Open Play,Right Foot,Normal,True,True,0.11400917
3913159,224822.0,Jutta Rantala,Leicester City WFC,2,53,34,104.9,46.1,16.3,Inside box,Regular Play,Off T,0,Open Play,Left Foot,Normal,True,False,0.110139206
3913159,135753.0,Samantha Tierney,Leicester City WFC,2,55,6,109.8,36.9,10.7,Inside box,From Free Kick,Goal,1,Open Play,Head,Normal,False,False,0.11065234
3913159,31527.0,Ebony Salmon,Aston Villa W,2,56,38,117.5,51.5,11.8,Inside box,From Counter,Off T,0,Open Play,Right Foot,Normal,True,False,0.026345596
3913159,25601.0,Deanne Cynthia Rose,Leicester City WFC,2,58,27,102.4,37.1,17.8,Inside box,From Throw In,Blocked,0,Open Play,Right Foot,Normal,False,False,0.04629932
3913159,78072.0,Anna Patten,Aston Villa W,2,66,44,107.4,34.6,13.7,Inside box,From Corner,Saved,0,Open Play,Right Foot,Volley,True,True,0.058084738
3913159,26520.0,Yuka Momiki,Leicester City WFC,2,67,15,101.0,39.0,19.0,Outside box,From Keeper,Saved,0,Open Play,Left Foot,Normal,False,True,0.063209906
3913159,5058.0,Rachel Daly,Aston Villa W,2,70,13,105.8,42.5,14.4,Inside box,From Throw In,Wayward,0,Open Play,Head,Normal,False,True,0.025897969
3913159,5058.0,Rachel Daly,Aston Villa W,2,74,54,112.8,39.0,7.3,Inside box,From Free Kick,Goal,1,Open Play,Right Foot,Volley,True,False,0.31097636
3913159,25604.0,Saori Takarada,Leicester City WFC,2,81,18,105.9,47.0,15.7,Inside box,From Free Kick,Post,0,Open Play,Right Foot,Lob,True,False,0.060538746
3913159,8297.0,Adriana Kristina Leon,Aston Villa W,2,90,2,107.6,55.6,19.9,Inside box,Regular Play,Saved,0,Open Play,Right Foot,Normal,False,False,0.042272706
3913159,15421.0,Kenza Dali,Aston Villa W,2,90,51,100.8,43.4,19.5,Outside box,Regular Play,Saved,0,Open Play,Right Foot,Normal,False,True,0.096584775
3913149,224167.0,Matilda Liv Vinberg,Tottenham Hotspur Women,1,1,29,112.2,44.1,8.8,Inside box,From Keeper,Goal,1,Open Play,Left Foot,Volley,True,False,0.22979048
3913149,21023.0,Amanda Nildén,Tottenham Hotspur Women,1,6,33,101.6,27.2,22.4,Outside box,From Throw In,Off T,0,Open Play,Left Foot,Normal,False,True,0.049349826
3913149,10100.0,Janice Cayman,Leicester City WFC,1,8,10,104.1,33.2,17.3,Inside box,Regular Play,Blocked,0,Open Play,Right Foot,Normal,False,True,0.0631567
3913149,4638.0,Drew Spence,Tottenham Hotspur Women,1,11,47,84.4,37.9,35.7,Outside box,From Throw In,Saved to Post,0,Open Play,Right Foot,Normal,False,True,0.015048925
3913149,224167.0,Matilda Liv Vinberg,Tottenham Hotspur Women,1,15,53,110.8,49.1,12.9,Inside box,From Counter,Blocked,0,Open Play,Left Foot,Normal,False,False,0.08086894
3913149,25604.0,Saori Takarada,Leicester City WFC,1,18,44,115.6,50.3,11.2,Inside box,Regular Play,Blocked,0,Open Play,Right Foot,Half Volley,True,False,0.059122454
3913149,25604.0,Saori Takarada,Leicester City WFC,1,19,25,99.7,43.2,20.6,Outside box,From Corner,Saved,0,Open Play,Left Foot,Half Volley,True,False,0.038243875
3913149,10260.0,Lena Petermann,Leicester City WFC,1,20,50,103.3,40.6,16.7,Inside box,Regular Play,Wayward,0,Open Play,Right Foot,Normal,True,False,0.091627635
3913149,224822.0,Jutta Rantala,Leicester City WFC,1,22,25,88.1,32.0,32.9,Outside box,From Free Kick,Blocked,0,Free Kick,Right Foot,Normal,False,False,0.028326172
3913149,46740.0,Grace Clinton,Tottenham Hotspur Women,1,29,3,93.3,21.8,32.3,Outside box,From Throw In,Off T,0,Open Play,Right Foot,Normal,True,False,0.009126224
3913149,26520.0,Yuka Momiki,Leicester City WFC,1,30,18,98.4,34.4,22.3,Outside box,Regular Play,Blocked,0,Open Play,Left Foot,Normal,False,False,0.06491379
3913149,26520.0,Yuka Momiki,Leicester City WFC,1,37,43,103.3,50.0,19.5,Inside box,Regular Play,Saved,0,Open Play,Left Foot,Normal,False,False,0.06753963
3913149,10260.0,Lena Petermann,Leicester City WFC,1,42,36,109.9,39.0,10.1,Inside box,Regular Play,Blocked,0,Open Play,Left Foot,Normal,True,True,0.11056108
3913149,87194.0,Celin Bizet Ildhusøy,Tottenham Hotspur Women,1,43,52,101.8,28.6,21.5,Outside box,Regular Play,Off T,0,Open Play,Right Foot,Normal,False,True,0.0846304
3913149,30856.0,Julie Thibaud,Leicester City WFC,1,45,53,115.9,38.9,4.2,Inside box,From Free Kick,Saved,0,Open Play,Right Foot,Half Volley,True,False,0.28726977
3913149,16374.0,Aileen Whelan,Leicester City WFC,1,51,2,102.9,45.0,17.8,Inside box,From Counter,Saved,0,Open Play,Left Foot,Normal,False,False,0.072169885
3913149,224822.0,Jutta Rantala,Leicester City WFC,2,57,17,116.7,28.7,11.8,Inside box,From Free Kick,Post,0,Open Play,Left Foot,Normal,False,False,0.033658322
3913149,15550.0,Bethany England,Tottenham Hotspur Women,2,59,19,104.9,30.9,17.6,Inside box,From Throw In,Saved,0,Open Play,Right Foot,Normal,False,False,0.05628493
3913149,21048.0,Rosella Ayane,Tottenham Hotspur Women,2,67,21,111.9,44.1,9.1,Inside box,Regular Play,Off T,0,Open Play,Left Foot,Half Volley,True,False,0.39851376
3913149,31551.0,Kit Graham,Tottenham Hotspur Women,2,71,18,85.0,24.1,38.4,Outside box,From Throw In,Off T,0,Open Play,Left Foot,Normal,False,False,0.007563538
3913149,224822.0,Jutta Rantala,Leicester City WFC,2,83,39,96.2,52.6,26.9,Outside box,From Free Kick,Blocked,0,Free Kick,Right Foot,Normal,False,False,0.047032975
3913149,15550.0,Bethany England,Tottenham Hotspur Women,2,88,27,114.7,52.5,13.6,Inside box,From Free Kick,Saved,0,Open Play,Right Foot,Normal,True,False,0.08022546
3913149,31551.0,Kit Graham,Tottenham Hotspur Women,2,88,28,112.8,40.9,7.3,Inside box,From Free Kick,Blocked,0,Open Play,Left Foot,Half Volley,True,False,0.18213522
3913098,5078.0,Alanna Stephanie Kennedy,Manchester City WFC,1,0,46,114.4,38.5,5.8,Inside box,From Corner,Saved,0,Open Play,Head,Normal,False,False,0.1755483
3913098,25554.0,Khadija Monifa Shaw,Manchester City WFC,1,2,47,108.1,43.5,12.4,Inside box,From Throw In,Saved,0,Open Play,Head,Normal,False,True,0.058451783
3913098,10252.0,Alex Greenwood,Manchester City WFC,1,6,29,113.0,36.6,7.8,Inside box,From Corner,Off T,0,Open Play,Head,Normal,False,False,0.08354953
3913098,15555.0,Lauren Hemp,Manchester City WFC,1,8,22,107.7,26.9,18.0,Inside box,From Free Kick,Saved,0,Open Play,Right Foot,Normal,True,False,0.09199372
3913098,31539.0,Leah Galton,Manchester United W,1,16,29,113.5,37.8,6.9,Inside box,From Free Kick,Off T,0,Open Play,Head,Normal,False,True,0.15071984
3913098,25554.0,Khadija Monifa Shaw,Manchester City WFC,1,17,33,106.4,49.6,16.6,Inside box,From Goal Kick,Saved,0,Open Play,Right Foot,Normal,True,False,0.20314123
3913098,31614.0,Melvine Malard,Manchester United W,1,19,42,106.7,50.3,16.8,Inside box,From Throw In,Blocked,0,Open Play,Left Foot,Normal,False,False,0.09297926
3913098,31540.0,Katie Zelem,Manchester United W,1,20,44,108.0,40.0,12.0,Inside box,Other,Goal,1,Penalty,Right Foot,Normal,False,False,0.7835
3913098,62666.0,Ingrid Filippa Angeldal,Manchester City WFC,1,25,30,112.4,32.4,10.7,Inside box,From Throw In,Blocked,0,Open Play,Left Foot,Normal,True,False,0.12095025
3913098,10252.0,Alex Greenwood,Manchester City WFC,1,26,4,106.9,40.3,13.1,Inside box,From Corner,Blocked,0,Open Play,Right Foot,Half Volley,False,False,0.066518895
3913098,10252.0,Alex Greenwood,Manchester City WFC,1,26,6,108.4,36.4,12.1,Inside box,From Corner,Off T,0,Open Play,Left Foot,Half Volley,True,True,0.07372904
3913098,10650.0,Jill Roord,Manchester City WFC,1,33,19,104.6,36.8,15.7,Inside box,From Throw In,Goal,1,Open Play,Right Foot,Normal,False,False,0.05730952
3913098,25554.0,Khadija Monifa Shaw,Manchester City WFC,1,34,35,103.8,39.4,16.2,Inside box,Regular Play,Blocked,0,Open Play,Left Foot,Normal,False,False,0.08400422
3913098,15555.0,Lauren Hemp,Manchester City WFC,1,34,39,108.7,54.7,18.5,Inside box,Regular Play,Goal,1,Open Play,Left Foot,Normal,True,False,0.05873691
3913098,25543.0,Geyse da Silva Ferreira,Manchester United W,1,37,7,115.2,59.3,19.9,Inside box,From Free Kick,Off T,0,Open Play,Right Foot,Normal,False,True,0.0075630946
3913098,15570.0,Chloe Kelly,Manchester City WFC,1,39,47,103.9,54.5,21.7,Inside box,From Counter,Blocked,0,Open Play,Right Foot,Normal,False,False,0.028055774
3913098,15570.0,Chloe Kelly,Manchester City WFC,1,40,13,100.8,37.6,19.3,Outside box,From Counter,Saved,0,Open Play,Right Foot,Normal,True,True,0.16291223
3913098,10163.0,Leila Ouahabi El Ouahabi,Manchester City WFC,1,41,3,75.3,52.5,46.4,Outside box,From Corner,Off T,0,Open Play,Left Foot,Normal,True,False,0.005533564
3913098,15570.0,Chloe Kelly,Manchester City WFC,1,44,46,114.5,26.1,14.9,Inside box,From Throw In,Off T,0,Open Play,Left Foot,Normal,False,True,0.017947778
3913098,25554.0,Khadija Monifa Shaw,Manchester City WFC,2,54,50,95.1,33.2,25.8,Outside box,Other,Goal,1,Open Play,Right Foot,Volley,True,False,0.27574262
3913098,25554.0,Khadija Monifa Shaw,Manchester City WFC,2,56,47,102.1,35.4,18.5,Inside box,Regular Play,Off T,0,Open Play,Left Foot,Normal,False,False,0.04772972
3913098,25513.0,Lucía García Córdoba,Manchester United W,2,78,20,84.0,38.5,36.0,Outside box,Regular Play,Saved,0,Open Play,Right Foot,Normal,False,False,0.011484143
3913098,25543.0,Geyse da Silva Ferreira,Manchester United W,2,78,45,104.3,40.0,15.7,Inside box,From Corner,Blocked,0,Open Play,Right Foot,Volley,True,False,0.058110096
3913098,25513.0,Lucía García Córdoba,Manchester United W,2,78,48,105.7,51.4,18.3,Inside box,From Corner,Off T,0,Open Play,Right Foot,Volley,True,False,0.038232837
3913098,25543.0,Geyse da Silva Ferreira,Manchester United W,2,84,37,100.2,30.4,22.0,Outside box,From Throw In,Blocked,0,Open Play,Right Foot,Half Volley,True,True,0.028710509
3913098,401932.0,Hinata Miyazawa,Manchester United W,2,84,41,96.9,42.1,23.2,Outside box,From Throw In,Off T,0,Open Play,Right Foot,Half Volley,True,False,0.03331809
3913098,31563.0,Rachel Williams,Manchester United W,2,93,1,108.2,37.3,12.1,Inside box,From Throw In,Wayward,0,Open Play,Head,Normal,False,False,0.061434638
3913098,25513.0,Lucía García Córdoba,Manchester United W,2,93,3,108.5,45.4,12.7,Inside box,From Throw In,Blocked,0,Open Play,Right Foot,Volley,True,False,0.10557411
3913098,25785.0,Jayde Yuk Fun Riviere,Manchester United W,2,94,11,109.9,57.5,20.2,Inside box,From Throw In,Saved,0,Open Play,Right Foot,Normal,True,False,0.014353575
3913098,25543.0,Geyse da Silva Ferreira,Manchester United W,2,94,45,103.1,40.9,16.9,Inside box,From Corner,Blocked,0,Open Play,Right Foot,Volley,True,False,0.057524633
3913098,31540.0,Katie Zelem,Manchester United W,2,94,49,108.1,28.2,16.8,Inside box,From Corner,Saved,0,Open Play,Right Foot,Normal,True,True,0.044635065
3913098,25785.0,Jayde Yuk Fun Riviere,Manchester United W,2,96,10,94.6,46.5,26.2,Outside box,From Corner,Saved,0,Open Play,Right Foot,Half Volley,False,False,0.020043278
3912592,18153.0,Alisha Lehmann,Aston Villa W,1,2,28,106.3,41.9,13.8,Inside box,From Keeper,Wayward,0,Open Play,Left Foot,Normal,True,False,0.14198689
3912592,15562.0,Lucy Staniforth,Aston Villa W,1,2,35,87.7,36.7,32.5,Outside box,From Keeper,Saved,0,Open Play,Right Foot,Normal,False,False,0.018487575
3912592,15575.0,Gabrielle George,Manchester United W,1,8,15,111.3,46.8,11.0,Inside box,From Corner,Off T,0,Open Play,Head,Normal,False,True,0.04246144
3912592,25543.0,Geyse da Silva Ferreira,Manchester United W,1,13,37,110.6,52.5,15.6,Inside box,From Counter,Saved,0,Open Play,Right Foot,Normal,False,False,0.10774503
3912592,31536.0,Millie Turner,Manchester United W,1,14,26,114.8,40.5,5.2,Inside box,From Corner,Blocked,0,Open Play,Head,Normal,False,True,0.137618
3912592,19501.0,Hayley Ladd,Manchester United W,1,14,30,101.0,34.3,19.8,Outside box,From Corner,Wayward,0,Open Play,Right Foot,Half Volley,True,False,0.040499166
3912592,5058.0,Rachel Daly,Aston Villa W,1,16,11,107.2,37.0,13.1,Inside box,From Corner,Wayward,0,Open Play,Head,Normal,False,False,0.038718257
3912592,31539.0,Leah Galton,Manchester United W,1,23,20,96.2,32.9,24.8,Outside box,From Free Kick,Off T,0,Open Play,Right Foot,Normal,False,True,0.038476124
3912592,31536.0,Millie Turner,Manchester United W,1,27,46,115.6,33.9,7.5,Inside box,From Free Kick,Saved,0,Open Play,Head,Normal,False,True,0.10786852
3912592,31539.0,Leah Galton,Manchester United W,1,29,29,105.2,29.5,18.1,Inside box,From Throw In,Off T,0,Open Play,Right Foot,Normal,False,True,0.08026632
3912592,18153.0,Alisha Lehmann,Aston Villa W,1,37,24,102.5,36.1,17.9,Inside box,From Throw In,Off T,0,Open Play,Left Foot,Normal,False,False,0.17640644
3912592,25543.0,Geyse da Silva Ferreira,Manchester United W,1,39,50,102.0,42.8,18.2,Inside box,Regular Play,Blocked,0,Open Play,Right Foot,Normal,False,False,0.044658214
3912592,19501.0,Hayley Ladd,Manchester United W,1,40,50,107.9,48.0,14.5,Inside box,Regular Play,Wayward,0,Open Play,Right Foot,Normal,True,False,0.07790521
3912592,31534.0,Ella Toone,Manchester United W,1,42,2,110.4,46.9,11.8,Inside box,From Throw In,Blocked,0,Open Play,Right Foot,Volley,True,False,0.07763024
3912592,15571.0,Danielle Turner,Aston Villa W,2,49,38,94.7,31.3,26.8,Outside box,From Throw In,Blocked,0,Open Play,Left Foot,Normal,False,False,0.034177877
3912592,31534.0,Ella Toone,Manchester United W,2,51,3,116.2,26.1,14.4,Inside box,Regular Play,Saved,0,Open Play,Right Foot,Normal,False,False,0.02356122
3912592,31536.0,Millie Turner,Manchester United W,2,51,40,111.9,43.6,8.9,Inside box,From Corner,Blocked,0,Open Play,Head,Normal,False,True,0.0583816
3912592,31539.0,Leah Galton,Manchester United W,2,53,12,99.1,41.7,21.0,Outside box,Regular Play,Blocked,0,Open Play,Right Foot,Normal,False,True,0.05888549
3912592,25513.0,Lucía García Córdoba,Manchester United W,2,53,33,98.6,49.5,23.4,Outside box,Regular Play,Off T,0,Open Play,Left Foot,Normal,False,False,0.048576787
3912592,31532.0,Kirsty Hanson,Aston Villa W,2,56,24,97.2,24.2,27.7,Outside box,From Free Kick,Off T,0,Open Play,Right Foot,Normal,False,False,0.025754403
3912592,5058.0,Rachel Daly,Aston Villa W,2,66,22,103.8,48.0,18.1,Inside box,From Corner,Post,0,Open Play,Right Foot,Normal,True,False,0.071373686
3912592,4984.0,Rachel Corsie,Aston Villa W,2,70,37,107.9,42.4,12.3,Inside box,From Free Kick,Saved,0,Open Play,Head,Normal,False,False,0.049425438
3912592,25513.0,Lucía García Córdoba,Manchester United W,2,72,58,105.6,25.7,20.3,Inside box,From Counter,Off T,0,Open Play,Right Foot,Normal,False,False,0.029213635
3912592,4654.0,Nikita Parris,Manchester United W,2,75,10,103.0,49.9,19.7,Inside box,From Free Kick,Blocked,0,Open Play,Left Foot,Normal,False,True,0.056914315
3912592,31563.0,Rachel Williams,Manchester United W,2,75,11,112.9,36.2,8.1,Inside box,From Free Kick,Blocked,0,Open Play,Head,Normal,False,False,0.1521327
3912592,5058.0,Rachel Daly,Aston Villa W,2,75,59,108.9,47.2,13.2,Inside box,Regular Play,Goal,1,Open Play,Right Foot,Half Volley,False,True,0.083989166
3912592,25513.0,Lucía García Córdoba,Manchester United W,2,79,0,113.9,43.0,6.8,Inside box,From Corner,Goal,1,Open Play,Right Foot,Normal,True,False,0.18390599
3912592,31563.0,Rachel Williams,Manchester United W,2,80,28,114.8,33.5,8.3,Inside box,Regular Play,Blocked,0,Open Play,Left Foot,Normal,True,False,0.08406087
3912592,4654.0,Nikita Parris,Manchester United W,2,87,31,97.3,49.9,24.8,Outside box,Regular Play,Saved,0,Open Play,Right Foot,Normal,False,False,0.040857673
3912592,31540.0,Katie Zelem,Manchester United W,2,89,15,103.1,43.3,17.2,Inside box,From Throw In,Saved,0,Open Play,Right Foot,Normal,True,False,0.06617957
3912592,31536.0,Millie Turner,Manchester United W,2,89,41,112.8,33.2,9.9,Inside box,From Corner,Blocked,0,Open Play,Left Foot,Volley,True,False,0.077535436
3912592,25513.0,Lucía García Córdoba,Manchester United W,2,89,44,104.5,24.3,22.1,Inside box,From Corner,Blocked,0,Open Play,Right Foot,Normal,False,True,0.027580332
3912592,401932.0,Hinata Miyazawa,Manchester United W,2,91,5,99.7,37.6,20.4,Outside box,Regular Play,Saved,0,Open Play,Right Foot,Normal,False,False,0.028824951
3912592,31563.0,Rachel Williams,Manchester United W,2,91,45,112.7,34.5,9.1,Inside box,Regular Play,Goal,1,Open Play,Head,Normal,False,True,0.07509345
3913088,15570.0,Chloe Kelly,Manchester City WFC,1,0,17,98.2,57.8,28.1,Outside box,Regular Play,Post,0,Open Play,Right Foot,Normal,False,True,0.017401867
3913088,10650.0,Jill Roord,Manchester City WFC,1,2,44,101.8,43.2,18.5,Outside box,Regular Play,Blocked,0,Open Play,Right Foot,Half Volley,False,False,0.069244854
3913088,10650.0,Jill Roord,Manchester City WFC,1,2,46,103.5,39.7,16.5,Inside box,Regular Play,Blocked,0,Open Play,Left Foot,Normal,False,False,0.07362404
3913088,15570.0,Chloe Kelly,Manchester City WFC,1,3,42,108.2,55.7,19.6,Inside box,Regular Play,Saved,0,Open Play,Right Foot,Normal,True,False,0.055023685
3913088,276301.0,Elisabeth Terland,Brighton & Hove Albion WFC,1,5,2,112.1,43.6,8.7,Inside box,Regular Play,Saved,0,Open Play,Right Foot,Volley,True,False,0.1682523
3913088,10158.0,María Victoria Losada Gómez,Brighton & Hove Albion WFC,1,6,24,102.7,52.4,21.3,Inside box,Regular Play,Blocked,0,Open Play,Left Foot,Normal,False,True,0.0543632
3913088,10167.0,Tatiana Vanessa Ferreira Pinto,Brighton & Hove Albion WFC,1,6,27,105.7,42.9,14.6,Inside box,Regular Play,Saved,0,Open Play,Left Foot,Normal,False,True,0.07803949
3913088,15570.0,Chloe Kelly,Manchester City WFC,1,11,20,103.6,47.6,18.1,Inside box,Regular Play,Blocked,0,Open Play,Left Foot,Normal,False,True,0.09044475
3913088,10650.0,Jill Roord,Manchester City WFC,1,13,21,115.6,36.6,5.6,Inside box,Regular Play,Wayward,0,Open Play,Left Foot,Volley,True,False,0.6070523
3913088,5078.0,Alanna Stephanie Kennedy,Manchester City WFC,1,15,35,93.7,49.9,28.1,Outside box,From Free Kick,Off T,0,Free Kick,Right Foot,Normal,False,False,0.0489374
3913088,35693.0,Mary Boio Fowler,Manchester City WFC,1,20,30,98.2,51.0,24.4,Outside box,From Free Kick,Saved,0,Open Play,Left Foot,Normal,False,True,0.030437179
3913088,15570.0,Chloe Kelly,Manchester City WFC,1,25,49,104.2,27.1,20.4,Inside box,Regular Play,Blocked,0,Open Play,Right Foot,Normal,False,False,0.04574231
3913088,5078.0,Alanna Stephanie Kennedy,Manchester City WFC,1,32,22,112.2,38.3,8.0,Inside box,From Corner,Off T,0,Open Play,Left Foot,Half Volley,True,True,0.13279009
3913088,15570.0,Chloe Kelly,Manchester City WFC,1,36,29,102.6,51.8,21.0,Inside box,From Throw In,Blocked,0,Open Play,Left Foot,Normal,False,True,0.05480478
3913088,15570.0,Chloe Kelly,Manchester City WFC,1,36,33,112.4,55.0,16.8,Inside box,From Throw In,Saved,0,Open Play,Right Foot,Normal,False,True,0.03417802
3913088,62666.0,Ingrid Filippa Angeldal,Manchester City WFC,1,40,40,98.6,44.4,21.8,Outside box,Regular Play,Saved,0,Open Play,Right Foot,Normal,False,True,0.067927726
3913088,20725.0,Pauline Bremer,Brighton & Hove Albion WFC,1,41,56,105.9,28.2,18.4,Inside box,Regular Play,Blocked,0,Open Play,Right Foot,Normal,False,False,0.0591381
3913088,25554.0,Khadija Monifa Shaw,Manchester City WFC,2,47,22,114.2,43.1,6.6,Inside box,Regular Play,Off T,0,Open Play,Head,Normal,False,True,0.2016041
3913088,15555.0,Lauren Hemp,Manchester City WFC,2,48,2,102.0,48.9,20.1,Inside box,Regular Play,Blocked,0,Open Play,Left Foot,Normal,False,True,0.043478403
3913088,15570.0,Chloe Kelly,Manchester City WFC,2,48,52,108.0,48.6,14.8,Inside box,Regular Play,Blocked,0,Open Play,Right Foot,Normal,False,False,0.09130841
3913088,4649.0,Esme Beth Morgan,Manchester City WFC,2,50,10,100.0,30.7,22.1,Outside box,From Throw In,Saved,0,Open Play,Right Foot,Normal,False,True,0.04189623
3913088,15570.0,Chloe Kelly,Manchester City WFC,2,52,1,93.0,27.6,29.7,Outside box,From Corner,Saved,0,Open Play,Right Foot,Normal,False,True,0.02728982
3913088,15555.0,Lauren Hemp,Manchester City WFC,2,54,41,102.9,30.9,19.4,Inside box,Regular Play,Saved,0,Open Play,Right Foot,Normal,False,True,0.05495523
3913088,131575.0,Mengwen Li,Brighton & Hove Albion WFC,2,55,24,98.8,47.8,22.6,Outside box,From Keeper,Off T,0,Open Play,Left Foot,Normal,False,False,0.04878378
3913088,15570.0,Chloe Kelly,Manchester City WFC,2,56,6,101.6,52.8,22.4,Outside box,Regular Play,Blocked,0,Open Play,Right Foot,Normal,False,False,0.03310651
3913088,15555.0,Lauren Hemp,Manchester City WFC,2,58,17,118.2,35.3,5.0,Inside box,Regular Play,Off T,0,Open Play,Left Foot,Half Volley,True,False,0.50322264
3913088,10650.0,Jill Roord,Manchester City WFC,2,70,17,107.9,27.5,17.4,Inside box,From Throw In,Saved,0,Open Play,Left Foot,Normal,False,True,0.10129867
3913088,15570.0,Chloe Kelly,Manchester City WFC,2,71,23,93.9,37.4,26.2,Outside box,Regular Play,Off T,0,Open Play,Right Foot,Normal,False,False,0.036472227
3913088,15555.0,Lauren Hemp,Manchester City WFC,2,74,11,105.0,39.7,15.0,Inside box,From Throw In,Saved,0,Open Play,Left Foot,Normal,True,False,0.088870205
3913088,49938.0,Deyna Cristina Castellanos Naujenis,Manchester City WFC,2,76,37,118.2,34.2,6.1,Inside box,From Free Kick,Off T,0,Open Play,Right Foot,Half Volley,True,False,0.16803198
3913088,35693.0,Mary Boio Fowler,Manchester City WFC,2,78,16,113.4,51.0,12.8,Inside box,From Counter,Saved,0,Open Play,Left Foot,Normal,False,True,0.05620779
3913088,19498.0,Jessica Park,Manchester City WFC,2,78,17,111.7,43.9,9.2,Inside box,From Counter,Saved,0,Open Play,Left Foot,Half Volley,True,False,0.12396435
3913088,25453.0,Geum-Min Lee,Brighton & Hove Albion WFC,2,80,40,116.3,44.4,5.7,Inside box,Regular Play,Goal,1,Open Play,Right Foot,Normal,True,False,0.64531815
3913088,35693.0,Mary Boio Fowler,Manchester City WFC,2,83,17,95.5,42.3,24.6,Outside box,Regular Play,Blocked,0,Open Play,Left Foot,Normal,False,False,0.045269147
3913088,15570.0,Chloe Kelly,Manchester City WFC,2,84,27,104.3,31.1,18.0,Inside box,Regular Play,Wayward,0,Open Play,Right Foot,Half Volley,True,True,0.065637596
3913088,15570.0,Chloe Kelly,Manchester City WFC,2,88,20,104.7,31.2,17.7,Inside box,From Free Kick,Saved,0,Open Play,Right Foot,Normal,False,True,0.05894873
3913088,15570.0,Chloe Kelly,Manchester City WFC,2,89,54,100.3,30.0,22.1,Outside box,From Free Kick,Blocked,0,Open Play,Right Foot,Normal,False,True,0.03947793
3913088,5078.0,Alanna Stephanie Kennedy,Manchester City WFC,2,92,2,114.7,43.7,6.5,Inside box,From Corner,Blocked,0,Open Play,Head,Normal,False,True,0.11707292
3913088,15555.0,Lauren Hemp,Manchester City WFC,2,92,15,107.3,47.2,14.6,Inside box,From Corner,Post,0,Open Play,Right Foot,Half Volley,False,True,0.06953493
3913088,35693.0,Mary Boio Fowler,Manchester City WFC,2,92,29,101.3,46.6,19.8,Outside box,From Corner,Blocked,0,Open Play,Right Foot,Volley,True,True,0.043006055
3913088,15570.0,Chloe Kelly,Manchester City WFC,2,93,29,117.5,29.6,10.7,Inside box,From Corner,Saved,0,Open Play,Right Foot,Normal,True,True,0.02255489
3913088,5078.0,Alanna Stephanie Kennedy,Manchester City WFC,2,94,30,112.6,45.0,8.9,Inside box,From Corner,Blocked,0,Open Play,Head,Normal,False,True,0.061463434
3913182,5058.0,Rachel Daly,Aston Villa W,1,7,42,99.3,47.8,22.1,Outside box,From Counter,Saved,0,Open Play,Right Foot,Normal,True,False,0.04509033
3913182,18153.0,Alisha Lehmann,Aston Villa W,1,9,57,108.7,38.7,11.4,Inside box,Regular Play,Off T,0,Open Play,Right Foot,Normal,True,False,0.23991317
3913182,15421.0,Kenza Dali,Aston Villa W,1,10,57,97.0,29.3,25.4,Outside box,Regular Play,Saved,0,Open Play,Right Foot,Normal,False,False,0.037752785
3913182,25453.0,Geum-Min Lee,Brighton & Hove Albion WFC,1,15,2,104.5,27.2,20.1,Inside box,From Goal Kick,Saved,0,Open Play,Right Foot,Normal,False,True,0.087857135
3913182,5058.0,Rachel Daly,Aston Villa W,1,19,44,100.6,47.4,20.8,Outside box,From Free Kick,Wayward,0,Open Play,Right Foot,Volley,True,False,0.031040298
3913182,17274.0,Poppy Pattinson,Brighton & Hove Albion WFC,1,22,39,88.4,43.5,31.8,Outside box,From Corner,Wayward,0,Open Play,Left Foot,Normal,False,False,0.0201893
3913182,5058.0,Rachel Daly,Aston Villa W,1,25,42,103.3,48.6,18.8,Inside box,Regular Play,Blocked,0,Open Play,Left Foot,Normal,False,False,0.057976015
3913182,5058.0,Rachel Daly,Aston Villa W,1,26,23,108.6,39.1,11.4,Inside box,From Corner,Wayward,0,Open Play,Head,Normal,False,True,0.03763842
3913182,405188.0,Madison Haley,Brighton & Hove Albion WFC,1,30,15,88.2,35.5,32.1,Outside box,From Throw In,Off T,0,Open Play,Right Foot,Normal,False,False,0.024875885
3913182,276301.0,Elisabeth Terland,Brighton & Hove Albion WFC,1,30,49,104.9,32.5,16.9,Inside box,Regular Play,Off T,0,Open Play,Right Foot,Half Volley,True,False,0.1060253
3913182,25453.0,Geum-Min Lee,Brighton & Hove Albion WFC,1,31,19,97.2,42.5,22.9,Outside box,Regular Play,Blocked,0,Open Play,Right Foot,Normal,True,False,0.031446088
3913182,5058.0,Rachel Daly,Aston Villa W,1,32,24,109.4,38.3,10.7,Inside box,Regular Play,Wayward,0,Open Play,Left Foot,Normal,True,False,0.11913051
3913182,276301.0,Elisabeth Terland,Brighton & Hove Albion WFC,1,32,50,102.5,27.6,21.4,Inside box,Regular Play,Saved,0,Open Play,Left Foot,Normal,True,False,0.05958145
3913182,31532.0,Kirsty Hanson,Aston Villa W,1,34,49,95.5,37.8,24.6,Outside box,Regular Play,Post,0,Open Play,Left Foot,Normal,False,False,0.048878845
3913182,15421.0,Kenza Dali,Aston Villa W,1,37,41,96.2,32.1,25.1,Outside box,From Throw In,Off T,0,Open Play,Right Foot,Normal,False,False,0.03127961
3913182,405188.0,Madison Haley,Brighton & Hove Albion WFC,1,42,36,100.2,36.8,20.1,Outside box,From Free Kick,Off T,0,Open Play,Right Foot,Normal,False,False,0.059670795
3913182,18153.0,Alisha Lehmann,Aston Villa W,1,47,51,110.1,54.3,17.4,Inside box,Regular Play,Off T,0,Open Play,Right Foot,Normal,True,False,0.068135805
3913182,25453.0,Geum-Min Lee,Brighton & Hove Albion WFC,2,60,5,104.0,32.8,17.5,Inside box,From Free Kick,Blocked,0,Open Play,Right Foot,Normal,False,False,0.069255136
3913182,276304.0,Guro Bergsvand,Brighton & Hove Albion WFC,2,60,43,109.3,32.6,13.0,Inside box,From Corner,Saved,0,Open Play,Head,Normal,False,False,0.025375256
3913182,18153.0,Alisha Lehmann,Aston Villa W,2,63,9,106.8,48.0,15.4,Inside box,Regular Play,Goal,1,Open Play,Left Foot,Normal,True,False,0.12399921
3913182,8297.0,Adriana Kristina Leon,Aston Villa W,2,68,9,110.8,51.1,14.4,Inside box,Regular Play,Off T,0,Open Play,Right Foot,Normal,True,False,0.12685668
3913182,5058.0,Rachel Daly,Aston Villa W,2,68,53,102.5,55.8,23.6,Inside box,Regular Play,Off T,0,Open Play,Left Foot,Normal,False,True,0.027960625
3913182,276301.0,Elisabeth Terland,Brighton & Hove Albion WFC,2,69,51,106.4,31.7,15.9,Inside box,From Counter,Blocked,0,Open Play,Right Foot,Normal,False,False,0.06989782
3913182,8297.0,Adriana Kristina Leon,Aston Villa W,2,73,51,117.1,46.1,6.8,Inside box,From Free Kick,Off T,0,Open Play,Head,Normal,False,True,0.14083439
3913166,276443.0,Kathrine Møller Kühl,Everton LFC,1,13,32,94.8,41.9,25.3,Outside box,From Throw In,Saved,0,Open Play,Right Foot,Normal,False,False,0.033489794
3913166,16386.0,Lucy Hope,Everton LFC,1,14,10,111.8,34.4,9.9,Inside box,From Corner,Saved,0,Open Play,Head,Normal,False,False,0.059587013
3913166,10167.0,Tatiana Vanessa Ferreira Pinto,Brighton & Hove Albion WFC,1,17,23,104.4,47.0,17.1,Inside box,From Throw In,Saved,0,Open Play,Right Foot,Normal,False,False,0.03944779
3913166,276301.0,Elisabeth Terland,Brighton & Hove Albion WFC,1,26,10,103.6,25.4,22.0,Inside box,Regular Play,Saved,0,Open Play,Right Foot,Half Volley,True,True,0.066114254
3913166,46459.0,Katja Snoeijs,Everton LFC,1,27,53,112.0,46.5,10.3,Inside box,Regular Play,Saved,0,Open Play,Right Foot,Normal,True,True,0.21345659
3913166,105102.0,Veatriki Sarri,Brighton & Hove Albion WFC,1,35,34,113.6,51.6,13.2,Inside box,From Corner,Wayward,0,Open Play,Head,Normal,False,True,0.04142186
3913166,276301.0,Elisabeth Terland,Brighton & Hove Albion WFC,1,42,15,97.0,28.9,25.5,Outside box,From Counter,Blocked,0,Open Play,Right Foot,Normal,False,False,0.035112303
3913166,388473.0,Jorelyn Andrea Daniela Carabalí Martínez,Brighton & Hove Albion WFC,1,43,7,119.2,45.3,5.4,Inside box,From Corner,Blocked,0,Open Play,Head,Normal,False,False,0.113563985
3913166,276301.0,Elisabeth Terland,Brighton & Hove Albion WFC,2,49,6,110.5,28.9,14.6,Inside box,From Free Kick,Off T,0,Open Play,Right Foot,Half Volley,False,False,0.109528944
3913166,10167.0,Tatiana Vanessa Ferreira Pinto,Brighton & Hove Albion WFC,2,53,49,108.9,30.0,14.9,Inside box,Regular Play,Blocked,0,Open Play,Right Foot,Normal,False,False,0.054357253
3913166,276301.0,Elisabeth Terland,Brighton & Hove Albion WFC,2,55,56,80.1,41.0,39.9,Outside box,Regular Play,Off T,0,Open Play,Right Foot,Normal,False,False,0.006100164
3913166,32230.0,Karen Holmgaard,Everton LFC,2,59,15,118.2,44.8,5.1,Inside box,From Free Kick,Goal,1,Open Play,Head,Normal,False,True,0.21695921
3913166,131575.0,Mengwen Li,Brighton & Hove Albion WFC,2,60,29,98.8,50.3,23.6,Outside box,From Throw In,Saved Off Target,0,Open Play,Left Foot,Normal,False,False,0.043220323
3913166,85004.0,Maisie Symonds,Brighton & Hove Albion WFC,2,62,48,99.4,24.2,26.0,Outside box,From Free Kick,Saved to Post,0,Free Kick,Right Foot,Normal,False,False,0.048384752
3913166,10167.0,Tatiana Vanessa Ferreira Pinto,Brighton & Hove Albion WFC,2,62,51,118.7,41.4,1.9,Inside box,From Free Kick,Goal,1,Open Play,Right Foot,Half Volley,True,False,0.7981125
3913166,21059.0,Katie Robinson,Brighton & Hove Albion WFC,2,67,19,107.7,29.3,16.3,Inside box,From Free Kick,Blocked,0,Open Play,Right Foot,Half Volley,False,False,0.07284259
3913166,21059.0,Katie Robinson,Brighton & Hove Albion WFC,2,82,24,107.8,49.2,15.3,Inside box,Regular Play,Saved,0,Open Play,Right Foot,Half Volley,True,False,0.06579128
3913166,20725.0,Pauline Bremer,Brighton & Hove Albion WFC,2,91,29,117.4,48.5,8.9,Inside box,From Corner,Blocked,0,Open Play,Right Foot,Half Volley,False,False,0.0684149
3913166,276301.0,Elisabeth Terland,Brighton & Hove Albion WFC,2,93,34,100.8,52.5,22.9,Outside box,From Throw In,Wayward,0,Open Play,Right Foot,Half Volley,True,True,0.0440248
3913176,10229.0,Emma Stina Blackstenius,Arsenal WFC,1,8,56,113.5,31.7,10.5,Inside box,Regular Play,Saved,0,Open Play,Left Foot,Normal,True,False,0.34221303
3913176,32230.0,Karen Holmgaard,Everton LFC,1,17,48,115.0,35.3,6.9,Inside box,From Corner,Post,0,Open Play,Head,Normal,False,True,0.1190705
3913176,63308.0,Justine Vanhaevermaet,Everton LFC,1,17,50,116.7,42.8,4.3,Inside box,From Corner,Off T,0,Open Play,Head,Normal,False,True,0.2015965
3913176,10229.0,Emma Stina Blackstenius,Arsenal WFC,1,18,37,111.9,45.0,9.5,Inside box,From Goal Kick,Wayward,0,Open Play,Right Foot,Volley,True,False,0.1254585
3913176,10229.0,Emma Stina Blackstenius,Arsenal WFC,1,22,41,107.1,55.4,20.1,Inside box,Regular Play,Blocked,0,Open Play,Right Foot,Normal,False,False,0.02799381
3913176,11338.0,Caitlin Jade Foord,Arsenal WFC,1,22,46,109.5,37.6,10.8,Inside box,From Counter,Wayward,0,Open Play,Right Foot,Half Volley,True,False,0.24632831
3913176,16386.0,Lucy Hope,Everton LFC,1,27,4,101.7,51.2,21.5,Outside box,From Goal Kick,Blocked,0,Open Play,Right Foot,Volley,True,False,0.03165865
3913176,10229.0,Emma Stina Blackstenius,Arsenal WFC,1,31,22,113.3,32.3,10.2,Inside box,Regular Play,Blocked,0,Open Play,Left Foot,Backheel,True,False,0.06266678
3913176,15616.0,Kim Little,Arsenal WFC,1,40,52,101.8,40.1,18.2,Outside box,Regular Play,Blocked,0,Open Play,Left Foot,Normal,False,False,0.054790307
3913176,45737.0,Martina Piemonte,Everton LFC,1,44,44,74.5,39.8,45.5,Outside box,From Free Kick,Off T,0,Open Play,Right Foot,Lob,False,False,0.0054638484
3913176,63788.0,Victoria Pelova,Arsenal WFC,1,46,49,108.5,52.9,17.3,Inside box,From Throw In,Off T,0,Open Play,Right Foot,Half Volley,False,False,0.10335731
3913176,45737.0,Martina Piemonte,Everton LFC,2,45,10,108.6,38.9,11.5,Inside box,From Kick Off,Saved Off Target,0,Open Play,Head,Normal,False,False,0.059611645
3913176,5000.0,Stephanie-Elise Catley,Arsenal WFC,2,50,4,112.0,38.7,8.1,Inside box,From Corner,Saved,0,Open Play,Head,Normal,False,True,0.070210844
3913176,63788.0,Victoria Pelova,Arsenal WFC,2,53,54,112.9,40.6,7.1,Inside box,Regular Play,Off T,0,Open Play,Left Foot,Normal,True,True,0.44102234
3913176,107491.0,Emily Ann Fox,Arsenal WFC,2,60,39,106.8,36.5,13.7,Inside box,From Free Kick,Saved,0,Open Play,Right Foot,Normal,False,False,0.19402102
3913176,32229.0,Sara Holmgaard,Everton LFC,2,61,35,97.9,22.4,28.3,Outside box,From Keeper,Blocked,0,Open Play,Left Foot,Normal,False,False,0.018582642
3913176,63308.0,Justine Vanhaevermaet,Everton LFC,2,62,28,113.3,42.4,7.1,Inside box,From Corner,Saved,0,Open Play,Other,Normal,False,False,0.117630176
3913176,47521.0,Alessia Russo,Arsenal WFC,2,75,13,105.2,36.6,15.2,Inside box,From Corner,Blocked,0,Open Play,Head,Normal,False,True,0.040576585
3913176,47521.0,Alessia Russo,Arsenal WFC,2,75,39,110.3,44.7,10.8,Inside box,From Throw In,Off T,0,Open Play,Right Foot,Normal,True,True,0.09174528
3913176,15619.0,Bethany Mead,Arsenal WFC,2,79,53,114.9,45.2,7.3,Inside box,Regular Play,Saved,0,Open Play,Right Foot,Volley,True,False,0.29338506
3913176,47521.0,Alessia Russo,Arsenal WFC,2,79,54,114.4,38.2,5.9,Inside box,Regular Play,Goal,1,Open Play,Right Foot,Half Volley,True,False,0.7182296
3913176,424095.0,Eleanor Dale,Everton LFC,2,81,52,102.9,33.8,18.2,Inside box,From Throw In,Saved,0,Open Play,Left Foot,Normal,True,True,0.1182825
3913176,15616.0,Kim Little,Arsenal WFC,2,84,26,102.8,43.8,17.6,Inside box,From Throw In,Off T,0,Open Play,Left Foot,Normal,False,False,0.06466588
3913176,424095.0,Eleanor Dale,Everton LFC,2,86,47,101.8,34.4,19.0,Outside box,Regular Play,Blocked,0,Open Play,Head,Normal,False,True,0.024618704
3913176,424095.0,Eleanor Dale,Everton LFC,2,89,1,113.5,51.1,12.9,Inside box,From Free Kick,Blocked,0,Open Play,Right Foot,Half Volley,True,True,0.04752625
3913176,18254.0,Megan Finnigan,Everton LFC,2,89,47,114.3,33.1,8.9,Inside box,From Corner,Wayward,0,Open Play,Head,Normal,False,True,0.053477805
3913176,47521.0,Alessia Russo,Arsenal WFC,2,93,21,107.2,39.8,12.8,Inside box,From Free Kick,Off T,0,Open Play,Right Foot,Normal,True,True,0.26340973
3913176,423420.0,Isabella Hobson,Everton LFC,2,94,51,112.5,40.2,7.5,Inside box,From Corner,Goal,1,Open Play,Head,Normal,False,True,0.08280372
3913176,15619.0,Bethany Mead,Arsenal WFC,2,96,6,108.3,46.2,13.2,Inside box,From Kick Off,Saved,0,Open Play,Right Foot,Half Volley,False,True,0.07476946
3913176,47521.0,Alessia Russo,Arsenal WFC,2,97,6,106.8,24.7,20.2,Inside box,From Free Kick,Off T,0,Open Play,Right Foot,Normal,False,False,0.038950074
3913104,17275.0,Hannah Jayne Blundell,Manchester United W,1,5,10,100.4,47.4,21.0,Outside box,From Corner,Wayward,0,Open Play,Right Foot,Normal,True,False,0.04279445
3913104,31536.0,Millie Turner,Manchester United W,1,5,11,114.0,38.1,6.3,Inside box,From Corner,Wayward,0,Open Play,Right Foot,Half Volley,True,True,0.23747788
3913104,4654.0,Nikita Parris,Manchester United W,1,6,48,110.4,46.8,11.8,Inside box,Regular Play,Saved,0,Open Play,Left Foot,Normal,True,True,0.113601536
3913104,31539.0,Leah Galton,Manchester United W,1,15,34,104.5,33.1,17.0,Inside box,Regular Play,Saved,0,Open Play,Right Foot,Normal,False,False,0.11042763
3913104,25543.0,Geyse da Silva Ferreira,Manchester United W,1,20,30,99.8,40.3,20.2,Outside box,From Throw In,Saved,0,Open Play,Right Foot,Normal,False,False,0.04496036
3913104,4654.0,Nikita Parris,Manchester United W,1,20,58,106.6,53.0,18.7,Inside box,Regular Play,Blocked,0,Open Play,Right Foot,Normal,False,False,0.032138854
3913104,31536.0,Millie Turner,Manchester United W,1,21,35,116.1,37.2,4.8,Inside box,From Corner,Wayward,0,Open Play,Head,Normal,False,True,0.18766999
3913104,31536.0,Millie Turner,Manchester United W,1,22,2,105.5,48.5,16.8,Inside box,From Corner,Saved,0,Open Play,Right Foot,Normal,False,False,0.0639169
3913104,31534.0,Ella Toone,Manchester United W,1,35,10,97.6,26.0,26.4,Outside box,Regular Play,Blocked,0,Open Play,Right Foot,Normal,False,False,0.018409116
3913104,31534.0,Ella Toone,Manchester United W,1,39,7,101.0,43.3,19.3,Outside box,From Free Kick,Off T,0,Open Play,Right Foot,Volley,True,False,0.056461703
3913104,31539.0,Leah Galton,Manchester United W,1,40,41,92.8,45.9,27.8,Outside box,From Free Kick,Off T,0,Open Play,Left Foot,Normal,True,False,0.026354864
3913104,19417.0,Amy Rodgers,Bristol City WFC,1,43,20,109.3,38.7,10.8,Inside box,From Throw In,Saved,0,Open Play,Head,Normal,False,True,0.0831788
3913104,401932.0,Hinata Miyazawa,Manchester United W,2,49,53,95.0,42.2,25.1,Outside box,From Throw In,Goal,1,Open Play,Right Foot,Normal,True,False,0.036618546
3913104,15788.0,Amalie Grønbak Thestrup,Bristol City WFC,2,51,2,97.3,21.8,29.1,Outside box,Regular Play,Saved,0,Open Play,Right Foot,Normal,False,False,0.009478946
3913104,31539.0,Leah Galton,Manchester United W,2,52,0,111.5,47.2,11.1,Inside box,From Throw In,Off T,0,Open Play,Head,Normal,False,False,0.053520188
3913104,4654.0,Nikita Parris,Manchester United W,2,54,8,113.4,40.5,6.6,Inside box,Regular Play,Goal,1,Open Play,Head,Normal,False,False,0.3195741
3913104,31534.0,Ella Toone,Manchester United W,2,55,52,100.7,34.7,20.0,Outside box,From Throw In,Saved,0,Open Play,Right Foot,Normal,True,False,0.09031493
3913104,31540.0,Katie Zelem,Manchester United W,2,61,9,100.9,44.4,19.6,Outside box,Regular Play,Blocked,0,Open Play,Right Foot,Normal,True,False,0.08272858
3913104,17275.0,Hannah Jayne Blundell,Manchester United W,2,61,51,102.9,33.7,18.2,Inside box,From Corner,Blocked,0,Open Play,Right Foot,Half Volley,True,True,0.02847977
3913104,31534.0,Ella Toone,Manchester United W,2,64,50,106.0,30.3,17.0,Inside box,From Counter,Wayward,0,Open Play,Left Foot,Normal,False,False,0.13604958
3913104,31614.0,Melvine Malard,Manchester United W,2,74,59,116.3,39.3,3.8,Inside box,From Corner,Post,0,Open Play,Head,Normal,False,True,0.23147705
3913104,345061.0,Mari Ward,Bristol City WFC,2,79,35,116.0,33.4,7.7,Inside box,From Throw In,Saved,0,Open Play,Left Foot,Normal,False,False,0.1828782
3913104,15716.0,Emily Syme,Bristol City WFC,2,80,17,101.6,47.8,20.0,Outside box,From Corner,Off T,0,Open Play,Right Foot,Half Volley,True,False,0.038469058
3913104,345061.0,Mari Ward,Bristol City WFC,2,82,42,105.2,32.6,16.5,Inside box,From Counter,Wayward,0,Open Play,Left Foot,Normal,True,False,0.12827182
3913104,31614.0,Melvine Malard,Manchester United W,2,84,59,101.9,42.9,18.3,Outside box,Regular Play,Blocked,0,Open Play,Left Foot,Normal,False,False,0.058715213
3913104,31614.0,Melvine Malard,Manchester United W,2,86,48,111.8,27.4,15.0,Inside box,From Counter,Blocked,0,Open Play,Left Foot,Normal,True,True,0.068652876
3913104,31563.0,Rachel Williams,Manchester United W,2,87,32,111.3,43.2,9.3,Inside box,From Corner,Saved,0,Open Play,Head,Normal,False,False,0.08371383
3913104,31536.0,Millie Turner,Manchester United W,2,88,1,112.5,40.4,7.5,Inside box,From Corner,Off T,0,Open Play,Head,Normal,False,False,0.08545724
3913104,84765.0,Carrie Jones,Bristol City WFC,2,93,16,101.3,51.6,22.0,Outside box,Regular Play,Saved,0,Open Play,Left Foot,Normal,False,True,0.041023932
3913104,25513.0,Lucía García Córdoba,Manchester United W,2,94,2,106.3,31.2,16.3,Inside box,Regular Play,Blocked,0,Open Play,Left Foot,Half Volley,False,False,0.07270049
3913114,25834.0,Viviane Asseyi,West Ham United LFC,1,3,44,99.0,33.9,21.9,Outside box,Regular Play,Saved,0,Open Play,Right Foot,Normal,False,False,0.066598035
3913114,224822.0,Jutta Rantala,Leicester City WFC,1,5,16,112.1,46.9,10.5,Inside box,Regular Play,Wayward,0,Open Play,Right Foot,Backheel,True,True,0.05361857
3913114,15720.0,Sophie Howard,Leicester City WFC,1,11,17,114.6,34.2,7.9,Inside box,From Corner,Off T,0,Open Play,Head,Normal,False,True,0.096320875
3913114,401930.0,Riko Ueki,West Ham United LFC,1,20,15,106.0,22.2,22.6,Inside box,Regular Play,Wayward,0,Open Play,Left Foot,Normal,False,True,0.025875509
3913114,322322.0,Jessica Ziu,West Ham United LFC,1,24,19,104.2,47.9,17.7,Inside box,From Counter,Saved,0,Open Play,Right Foot,Normal,False,True,0.12887388
3913114,25834.0,Viviane Asseyi,West Ham United LFC,1,25,15,105.6,34.3,15.5,Inside box,From Counter,Saved,0,Open Play,Right Foot,Normal,False,False,0.15501086
3913114,401930.0,Riko Ueki,West Ham United LFC,1,28,26,108.9,53.9,17.8,Inside box,From Free Kick,Off T,0,Open Play,Left Foot,Normal,True,True,0.08540821
3913114,322322.0,Jessica Ziu,West Ham United LFC,1,30,1,106.8,43.2,13.6,Inside box,Regular Play,Off T,0,Open Play,Right Foot,Normal,False,False,0.26352227
3913114,224822.0,Jutta Rantala,Leicester City WFC,1,33,18,105.2,27.3,19.5,Inside box,From Throw In,Off T,0,Open Play,Left Foot,Normal,True,False,0.0694283
3913114,10100.0,Janice Cayman,Leicester City WFC,1,35,11,114.1,52.6,13.9,Inside box,From Free Kick,Wayward,0,Open Play,Right Foot,Half Volley,True,True,0.044527598
3913114,135753.0,Samantha Tierney,Leicester City WFC,1,38,29,103.1,40.7,16.9,Inside box,Regular Play,Blocked,0,Open Play,Right Foot,Normal,True,False,0.1374273
3913114,10100.0,Janice Cayman,Leicester City WFC,1,40,32,111.0,32.4,11.8,Inside box,From Corner,Saved,0,Open Play,Right Foot,Volley,True,False,0.08854483
3913114,16374.0,Aileen Whelan,Leicester City WFC,1,45,54,98.3,31.7,23.2,Outside box,Regular Play,Blocked,0,Open Play,Left Foot,Normal,False,False,0.05722836
3913114,401930.0,Riko Ueki,West Ham United LFC,2,46,29,108.7,54.4,18.3,Inside box,From Free Kick,Saved,0,Open Play,Left Foot,Normal,False,True,0.05579043
3913114,25834.0,Viviane Asseyi,West Ham United LFC,2,50,33,104.0,38.1,16.1,Inside box,Regular Play,Off T,0,Open Play,Right Foot,Overhead Kick,True,False,0.050561395
3913114,401930.0,Riko Ueki,West Ham United LFC,2,51,18,115.4,44.6,6.5,Inside box,Regular Play,Blocked,0,Open Play,Head,Normal,False,False,0.16180904
3913114,25834.0,Viviane Asseyi,West Ham United LFC,2,51,23,110.7,36.4,10.0,Inside box,Regular Play,Off T,0,Open Play,Right Foot,Half Volley,True,True,0.10062835
3913114,16374.0,Aileen Whelan,Leicester City WFC,2,56,33,107.7,56.7,20.7,Inside box,From Free Kick,Off T,0,Open Play,Right Foot,Volley,True,True,0.021687016
3913114,10260.0,Lena Petermann,Leicester City WFC,2,67,59,116.4,44.4,5.7,Inside box,From Counter,Goal,1,Open Play,Right Foot,Normal,True,True,0.40353718
3913114,16374.0,Aileen Whelan,Leicester City WFC,2,72,52,105.7,40.8,14.3,Inside box,Regular Play,Wayward,0,Open Play,Left Foot,Normal,False,True,0.14830568
3913114,10260.0,Lena Petermann,Leicester City WFC,2,73,6,115.2,29.8,11.3,Inside box,Regular Play,Blocked,0,Open Play,Left Foot,Normal,True,True,0.07381333
3913114,10260.0,Lena Petermann,Leicester City WFC,2,73,59,109.8,44.3,11.1,Inside box,From Corner,Off T,0,Open Play,Head,Normal,False,True,0.055579677
3913114,46635.0,Emma Harries,West Ham United LFC,2,75,6,103.8,34.3,17.2,Inside box,From Goal Kick,Saved,0,Open Play,Right Foot,Normal,False,True,0.2581178
3913114,10196.0,Kirsty Smith,West Ham United LFC,2,77,55,98.5,18.2,30.6,Outside box,From Throw In,Blocked,0,Open Play,Right Foot,Normal,True,True,0.007733174
3913114,135753.0,Samantha Tierney,Leicester City WFC,2,79,39,114.9,39.8,5.1,Inside box,From Free Kick,Wayward,0,Open Play,Head,Normal,False,True,0.18486257
3913114,16374.0,Aileen Whelan,Leicester City WFC,2,82,14,99.0,49.0,22.8,Outside box,Regular Play,Off T,0,Open Play,Right Foot,Half Volley,True,True,0.03850124
3913114,131653.0,Honoka Hayashi,West Ham United LFC,2,83,25,108.6,29.2,15.7,Inside box,From Throw In,Blocked,0,Open Play,Left Foot,Normal,False,True,0.072801284
3913114,10100.0,Janice Cayman,Leicester City WFC,2,84,36,99.7,53.5,24.4,Outside box,From Free Kick,Blocked,0,Open Play,Left Foot,Normal,False,True,0.03749898
3913114,16374.0,Aileen Whelan,Leicester City WFC,2,95,24,113.8,34.3,8.4,Inside box,From Free Kick,Saved,0,Open Play,Right Foot,Backheel,True,True,0.14364463
3913114,131653.0,Honoka Hayashi,West Ham United LFC,2,97,10,114.9,34.3,7.6,Inside box,Regular Play,Goal,1,Open Play,Other,Normal,False,False,0.22175856
3913114,135753.0,Samantha Tierney,Leicester City WFC,2,98,23,101.5,36.9,18.8,Outside box,Regular Play,Blocked,0,Open Play,Left Foot,Normal,False,False,0.0477695
3913114,10100.0,Janice Cayman,Leicester City WFC,2,98,28,94.3,46.6,26.5,Outside box,Regular Play,Off T,0,Open Play,Left Foot,Normal,False,False,0.043620676
3912600,10650.0,Jill Roord,Manchester City WFC,1,2,20,103.6,35.9,16.9,Inside box,Regular Play,Saved,0,Open Play,Right Foot,Half Volley,False,True,0.05427469
3912600,15555.0,Lauren Hemp,Manchester City WFC,1,3,1,115.4,34.1,7.5,Inside box,From Corner,Blocked,0,Open Play,Head,Normal,False,False,0.109643824
3912600,15555.0,Lauren Hemp,Manchester City WFC,1,3,14,107.5,33.4,14.1,Inside box,From Corner,Saved,0,Open Play,Left Foot,Volley,True,True,0.16434711
3912600,15570.0,Chloe Kelly,Manchester City WFC,1,6,16,95.0,46.5,25.8,Outside box,From Throw In,Goal,1,Open Play,Right Foot,Normal,False,False,0.030649478
3912600,15631.0,Niamh Charles,Chelsea FCW,1,8,22,114.1,34.1,8.3,Inside box,From Corner,Blocked,0,Open Play,Left Foot,Volley,True,False,0.094084226
3912600,10252.0,Alex Greenwood,Manchester City WFC,1,11,34,100.6,24.8,24.6,Outside box,From Free Kick,Saved,0,Free Kick,Left Foot,Normal,False,False,0.054509778
3912600,4642.0,Millie Bright,Chelsea FCW,1,24,51,113.1,37.1,7.5,Inside box,From Corner,Blocked,0,Open Play,Head,Normal,False,True,0.09679518
3912600,31531.0,Lauren James,Chelsea FCW,1,25,4,97.0,25.9,27.0,Outside box,From Corner,Blocked,0,Open Play,Left Foot,Normal,False,True,0.025138663
3912600,15549.0,Sophie Louise Ingle,Chelsea FCW,1,25,8,111.5,39.1,8.5,Inside box,From Corner,Saved,0,Open Play,Head,Normal,False,False,0.111714885
3912600,19422.0,Jessica Carter,Chelsea FCW,1,25,10,111.0,42.9,9.5,Inside box,From Corner,Blocked,0,Open Play,Left Foot,Normal,True,False,0.11901636
3912600,4660.0,Erin Cuthbert,Chelsea FCW,1,29,52,100.3,35.0,20.3,Outside box,From Corner,Blocked,0,Open Play,Left Foot,Half Volley,False,False,0.046928894
3912600,32210.0,Laia Aleixandri López,Manchester City WFC,1,33,25,108.5,38.3,11.6,Inside box,From Corner,Off T,0,Open Play,Head,Normal,False,True,0.04238125
3912600,4642.0,Millie Bright,Chelsea FCW,1,42,7,86.7,39.3,33.3,Outside box,Regular Play,Blocked,0,Open Play,Left Foot,Normal,False,False,0.022222526
3912600,361311.0,Mia Renee Fishel,Chelsea FCW,1,47,14,112.8,34.8,8.9,Inside box,From Corner,Off T,0,Open Play,Right Foot,Normal,True,True,0.25854093
3912600,15570.0,Chloe Kelly,Manchester City WFC,2,46,52,100.3,28.1,23.0,Outside box,From Counter,Saved,0,Open Play,Right Foot,Normal,False,False,0.066860296
3912600,31531.0,Lauren James,Chelsea FCW,2,48,13,107.1,30.8,15.8,Inside box,Regular Play,Blocked,0,Open Play,Right Foot,Normal,False,True,0.13284758
3912600,4660.0,Erin Cuthbert,Chelsea FCW,2,51,46,101.6,40.4,18.4,Outside box,Regular Play,Off T,0,Open Play,Right Foot,Normal,False,True,0.07743608
3912600,31531.0,Lauren James,Chelsea FCW,2,77,57,95.2,47.2,25.8,Outside box,Regular Play,Post,0,Open Play,Left Foot,Normal,False,False,0.029107366
3912600,4961.0,Samantha May Kerr,Chelsea FCW,2,81,44,113.1,35.9,8.0,Inside box,From Free Kick,Wayward,0,Open Play,Head,Normal,False,True,0.13588068
3912600,25554.0,Khadija Monifa Shaw,Manchester City WFC,2,83,10,111.6,39.0,8.5,Inside box,Regular Play,Blocked,0,Open Play,Right Foot,Half Volley,True,True,0.14737459
3912600,4642.0,Millie Bright,Chelsea FCW,2,87,19,114.7,33.5,8.4,Inside box,From Throw In,Saved,0,Open Play,Head,Normal,False,False,0.09367689
3912600,4642.0,Millie Bright,Chelsea FCW,2,92,52,111.4,34.9,10.0,Inside box,From Throw In,Post,0,Open Play,Head,Normal,False,True,0.06847995
3912600,4961.0,Samantha May Kerr,Chelsea FCW,2,92,56,110.9,39.3,9.1,Inside box,From Throw In,Wayward,0,Open Play,Left Foot,Half Volley,True,True,0.18451212
3912600,4642.0,Millie Bright,Chelsea FCW,2,95,4,115.4,38.0,5.0,Inside box,From Corner,Saved,0,Open Play,Head,Normal,False,False,0.16652681
3912600,15648.0,Melanie Leupolz,Chelsea FCW,2,95,7,116.1,37.3,4.7,Inside box,From Corner,Blocked,0,Open Play,Left Foot,Normal,True,False,0.17524439
3912600,10514.0,Guro Reiten,Chelsea FCW,2,95,8,114.7,39.4,5.3,Inside box,From Corner,Goal,1,Open Play,Right Foot,Normal,False,True,0.20530038
3912600,62709.0,Jelena Canković,Chelsea FCW,2,96,19,95.5,39.4,24.5,Outside box,Regular Play,Blocked,0,Open Play,Left Foot,Normal,False,False,0.035097186
3912600,31531.0,Lauren James,Chelsea FCW,2,97,27,93.3,41.8,26.8,Outside box,From Throw In,Blocked,0,Open Play,Left Foot,Normal,False,False,0.02807808
3912600,4961.0,Samantha May Kerr,Chelsea FCW,2,100,54,111.5,33.0,11.0,Inside box,Regular Play,Post,0,Open Play,Head,Normal,False,True,0.062143877
3913152,31531.0,Lauren James,Chelsea FCW,1,0,11,94.5,36.6,25.7,Outside box,From Kick Off,Blocked,0,Open Play,Right Foot,Normal,True,False,0.03735332
3913152,31531.0,Lauren James,Chelsea FCW,1,1,14,95.5,48.0,25.8,Outside box,Regular Play,Off T,0,Open Play,Left Foot,Normal,False,False,0.032071665
3913152,15616.0,Kim Little,Arsenal WFC,1,8,17,106.1,53.0,19.0,Inside box,From Free Kick,Saved Off Target,0,Open Play,Right Foot,Normal,True,False,0.053010847
3913152,5000.0,Stephanie-Elise Catley,Arsenal WFC,1,9,7,114.6,53.0,14.1,Inside box,From Corner,Saved,0,Open Play,Left Foot,Normal,False,False,0.050590634
3913152,31531.0,Lauren James,Chelsea FCW,1,14,5,111.8,51.9,14.5,Inside box,Regular Play,Goal,1,Open Play,Right Foot,Normal,False,True,0.1409368
3913152,4660.0,Erin Cuthbert,Chelsea FCW,1,20,6,95.8,49.0,25.8,Outside box,Regular Play,Wayward,0,Open Play,Right Foot,Normal,True,False,0.02883206
3913152,47008.0,Sjoeke Nüsken,Chelsea FCW,1,20,6,110.3,38.5,9.8,Inside box,Regular Play,Goal,1,Open Play,Left Foot,Normal,True,True,0.38022262
3913152,15619.0,Bethany Mead,Arsenal WFC,1,24,36,95.4,30.5,26.4,Outside box,From Free Kick,Off T,0,Free Kick,Right Foot,Normal,False,False,0.06313255
3913152,62710.0,Johanna Rytting-Kaneryd,Chelsea FCW,1,31,2,103.8,47.1,17.7,Inside box,From Counter,Blocked,0,Open Play,Left Foot,Normal,False,True,0.13098618
3913152,47008.0,Sjoeke Nüsken,Chelsea FCW,1,31,2,109.7,44.9,11.4,Inside box,From Counter,Goal,1,Open Play,Other,Normal,False,False,0.24235508
3913152,31531.0,Lauren James,Chelsea FCW,1,32,51,88.6,49.1,32.7,Outside box,From Counter,Off T,0,Open Play,Right Foot,Lob,False,False,0.024980767
3913152,15648.0,Melanie Leupolz,Chelsea FCW,1,37,26,91.0,37.5,29.1,Outside box,From Free Kick,Blocked,0,Open Play,Right Foot,Normal,False,False,0.025062725
3913152,10514.0,Guro Reiten,Chelsea FCW,1,42,23,99.1,37.7,21.0,Outside box,From Free Kick,Off T,0,Free Kick,Left Foot,Normal,False,False,0.085810654
3913152,31531.0,Lauren James,Chelsea FCW,1,46,37,100.9,55.3,24.5,Outside box,From Corner,Off T,0,Open Play,Left Foot,Normal,False,False,0.02737423
3913152,15620.0,Katie McCabe,Arsenal WFC,2,46,28,91.7,28.9,30.4,Outside box,From Throw In,Off T,0,Open Play,Left Foot,Normal,False,False,0.023238748
3913152,49697.0,Carlotte Wubben-Moy,Arsenal WFC,2,53,4,113.4,45.4,8.5,Inside box,From Free Kick,Off T,0,Open Play,Head,Normal,False,True,0.088213034
3913152,62710.0,Johanna Rytting-Kaneryd,Chelsea FCW,2,53,41,109.7,45.3,11.6,Inside box,From Goal Kick,Saved,0,Open Play,Right Foot,Normal,False,False,0.3635745
3913152,31531.0,Lauren James,Chelsea FCW,2,60,59,111.1,33.5,11.0,Inside box,From Keeper,Saved,0,Open Play,Left Foot,Normal,False,False,0.4406487
3913152,47521.0,Alessia Russo,Arsenal WFC,2,61,25,103.4,36.0,17.1,Inside box,Regular Play,Blocked,0,Open Play,Right Foot,Normal,False,False,0.04451168
3913152,62710.0,Johanna Rytting-Kaneryd,Chelsea FCW,2,67,11,107.8,42.8,12.5,Inside box,From Free Kick,Saved,0,Open Play,Left Foot,Normal,True,False,0.30919996
3913152,47521.0,Alessia Russo,Arsenal WFC,2,68,40,110.8,55.0,17.6,Inside box,Regular Play,Blocked,0,Open Play,Right Foot,Half Volley,False,True,0.050946906
3913152,31531.0,Lauren James,Chelsea FCW,2,73,46,107.1,20.5,23.4,Inside box,Regular Play,Blocked,0,Open Play,Right Foot,Normal,False,False,0.009176384
3913152,62710.0,Johanna Rytting-Kaneryd,Chelsea FCW,2,74,29,115.7,33.6,7.7,Inside box,From Corner,Blocked,0,Open Play,Head,Normal,False,True,0.1139543
3913152,10516.0,Frida Maanum,Arsenal WFC,2,85,24,115.0,47.5,9.0,Inside box,From Corner,Blocked,0,Open Play,Head,Normal,False,False,0.09214866
3913152,15616.0,Kim Little,Arsenal WFC,2,85,45,100.9,42.0,19.2,Outside box,From Corner,Wayward,0,Open Play,Right Foot,Half Volley,True,False,0.048873194
3913152,47521.0,Alessia Russo,Arsenal WFC,2,88,58,101.2,35.5,19.3,Outside box,From Throw In,Saved,0,Open Play,Right Foot,Normal,True,False,0.06289066
3913152,10516.0,Frida Maanum,Arsenal WFC,2,92,44,93.0,37.4,27.1,Outside box,From Throw In,Off T,0,Open Play,Left Foot,Half Volley,False,False,0.04349857
3913152,15290.0,Ashley Elizabeth Marie Lawrence,Chelsea FCW,2,93,41,111.6,26.2,16.2,Inside box,From Goal Kick,Saved,0,Open Play,Right Foot,Normal,False,False,0.038635667
3913152,15648.0,Melanie Leupolz,Chelsea FCW,2,93,44,101.4,34.1,19.5,Outside box,From Goal Kick,Blocked,0,Open Play,Left Foot,Normal,True,True,0.053985197
3913142,15619.0,Bethany Mead,Arsenal WFC,1,0,52,104.4,56.6,22.8,Inside box,From Throw In,Blocked,0,Open Play,Right Foot,Normal,False,False,0.029105818
3913142,11338.0,Caitlin Jade Foord,Arsenal WFC,1,1,27,101.9,51.0,21.2,Outside box,From Corner,Blocked,0,Open Play,Right Foot,Volley,True,False,0.028462932
3913142,47521.0,Alessia Russo,Arsenal WFC,1,3,16,109.3,43.2,11.2,Inside box,From Corner,Saved,0,Open Play,Left Foot,Half Volley,True,True,0.09120212
3913142,47521.0,Alessia Russo,Arsenal WFC,1,4,12,116.6,36.7,4.7,Inside box,From Corner,Off T,0,Open Play,Left Foot,Volley,True,False,0.55711013
3913142,47521.0,Alessia Russo,Arsenal WFC,1,10,38,107.2,38.9,12.8,Inside box,From Corner,Blocked,0,Open Play,Right Foot,Normal,False,False,0.06693544
3913142,15620.0,Katie McCabe,Arsenal WFC,1,16,48,92.4,46.2,28.3,Outside box,Regular Play,Wayward,0,Open Play,Left Foot,Volley,True,False,0.017884836
3913142,31558.0,Martha Thomas,Tottenham Hotspur Women,1,17,5,113.1,53.0,14.7,Inside box,Regular Play,Saved,0,Open Play,Left Foot,Normal,False,False,0.074713886
3913142,15619.0,Bethany Mead,Arsenal WFC,1,22,30,111.5,50.4,13.4,Inside box,Regular Play,Blocked,0,Open Play,Left Foot,Normal,False,False,0.0904361
3913142,61467.0,Jessica Naz,Tottenham Hotspur Women,1,23,52,111.0,24.5,17.9,Inside box,From Keeper,Saved to Post,0,Open Play,Right Foot,Normal,False,False,0.04424605
3913142,31551.0,Kit Graham,Tottenham Hotspur Women,1,25,6,112.4,43.2,8.2,Inside box,From Corner,Off T,0,Open Play,Right Foot,Volley,True,False,0.0723924
3913142,47521.0,Alessia Russo,Arsenal WFC,1,37,32,113.5,47.8,10.2,Inside box,From Corner,Blocked,0,Open Play,Head,Normal,False,True,0.048444465
3913142,15620.0,Katie McCabe,Arsenal WFC,1,41,23,103.1,55.7,23.1,Inside box,From Throw In,Saved,0,Open Play,Left Foot,Normal,True,False,0.0357925
3913142,46740.0,Grace Clinton,Tottenham Hotspur Women,1,43,2,97.0,57.0,28.6,Outside box,Regular Play,Saved,0,Open Play,Right Foot,Normal,False,False,0.01563195
3913142,15620.0,Katie McCabe,Arsenal WFC,2,46,8,95.6,41.7,24.5,Outside box,From Throw In,Blocked,0,Open Play,Left Foot,Normal,True,False,0.035015624
3913142,47521.0,Alessia Russo,Arsenal WFC,2,48,3,115.2,40.0,4.8,Inside box,Regular Play,Goal,1,Open Play,Right Foot,Normal,True,False,0.6508905
3913142,5000.0,Stephanie-Elise Catley,Arsenal WFC,2,58,37,103.9,30.5,18.7,Inside box,Regular Play,Blocked,0,Open Play,Left Foot,Normal,False,False,0.054707196
3913142,15620.0,Katie McCabe,Arsenal WFC,2,66,30,116.4,44.8,6.0,Inside box,From Free Kick,Wayward,0,Open Play,Left Foot,Backheel,True,False,0.14569452
3913142,46533.0,Ramona Petzelberger,Tottenham Hotspur Women,2,75,20,104.4,51.1,19.1,Inside box,Regular Play,Blocked,0,Open Play,Left Foot,Normal,False,False,0.044027038
3913142,15619.0,Bethany Mead,Arsenal WFC,2,79,14,94.0,30.9,27.5,Outside box,From Free Kick,Saved,0,Free Kick,Right Foot,Normal,False,False,0.057994746
3913142,15550.0,Bethany England,Tottenham Hotspur Women,2,90,40,112.0,37.7,8.3,Inside box,Regular Play,Wayward,0,Open Play,Head,Normal,False,True,0.15045792
3912599,10196.0,Kirsty Smith,West Ham United LFC,1,0,49,111.8,36.8,8.8,Inside box,From Keeper,Off T,0,Open Play,Right Foot,Normal,True,True,0.14063661
3912599,401930.0,Riko Ueki,West Ham United LFC,1,11,20,97.1,38.9,22.9,Outside box,Regular Play,Saved to Post,0,Open Play,Right Foot,Normal,False,True,0.042785347
3912599,10196.0,Kirsty Smith,West Ham United LFC,1,11,24,116.6,34.9,6.1,Inside box,From Counter,Goal,1,Open Play,Right Foot,Half Volley,True,False,0.465509
3912599,276301.0,Elisabeth Terland,Brighton & Hove Albion WFC,1,19,22,103.0,61.7,27.6,Inside box,From Throw In,Saved,0,Open Play,Right Foot,Normal,False,True,0.009674131
3912599,370018.0,Shannon Cooke,West Ham United LFC,1,25,4,114.4,44.3,7.1,Inside box,From Free Kick,Off T,0,Open Play,Head,Normal,False,False,0.20929155
3912599,21059.0,Katie Robinson,Brighton & Hove Albion WFC,1,27,4,101.1,55.1,24.2,Outside box,From Counter,Blocked,0,Open Play,Right Foot,Normal,False,False,0.035312746
3912599,25453.0,Geum-Min Lee,Brighton & Hove Albion WFC,1,28,17,108.5,30.4,15.0,Inside box,Regular Play,Blocked,0,Open Play,Right Foot,Normal,False,False,0.0877443
3912599,25834.0,Viviane Asseyi,West Ham United LFC,1,32,46,87.2,44.2,33.1,Outside box,Regular Play,Off T,0,Open Play,Right Foot,Normal,False,False,0.023633532
3912599,276301.0,Elisabeth Terland,Brighton & Hove Albion WFC,1,40,47,109.4,37.8,10.8,Inside box,From Throw In,Off T,0,Open Play,Head,Normal,False,True,0.08703065
3912599,276301.0,Elisabeth Terland,Brighton & Hove Albion WFC,1,41,30,109.5,51.5,15.6,Inside box,Regular Play,Blocked,0,Open Play,Right Foot,Normal,True,True,0.06660846
3912599,20725.0,Pauline Bremer,Brighton & Hove Albion WFC,1,44,50,112.4,50.7,13.1,Inside box,Regular Play,Saved,0,Open Play,Right Foot,Normal,False,True,0.12442597
3912599,276301.0,Elisabeth Terland,Brighton & Hove Albion WFC,1,44,57,108.2,45.1,12.9,Inside box,Regular Play,Off T,0,Open Play,Right Foot,Half Volley,True,False,0.15362886
3912599,276301.0,Elisabeth Terland,Brighton & Hove Albion WFC,1,45,37,110.1,32.2,12.6,Inside box,From Counter,Off T,0,Open Play,Left Foot,Normal,True,False,0.1770632
3912599,401930.0,Riko Ueki,West Ham United LFC,2,50,56,109.0,35.5,11.9,Inside box,From Free Kick,Goal,1,Open Play,Head,Normal,False,False,0.0733956
3912599,401930.0,Riko Ueki,West Ham United LFC,2,53,16,109.7,31.0,13.7,Inside box,Other,Saved,0,Open Play,Left Foot,Normal,True,True,0.24555808
3912599,50193.0,Anouk Denton,West Ham United LFC,2,58,4,100.5,40.2,19.5,Outside box,Regular Play,Saved,0,Open Play,Left Foot,Normal,False,True,0.12205205
3912599,401930.0,Riko Ueki,West Ham United LFC,2,77,5,103.0,42.7,17.2,Inside box,Other,Off T,0,Open Play,Right Foot,Normal,True,False,0.10710363
3912599,405188.0,Madison Haley,Brighton & Hove Albion WFC,2,81,35,117.8,48.5,8.8,Inside box,From Counter,Saved,0,Open Play,Right Foot,Normal,False,False,0.088794865
3912599,25834.0,Viviane Asseyi,West Ham United LFC,2,86,24,98.5,40.9,21.5,Outside box,Regular Play,Off T,0,Open Play,Right Foot,Normal,False,False,0.047709413
3912599,85004.0,Maisie Symonds,Brighton & Hove Albion WFC,2,88,42,101.3,22.0,26.0,Outside box,From Throw In,Blocked,0,Open Play,Right Foot,Half Volley,True,False,0.018510345
3912599,105102.0,Veatriki Sarri,Brighton & Hove Albion WFC,2,89,45,91.6,52.5,31.0,Outside box,From Free Kick,Off T,0,Free Kick,Left Foot,Normal,False,False,0.03172094
3912599,405188.0,Madison Haley,Brighton & Hove Albion WFC,2,91,48,100.7,39.4,19.3,Outside box,From Throw In,Blocked,0,Open Play,Right Foot,Normal,False,True,0.051710032
3912599,276301.0,Elisabeth Terland,Brighton & Hove Albion WFC,2,93,5,89.6,36.3,30.6,Outside box,Regular Play,Off T,0,Open Play,Right Foot,Normal,False,False,0.023236448
3912599,26094.0,Julia Zigiotti-Olme,Brighton & Hove Albion WFC,2,94,16,93.1,47.1,27.8,Outside box,Regular Play,Blocked,0,Open Play,Right Foot,Normal,False,True,0.013311733
3913093,31531.0,Lauren James,Chelsea FCW,1,2,47,103.7,22.0,24.3,Inside box,From Corner,Saved,0,Open Play,Right Foot,Normal,False,True,0.02227919
3913093,81580.0,Agnes Beever-Jones,Chelsea FCW,1,2,49,111.6,49.8,12.9,Inside box,From Corner,Blocked,0,Open Play,Right Foot,Volley,True,False,0.061044514
3913093,4660.0,Erin Cuthbert,Chelsea FCW,1,3,33,95.5,53.4,27.9,Outside box,From Throw In,Blocked,0,Open Play,Right Foot,Normal,False,False,0.019732654
3913093,31531.0,Lauren James,Chelsea FCW,1,10,32,113.1,30.0,12.1,Inside box,Regular Play,Goal,1,Open Play,Left Foot,Normal,False,False,0.2972452
3913093,10418.0,Eve Perisset,Chelsea FCW,1,19,4,98.1,57.3,27.9,Outside box,From Free Kick,Off T,0,Free Kick,Right Foot,Normal,False,False,0.031158885
3913093,322359.0,Ceri Holland,Liverpool WFC,1,20,15,107.3,41.2,12.8,Inside box,Regular Play,Wayward,0,Open Play,Head,Normal,False,True,0.04673898
3913093,19687.0,Taylor Hinds,Liverpool WFC,1,22,21,93.3,29.5,28.7,Outside box,Regular Play,Off T,0,Open Play,Right Foot,Half Volley,True,True,0.017936528
3913093,81580.0,Agnes Beever-Jones,Chelsea FCW,1,23,13,115.0,44.3,6.6,Inside box,From Throw In,Goal,1,Open Play,Head,Normal,False,False,0.25821438
3913093,31531.0,Lauren James,Chelsea FCW,1,25,0,101.8,26.7,22.5,Outside box,Regular Play,Saved,0,Open Play,Right Foot,Normal,False,False,0.029155783
3913093,4961.0,Samantha May Kerr,Chelsea FCW,1,25,1,113.8,44.3,7.5,Inside box,Regular Play,Off T,0,Open Play,Right Foot,Half Volley,True,True,0.35992533
3913093,4660.0,Erin Cuthbert,Chelsea FCW,1,29,11,101.9,35.7,18.6,Outside box,From Corner,Blocked,0,Open Play,Right Foot,Half Volley,True,False,0.046480857
3913093,81580.0,Agnes Beever-Jones,Chelsea FCW,1,31,44,97.8,45.1,22.8,Outside box,Other,Off T,0,Open Play,Right Foot,Half Volley,False,True,0.030221252
3913093,34232.0,Grace Fisk,Liverpool WFC,1,38,19,112.6,36.4,8.2,Inside box,From Corner,Wayward,0,Open Play,Head,Normal,False,False,0.08539913
3913093,32403.0,Emma Wilhelmina Koivisto,Liverpool WFC,1,38,23,91.0,38.9,29.0,Outside box,From Corner,Blocked,0,Open Play,Right Foot,Half Volley,True,False,0.017278787
3913093,10648.0,Shanice van de Sanden,Liverpool WFC,2,46,3,98.7,38.4,21.4,Outside box,Regular Play,Saved,0,Open Play,Right Foot,Normal,False,True,0.030037096
3913093,47008.0,Sjoeke Nüsken,Chelsea FCW,2,47,59,119.4,31.4,8.6,Inside box,From Throw In,Saved,0,Open Play,Head,Normal,False,True,0.018553818
3913093,15549.0,Sophie Louise Ingle,Chelsea FCW,2,48,1,117.2,36.3,4.6,Inside box,From Throw In,Blocked,0,Open Play,Right Foot,Half Volley,True,True,0.22111459
3913093,81580.0,Agnes Beever-Jones,Chelsea FCW,2,51,3,99.5,61.6,29.8,Outside box,Regular Play,Saved,0,Open Play,Right Foot,Normal,True,False,0.009083707
3913093,10648.0,Shanice van de Sanden,Liverpool WFC,2,54,32,95.0,33.8,25.8,Outside box,From Throw In,Off T,0,Open Play,Right Foot,Normal,True,False,0.03371078
3913093,31531.0,Lauren James,Chelsea FCW,2,55,50,106.8,24.7,20.2,Inside box,Regular Play,Goal,1,Open Play,Left Foot,Normal,False,False,0.04934682
3913093,4961.0,Samantha May Kerr,Chelsea FCW,2,62,17,102.3,35.9,18.2,Inside box,From Counter,Saved,0,Open Play,Right Foot,Normal,True,False,0.34627163
3913093,31531.0,Lauren James,Chelsea FCW,2,63,47,110.5,40.5,9.5,Inside box,Regular Play,Goal,1,Open Play,Right Foot,Normal,True,True,0.14499277
3913093,24706.0,Sophie Roman Haug,Liverpool WFC,2,68,44,114.6,43.8,6.6,Inside box,From Free Kick,Saved,0,Open Play,Head,Normal,False,False,0.18465921
3913093,15549.0,Sophie Louise Ingle,Chelsea FCW,2,71,19,105.1,39.7,14.9,Inside box,Regular Play,Blocked,0,Open Play,Head,Normal,False,False,0.050986346
3913093,47008.0,Sjoeke Nüsken,Chelsea FCW,2,72,39,110.3,42.2,9.9,Inside box,From Corner,Wayward,0,Open Play,Head,Normal,False,True,0.052908152
3913093,47008.0,Sjoeke Nüsken,Chelsea FCW,2,77,47,117.8,38.1,2.9,Inside box,Regular Play,Goal,1,Open Play,Left Foot,Half Volley,True,False,0.77528703
3913093,19687.0,Taylor Hinds,Liverpool WFC,2,79,46,93.4,31.1,28.0,Outside box,Regular Play,Off T,0,Open Play,Left Foot,Normal,True,False,0.026973454
3913093,24706.0,Sophie Roman Haug,Liverpool WFC,2,80,58,110.4,50.8,14.4,Inside box,From Goal Kick,Saved,0,Open Play,Right Foot,Normal,True,False,0.29230124
3913093,55069.0,Lucy Parry,Liverpool WFC,2,82,54,108.4,56.0,19.8,Inside box,Regular Play,Saved,0,Open Play,Right Foot,Half Volley,False,True,0.024477802
3913093,15290.0,Ashley Elizabeth Marie Lawrence,Chelsea FCW,2,93,42,109.5,29.9,14.6,Inside box,From Corner,Blocked,0,Open Play,Left Foot,Normal,True,False,0.086713865
3913083,25554.0,Khadija Monifa Shaw,Manchester City WFC,1,1,37,109.1,25.3,18.3,Inside box,Regular Play,Off T,0,Open Play,Left Foot,Normal,False,False,0.030168157
3913083,25554.0,Khadija Monifa Shaw,Manchester City WFC,1,3,45,102.9,53.8,22.0,Inside box,Regular Play,Blocked,0,Open Play,Right Foot,Normal,True,True,0.021315351
3913083,15570.0,Chloe Kelly,Manchester City WFC,1,7,37,113.9,58.3,19.3,Inside box,Regular Play,Off T,0,Open Play,Right Foot,Lob,False,False,0.037598066
3913083,25554.0,Khadija Monifa Shaw,Manchester City WFC,1,10,25,105.0,50.8,18.5,Inside box,From Throw In,Saved,0,Open Play,Left Foot,Normal,False,False,0.059328932
3913083,15570.0,Chloe Kelly,Manchester City WFC,1,10,53,105.7,40.2,14.3,Inside box,Regular Play,Off T,0,Open Play,Left Foot,Normal,False,True,0.09159565
3913083,5000.0,Stephanie-Elise Catley,Arsenal WFC,1,13,9,108.7,28.8,15.9,Inside box,From Free Kick,Goal,1,Open Play,Left Foot,Normal,False,True,0.110652134
3913083,15616.0,Kim Little,Arsenal WFC,1,19,7,108.1,40.1,11.9,Inside box,Other,Saved to Post,0,Penalty,Right Foot,Normal,False,False,0.7835
3913083,26092.0,Amanda Ilestedt,Arsenal WFC,1,19,42,108.2,46.3,13.4,Inside box,From Corner,Off T,0,Open Play,Right Foot,Volley,True,False,0.13897786
3913083,47521.0,Alessia Russo,Arsenal WFC,1,20,51,101.1,58.1,26.2,Outside box,From Throw In,Blocked,0,Open Play,Right Foot,Half Volley,False,False,0.013744596
3913083,11338.0,Caitlin Jade Foord,Arsenal WFC,1,21,28,92.5,35.1,27.9,Outside box,Regular Play,Saved,0,Open Play,Right Foot,Normal,False,True,0.027435496
3913083,62906.0,Cloé Zoé Eyja Lacasse,Arsenal WFC,1,22,28,100.0,55.0,25.0,Outside box,From Keeper,Blocked,0,Open Play,Left Foot,Normal,False,True,0.01873791
3913083,10650.0,Jill Roord,Manchester City WFC,1,37,35,96.2,43.6,24.1,Outside box,From Throw In,Saved,0,Open Play,Right Foot,Normal,False,False,0.045836456
3913083,15620.0,Katie McCabe,Arsenal WFC,1,43,32,96.9,57.0,28.7,Outside box,From Throw In,Saved,0,Open Play,Left Foot,Normal,False,False,0.017112998
3913083,10163.0,Leila Ouahabi El Ouahabi,Manchester City WFC,1,45,16,98.4,31.0,23.4,Outside box,Regular Play,Blocked,0,Open Play,Left Foot,Half Volley,True,True,0.027345743
3913083,15570.0,Chloe Kelly,Manchester City WFC,2,45,51,104.5,26.9,20.3,Inside box,Regular Play,Off T,0,Open Play,Left Foot,Normal,False,False,0.0840274
3913083,25554.0,Khadija Monifa Shaw,Manchester City WFC,2,49,7,116.3,54.5,15.0,Inside box,From Counter,Off T,0,Open Play,Right Foot,Normal,False,True,0.01267845
3913083,25554.0,Khadija Monifa Shaw,Manchester City WFC,2,50,40,100.7,42.9,19.5,Outside box,From Free Kick,Off T,0,Open Play,Right Foot,Normal,False,True,0.030541552
3913083,25554.0,Khadija Monifa Shaw,Manchester City WFC,2,58,20,112.4,44.7,8.9,Inside box,Regular Play,Post,0,Open Play,Head,Diving Header,False,False,0.23736349
3913083,10516.0,Frida Maanum,Arsenal WFC,2,62,3,97.7,17.6,31.6,Outside box,From Throw In,Blocked,0,Open Play,Right Foot,Normal,False,False,0.0065906486
3913083,25554.0,Khadija Monifa Shaw,Manchester City WFC,2,71,4,111.8,35.9,9.2,Inside box,Regular Play,Blocked,0,Open Play,Right Foot,Normal,True,True,0.09659197
3913083,191851.0,Julie Blakstad,Manchester City WFC,2,71,5,106.0,33.6,15.4,Inside box,Regular Play,Blocked,0,Open Play,Right Foot,Half Volley,True,False,0.07077587
3913083,15570.0,Chloe Kelly,Manchester City WFC,2,71,12,107.5,40.9,12.5,Inside box,Regular Play,Goal,1,Open Play,Left Foot,Normal,True,True,0.11906006
3913083,15570.0,Chloe Kelly,Manchester City WFC,2,85,3,92.0,57.4,33.0,Outside box,Regular Play,Off T,0,Open Play,Right Foot,Lob,False,False,0.009490271
3913083,10229.0,Emma Stina Blackstenius,Arsenal WFC,2,86,37,105.1,48.6,17.2,Inside box,From Counter,Goal,1,Open Play,Right Foot,Normal,False,False,0.95710653
3913083,35693.0,Mary Boio Fowler,Manchester City WFC,2,100,30,100.6,26.3,23.7,Outside box,Regular Play,Saved,0,Open Play,Right Foot,Normal,False,False,0.034119036
3913083,25554.0,Khadija Monifa Shaw,Manchester City WFC,2,101,4,114.0,37.1,6.7,Inside box,From Corner,Off T,0,Open Play,Head,Normal,False,True,0.11739993
3913083,10516.0,Frida Maanum,Arsenal WFC,2,107,1,94.8,29.9,27.1,Outside box,Regular Play,Saved,0,Open Play,Right Foot,Normal,False,False,0.027465066
3913130,15619.0,Bethany Mead,Arsenal WFC,1,18,27,108.8,46.4,12.9,Inside box,From Throw In,Blocked,0,Open Play,Head,Normal,False,True,0.034284733
3913130,5000.0,Stephanie-Elise Catley,Arsenal WFC,1,20,2,105.2,30.1,17.8,Inside box,From Corner,Blocked,0,Open Play,Right Foot,Normal,True,False,0.05370229
3913130,15623.0,Vivianne Miedema,Arsenal WFC,1,20,4,108.1,41.9,12.1,Inside box,From Corner,Blocked,0,Open Play,Left Foot,Normal,True,False,0.10279039
3913130,47521.0,Alessia Russo,Arsenal WFC,1,20,8,105.6,39.0,14.4,Inside box,From Corner,Saved,0,Open Play,Right Foot,Half Volley,True,False,0.06447847
3913130,11338.0,Caitlin Jade Foord,Arsenal WFC,1,22,5,106.0,46.0,15.2,Inside box,Regular Play,Blocked,0,Open Play,Right Foot,Half Volley,False,False,0.050797056
3913130,47521.0,Alessia Russo,Arsenal WFC,1,22,12,111.4,41.4,8.7,Inside box,Regular Play,Off T,0,Open Play,Head,Normal,False,False,0.09470341
3913130,25834.0,Viviane Asseyi,West Ham United LFC,1,34,9,106.0,50.8,17.7,Inside box,From Counter,Off T,0,Open Play,Right Foot,Normal,True,False,0.11706327
3913130,15623.0,Vivianne Miedema,Arsenal WFC,1,36,51,112.0,32.2,11.2,Inside box,Regular Play,Post,0,Open Play,Left Foot,Normal,False,False,0.35649583
3913130,47521.0,Alessia Russo,Arsenal WFC,1,42,5,114.2,43.9,7.0,Inside box,From Corner,Goal,1,Open Play,Head,Normal,False,False,0.3030144
3913130,5000.0,Stephanie-Elise Catley,Arsenal WFC,1,44,27,101.4,35.2,19.2,Outside box,Regular Play,Saved,0,Open Play,Left Foot,Normal,False,False,0.053201832
3913130,401930.0,Riko Ueki,West Ham United LFC,2,46,29,102.5,47.7,19.1,Inside box,From Counter,Wayward,0,Open Play,Right Foot,Half Volley,True,False,0.06539959
3913130,25834.0,Viviane Asseyi,West Ham United LFC,2,49,38,108.1,40.1,11.9,Inside box,Other,Goal,1,Penalty,Right Foot,Normal,False,False,0.7835
3913130,31157.0,Hawa Cissoko,West Ham United LFC,2,57,52,103.4,44.6,17.2,Inside box,From Free Kick,Goal,1,Open Play,Left Foot,Half Volley,True,False,0.14728665
3913130,15619.0,Bethany Mead,Arsenal WFC,2,61,59,110.2,46.3,11.7,Inside box,From Throw In,Blocked,0,Open Play,Right Foot,Normal,False,False,0.07789484
3913130,47521.0,Alessia Russo,Arsenal WFC,2,63,46,108.4,41.8,11.7,Inside box,From Throw In,Off T,0,Open Play,Right Foot,Half Volley,True,False,0.2098942
3913130,47521.0,Alessia Russo,Arsenal WFC,2,66,8,103.2,35.7,17.3,Inside box,From Goal Kick,Off T,0,Open Play,Right Foot,Half Volley,True,False,0.056579374
3913130,11338.0,Caitlin Jade Foord,Arsenal WFC,2,69,58,99.4,20.2,28.6,Outside box,From Corner,Blocked,0,Open Play,Right Foot,Normal,False,False,0.009289413
3913130,5000.0,Stephanie-Elise Catley,Arsenal WFC,2,70,29,108.7,28.6,16.1,Inside box,From Corner,Blocked,0,Open Play,Left Foot,Normal,True,False,0.07488362
3913130,47521.0,Alessia Russo,Arsenal WFC,2,74,37,99.8,26.7,24.2,Outside box,From Throw In,Blocked,0,Open Play,Right Foot,Half Volley,True,True,0.025995953
3913130,11338.0,Caitlin Jade Foord,Arsenal WFC,2,75,16,112.7,34.8,9.0,Inside box,From Throw In,Saved,0,Open Play,Head,Normal,False,True,0.06259921
3913130,62906.0,Cloé Zoé Eyja Lacasse,Arsenal WFC,2,77,52,104.9,43.8,15.6,Inside box,From Free Kick,Blocked,0,Open Play,Left Foot,Volley,True,False,0.08844359
3913130,131586.0,Kyra Lillee Cooney-Cross,Arsenal WFC,2,77,55,95.3,42.0,24.8,Outside box,From Free Kick,Off T,0,Open Play,Right Foot,Volley,True,False,0.025540335
3913130,10229.0,Emma Stina Blackstenius,Arsenal WFC,2,86,34,109.2,38.5,10.9,Inside box,From Free Kick,Off T,0,Open Play,Head,Normal,False,True,0.059997022
3913130,10516.0,Frida Maanum,Arsenal WFC,2,91,6,103.4,38.8,16.6,Inside box,From Corner,Blocked,0,Open Play,Right Foot,Half Volley,False,True,0.030539779
3913130,10229.0,Emma Stina Blackstenius,Arsenal WFC,2,92,30,112.7,54.2,16.0,Inside box,From Throw In,Saved,0,Open Play,Right Foot,Half Volley,True,True,0.036762483
3913130,62906.0,Cloé Zoé Eyja Lacasse,Arsenal WFC,2,94,28,103.6,50.3,19.4,Inside box,Regular Play,Blocked,0,Open Play,Left Foot,Normal,False,False,0.058480117
3913120,25554.0,Khadija Monifa Shaw,Manchester City WFC,1,5,50,108.3,46.9,13.6,Inside box,Regular Play,Blocked,0,Open Play,Right Foot,Normal,False,False,0.11615091
3913120,19416.0,Laura Coombs,Manchester City WFC,1,11,7,103.4,30.6,19.1,Inside box,Regular Play,Blocked,0,Open Play,Right Foot,Normal,False,False,0.083646975
3913120,15570.0,Chloe Kelly,Manchester City WFC,1,11,8,107.0,45.5,14.1,Inside box,From Counter,Saved,0,Open Play,Left Foot,Normal,False,False,0.34697747
3913120,19687.0,Taylor Hinds,Liverpool WFC,1,14,59,97.7,26.6,26.0,Outside box,Regular Play,Goal,1,Open Play,Left Foot,Lob,True,False,0.042838067
3913120,15555.0,Lauren Hemp,Manchester City WFC,1,22,9,116.5,32.5,8.3,Inside box,Regular Play,Off T,0,Open Play,Left Foot,Normal,True,False,0.16207439
3913120,25554.0,Khadija Monifa Shaw,Manchester City WFC,1,28,14,115.6,32.7,8.5,Inside box,From Corner,Blocked,0,Open Play,Right Foot,Backheel,True,False,0.05978549
3913120,25554.0,Khadija Monifa Shaw,Manchester City WFC,1,31,58,112.0,49.8,12.7,Inside box,From Goal Kick,Goal,1,Open Play,Right Foot,Normal,False,False,0.4128387
3913120,25554.0,Khadija Monifa Shaw,Manchester City WFC,1,33,21,111.1,42.0,9.1,Inside box,Regular Play,Off T,0,Open Play,Right Foot,Volley,True,True,0.09792535
3913120,19416.0,Laura Coombs,Manchester City WFC,1,35,12,107.5,32.1,14.8,Inside box,From Throw In,Saved,0,Open Play,Right Foot,Normal,True,False,0.14007802
3913120,19416.0,Laura Coombs,Manchester City WFC,1,35,48,105.6,36.7,14.8,Inside box,From Throw In,Off T,0,Open Play,Left Foot,Half Volley,True,False,0.066003926
3913120,19416.0,Laura Coombs,Manchester City WFC,1,49,8,107.0,57.8,22.0,Inside box,From Corner,Off T,0,Open Play,Right Foot,Normal,True,False,0.02184613
3913120,25554.0,Khadija Monifa Shaw,Manchester City WFC,1,51,49,111.4,37.0,9.1,Inside box,From Corner,Goal,1,Open Play,Head,Normal,False,True,0.07270845
3913120,15570.0,Chloe Kelly,Manchester City WFC,2,50,37,99.7,30.5,22.4,Outside box,Regular Play,Off T,0,Open Play,Right Foot,Normal,False,True,0.060023613
3913120,10650.0,Jill Roord,Manchester City WFC,2,55,28,100.9,39.4,19.1,Outside box,From Throw In,Blocked,0,Open Play,Right Foot,Normal,False,False,0.074209906
3913120,25554.0,Khadija Monifa Shaw,Manchester City WFC,2,55,34,111.3,43.8,9.5,Inside box,From Throw In,Saved,0,Open Play,Right Foot,Normal,False,True,0.46425414
3913120,25554.0,Khadija Monifa Shaw,Manchester City WFC,2,55,38,113.9,41.1,6.2,Inside box,From Throw In,Goal,1,Open Play,Left Foot,Backheel,False,True,0.19401821
3913120,15570.0,Chloe Kelly,Manchester City WFC,2,58,4,112.0,39.6,8.0,Inside box,From Free Kick,Saved,0,Open Play,Head,Normal,False,True,0.14514133
3913120,10650.0,Jill Roord,Manchester City WFC,2,63,33,102.2,34.6,18.6,Inside box,From Throw In,Blocked,0,Open Play,Left Foot,Half Volley,True,False,0.06398235
3913120,24706.0,Sophie Roman Haug,Liverpool WFC,2,65,18,113.8,33.4,9.1,Inside box,From Counter,Saved,0,Open Play,Left Foot,Half Volley,True,False,0.17600776
3913120,24706.0,Sophie Roman Haug,Liverpool WFC,2,66,56,101.5,39.5,18.5,Outside box,From Keeper,Saved,0,Open Play,Right Foot,Normal,True,False,0.18435973
3913120,62666.0,Ingrid Filippa Angeldal,Manchester City WFC,2,70,2,112.6,55.3,17.0,Inside box,From Throw In,Blocked,0,Open Play,Right Foot,Normal,True,False,0.01882558
3913120,15570.0,Chloe Kelly,Manchester City WFC,2,77,35,108.0,40.0,12.0,Inside box,Other,Goal,1,Penalty,Right Foot,Normal,False,False,0.7835
3913120,19498.0,Jessica Park,Manchester City WFC,2,86,59,111.4,58.6,20.5,Inside box,From Counter,Blocked,0,Open Play,Right Foot,Normal,False,False,0.010618908
3913120,41812.0,Ruby Mace,Manchester City WFC,2,87,34,108.5,52.3,16.8,Inside box,From Corner,Off T,0,Open Play,Right Foot,Normal,True,False,0.066093534
3913120,35693.0,Mary Boio Fowler,Manchester City WFC,2,94,48,99.3,30.6,22.7,Outside box,From Throw In,Blocked,0,Open Play,Right Foot,Normal,False,True,0.041218907
3913077,4641.0,Francesca Kirby,Chelsea FCW,1,5,26,104.1,52.1,20.0,Inside box,From Throw In,Post,0,Open Play,Left Foot,Normal,False,True,0.04910537
3913077,20725.0,Pauline Bremer,Brighton & Hove Albion WFC,1,9,21,113.0,37.5,7.4,Inside box,Regular Play,Goal,1,Open Play,Left Foot,Normal,True,False,0.54916334
3913077,15631.0,Niamh Charles,Chelsea FCW,1,16,36,112.6,43.1,8.0,Inside box,From Corner,Off T,0,Open Play,Head,Normal,False,True,0.07431222
3913077,47008.0,Sjoeke Nüsken,Chelsea FCW,1,24,6,111.5,35.8,9.5,Inside box,Regular Play,Saved,0,Open Play,Left Foot,Volley,True,False,0.26213446
3913077,31531.0,Lauren James,Chelsea FCW,1,27,41,96.5,34.2,24.2,Outside box,From Throw In,Saved,0,Open Play,Right Foot,Normal,False,True,0.042455953
3913077,4641.0,Francesca Kirby,Chelsea FCW,1,28,25,111.9,45.4,9.7,Inside box,From Counter,Saved,0,Open Play,Right Foot,Normal,False,False,0.51393783
3913077,31531.0,Lauren James,Chelsea FCW,1,31,2,111.3,45.2,10.1,Inside box,Regular Play,Wayward,0,Open Play,Head,Normal,False,True,0.08721337
3913077,19422.0,Jessica Carter,Chelsea FCW,1,34,10,115.6,31.4,9.7,Inside box,From Corner,Off T,0,Open Play,Head,Normal,False,False,0.06311296
3913077,4961.0,Samantha May Kerr,Chelsea FCW,1,34,58,113.6,48.1,10.3,Inside box,From Counter,Saved,0,Open Play,Right Foot,Normal,True,False,0.14203002
3913077,4641.0,Francesca Kirby,Chelsea FCW,1,36,11,109.3,27.6,16.4,Inside box,From Throw In,Post,0,Open Play,Right Foot,Normal,True,True,0.07999289
3913077,10418.0,Eve Perisset,Chelsea FCW,1,36,14,111.3,48.9,12.4,Inside box,From Throw In,Saved,0,Open Play,Right Foot,Half Volley,True,False,0.12574351
3913077,47008.0,Sjoeke Nüsken,Chelsea FCW,1,36,16,116.2,35.8,5.7,Inside box,From Throw In,Saved,0,Open Play,Left Foot,Normal,True,False,0.30554697
3913077,15631.0,Niamh Charles,Chelsea FCW,1,38,1,113.0,30.1,12.1,Inside box,From Free Kick,Saved,0,Open Play,Head,Normal,False,True,0.045720737
3913077,31531.0,Lauren James,Chelsea FCW,1,38,15,103.3,58.8,25.1,Inside box,From Corner,Off T,0,Open Play,Left Foot,Normal,False,False,0.009802737
3913077,20725.0,Pauline Bremer,Brighton & Hove Albion WFC,1,43,25,107.5,50.1,16.1,Inside box,Regular Play,Saved,0,Open Play,Right Foot,Normal,False,True,0.18540767
3913077,15631.0,Niamh Charles,Chelsea FCW,1,45,39,115.9,31.3,9.6,Inside box,Regular Play,Blocked,0,Open Play,Left Foot,Normal,False,True,0.089330606
3913077,47008.0,Sjoeke Nüsken,Chelsea FCW,1,46,14,115.2,33.0,8.5,Inside box,From Corner,Blocked,0,Open Play,Left Foot,Volley,True,False,0.08802618
3913077,15631.0,Niamh Charles,Chelsea FCW,1,46,15,113.1,34.9,8.6,Inside box,From Corner,Off T,0,Open Play,Left Foot,Volley,True,True,0.09286918
3913077,47008.0,Sjoeke Nüsken,Chelsea FCW,1,48,2,115.8,40.8,4.3,Inside box,From Corner,Goal,1,Open Play,Head,Normal,False,False,0.4132132
3913077,62710.0,Johanna Rytting-Kaneryd,Chelsea FCW,2,48,2,105.4,36.0,15.1,Inside box,Regular Play,Saved,0,Open Play,Left Foot,Normal,False,True,0.118602574
3913077,47008.0,Sjoeke Nüsken,Chelsea FCW,2,51,23,108.3,34.2,13.1,Inside box,Regular Play,Goal,1,Open Play,Left Foot,Normal,False,False,0.3138395
3913077,20725.0,Pauline Bremer,Brighton & Hove Albion WFC,2,53,16,98.8,29.1,23.8,Outside box,Regular Play,Saved,0,Open Play,Left Foot,Normal,False,False,0.052303053
3913077,388473.0,Jorelyn Andrea Daniela Carabalí Martínez,Brighton & Hove Albion WFC,2,54,15,113.1,46.5,9.5,Inside box,From Corner,Off T,0,Open Play,Head,Normal,False,False,0.055721488
3913077,25612.0,Jessie Alexandra Fleming,Chelsea FCW,2,58,48,115.7,49.6,10.5,Inside box,From Throw In,Blocked,0,Open Play,Right Foot,Normal,False,True,0.07485736
3913077,4961.0,Samantha May Kerr,Chelsea FCW,2,59,22,107.2,34.2,14.1,Inside box,From Corner,Blocked,0,Open Play,Head,Normal,False,False,0.038286272
3913077,20725.0,Pauline Bremer,Brighton & Hove Albion WFC,2,70,57,112.8,37.6,7.6,Inside box,Regular Play,Off T,0,Open Play,Head,Normal,False,True,0.13753144
3913077,47008.0,Sjoeke Nüsken,Chelsea FCW,2,72,13,92.2,21.8,33.2,Outside box,From Throw In,Off T,0,Open Play,Right Foot,Half Volley,True,False,0.0071096313
3913077,62710.0,Johanna Rytting-Kaneryd,Chelsea FCW,2,72,58,106.9,47.4,15.0,Inside box,From Counter,Blocked,0,Open Play,Left Foot,Normal,False,True,0.09152892
3913077,47008.0,Sjoeke Nüsken,Chelsea FCW,2,72,59,104.1,38.1,16.0,Inside box,From Counter,Blocked,0,Open Play,Right Foot,Normal,True,False,0.11371522
3913077,62710.0,Johanna Rytting-Kaneryd,Chelsea FCW,2,75,32,110.4,49.8,13.7,Inside box,Regular Play,Saved,0,Open Play,Right Foot,Normal,False,False,0.29615876
3913077,25612.0,Jessie Alexandra Fleming,Chelsea FCW,2,75,34,113.3,35.8,7.9,Inside box,Regular Play,Off T,0,Open Play,Right Foot,Half Volley,True,False,0.48347655
3913077,4642.0,Millie Bright,Chelsea FCW,2,77,48,107.5,35.8,13.2,Inside box,From Corner,Wayward,0,Open Play,Head,Normal,False,False,0.027034031
3913077,81580.0,Agnes Beever-Jones,Chelsea FCW,2,80,41,112.1,43.8,8.8,Inside box,From Free Kick,Wayward,0,Open Play,Right Foot,Normal,True,True,0.25830576
3913077,81580.0,Agnes Beever-Jones,Chelsea FCW,2,80,44,111.4,44.7,9.8,Inside box,From Free Kick,Off T,0,Open Play,Right Foot,Half Volley,False,True,0.108699635
3913077,81580.0,Agnes Beever-Jones,Chelsea FCW,2,81,12,111.4,35.9,9.5,Inside box,Regular Play,Goal,1,Open Play,Right Foot,Normal,True,False,0.5200551
3913077,105102.0,Veatriki Sarri,Brighton & Hove Albion WFC,2,88,33,103.9,52.3,20.3,Inside box,From Keeper,Off T,0,Open Play,Right Foot,Normal,False,True,0.08905119
3913077,276301.0,Elisabeth Terland,Brighton & Hove Albion WFC,2,89,13,108.1,36.8,12.3,Inside box,Regular Play,Goal,1,Open Play,Right Foot,Normal,False,True,0.3192088
3913180,389365.0,Maika Hamano,Chelsea FCW,1,1,48,110.8,49.9,13.5,Inside box,From Throw In,Off T,0,Open Play,Left Foot,Normal,True,True,0.21008931
3913180,10514.0,Guro Reiten,Chelsea FCW,1,5,18,107.9,40.0,12.1,Inside box,Other,Goal,1,Penalty,Left Foot,Normal,False,False,0.7835
3913180,84765.0,Carrie Jones,Bristol City WFC,1,9,17,113.0,32.3,10.4,Inside box,From Counter,Saved,0,Open Play,Left Foot,Normal,False,True,0.30356467
3913180,15788.0,Amalie Grønbak Thestrup,Bristol City WFC,1,9,18,116.1,37.2,4.8,Inside box,From Counter,Saved,0,Open Play,Other,Normal,False,False,0.24595892
3913180,47008.0,Sjoeke Nüsken,Chelsea FCW,1,10,47,114.1,39.6,5.9,Inside box,From Corner,Off T,0,Open Play,Head,Normal,False,True,0.12943941
3913180,4660.0,Erin Cuthbert,Chelsea FCW,1,13,9,97.9,47.1,23.2,Outside box,Regular Play,Blocked,0,Open Play,Left Foot,Half Volley,False,False,0.03536872
3913180,84765.0,Carrie Jones,Bristol City WFC,1,15,11,97.2,39.3,22.8,Outside box,From Free Kick,Off T,0,Open Play,Right Foot,Half Volley,True,False,0.03834674
3913180,81580.0,Agnes Beever-Jones,Chelsea FCW,1,16,55,107.0,53.0,18.4,Inside box,From Throw In,Off T,0,Open Play,Left Foot,Normal,False,False,0.06710231
3913180,389365.0,Maika Hamano,Chelsea FCW,1,17,37,107.0,53.8,19.0,Inside box,From Counter,Off T,0,Open Play,Right Foot,Normal,True,False,0.09045842
3913180,81580.0,Agnes Beever-Jones,Chelsea FCW,1,20,46,115.1,40.0,4.9,Inside box,From Free Kick,Saved,0,Open Play,Other,Normal,False,False,0.23297662
3913180,81580.0,Agnes Beever-Jones,Chelsea FCW,1,22,7,116.5,43.1,4.7,Inside box,From Corner,Saved,0,Open Play,Right Foot,Half Volley,False,False,0.23298489
3913180,47008.0,Sjoeke Nüsken,Chelsea FCW,1,22,9,117.8,42.7,3.5,Inside box,From Corner,Goal,1,Open Play,Right Foot,Normal,True,False,0.4705631
3913180,389365.0,Maika Hamano,Chelsea FCW,1,23,23,103.2,31.4,18.9,Inside box,From Counter,Blocked,0,Open Play,Right Foot,Normal,False,False,0.09114757
3913180,15788.0,Amalie Grønbak Thestrup,Bristol City WFC,1,32,55,101.5,54.4,23.4,Outside box,Regular Play,Off T,0,Open Play,Right Foot,Half Volley,True,False,0.047970276
3913180,15716.0,Emily Syme,Bristol City WFC,1,37,57,88.2,45.4,32.3,Outside box,Regular Play,Off T,0,Open Play,Right Foot,Normal,True,False,0.020963326
3913180,47008.0,Sjoeke Nüsken,Chelsea FCW,1,41,26,102.5,57.4,24.7,Inside box,From Free Kick,Blocked,0,Open Play,Right Foot,Normal,False,False,0.020810096
3913180,4660.0,Erin Cuthbert,Chelsea FCW,1,44,38,101.8,53.5,22.7,Outside box,From Free Kick,Blocked,0,Open Play,Right Foot,Normal,False,True,0.025082972
3913180,4642.0,Millie Bright,Chelsea FCW,1,45,15,116.5,34.2,6.8,Inside box,From Corner,Off T,0,Open Play,Head,Normal,False,True,0.12658255
3913180,81580.0,Agnes Beever-Jones,Chelsea FCW,1,47,53,110.7,38.8,9.4,Inside box,Regular Play,Off T,0,Open Play,Left Foot,Overhead Kick,True,False,0.08356321
3913180,185543.0,Ffion Morgan,Bristol City WFC,2,51,7,111.2,34.7,10.3,Inside box,From Goal Kick,Off T,0,Open Play,Right Foot,Normal,True,False,0.09466652
3913180,81580.0,Agnes Beever-Jones,Chelsea FCW,2,51,46,112.2,50.0,12.7,Inside box,From Goal Kick,Goal,1,Open Play,Right Foot,Normal,False,False,0.43909088
3913180,84765.0,Carrie Jones,Bristol City WFC,2,52,44,101.9,38.5,18.2,Outside box,From Kick Off,Blocked,0,Open Play,Right Foot,Volley,True,False,0.052174386
3913180,84765.0,Carrie Jones,Bristol City WFC,2,52,47,102.7,37.5,17.5,Inside box,From Kick Off,Off T,0,Open Play,Right Foot,Normal,True,False,0.0427116
3913180,10514.0,Guro Reiten,Chelsea FCW,2,55,38,99.8,26.9,24.1,Outside box,Regular Play,Goal,1,Open Play,Left Foot,Normal,False,False,0.041251443
3913180,84901.0,Catarina Cantanhede Melônio Macário,Chelsea FCW,2,63,24,108.7,55.2,18.9,Inside box,From Counter,Blocked,0,Open Play,Right Foot,Normal,False,False,0.034927543
3913180,84901.0,Catarina Cantanhede Melônio Macário,Chelsea FCW,2,64,4,107.6,47.2,14.3,Inside box,From Corner,Off T,0,Open Play,Right Foot,Half Volley,True,False,0.06512829
3913180,81580.0,Agnes Beever-Jones,Chelsea FCW,2,66,57,106.9,41.2,13.2,Inside box,Regular Play,Blocked,0,Open Play,Right Foot,Volley,True,True,0.051342733
3913180,15788.0,Amalie Grønbak Thestrup,Bristol City WFC,2,68,21,106.3,39.1,13.7,Inside box,From Throw In,Saved,0,Open Play,Right Foot,Half Volley,True,True,0.11503307
3913180,10514.0,Guro Reiten,Chelsea FCW,2,69,59,116.2,31.9,8.9,Inside box,From Corner,Goal,1,Open Play,Left Foot,Normal,False,False,0.2563035
3913180,15631.0,Niamh Charles,Chelsea FCW,2,73,11,112.8,32.9,10.1,Inside box,From Free Kick,Goal,1,Open Play,Right Foot,Half Volley,True,True,0.13392797
3913180,389365.0,Maika Hamano,Chelsea FCW,2,74,10,99.7,31.4,22.0,Outside box,Regular Play,Off T,0,Open Play,Left Foot,Normal,True,False,0.06270442
3913180,10514.0,Guro Reiten,Chelsea FCW,2,76,42,99.5,39.4,20.5,Outside box,Regular Play,Goal,1,Open Play,Left Foot,Normal,False,True,0.073550455
3913180,4641.0,Francesca Kirby,Chelsea FCW,2,82,22,107.3,41.7,12.8,Inside box,From Throw In,Saved,0,Open Play,Left Foot,Normal,False,False,0.14416675
3913180,389365.0,Maika Hamano,Chelsea FCW,2,82,59,99.1,44.7,21.4,Outside box,From Throw In,Blocked,0,Open Play,Right Foot,Normal,False,True,0.051666394
3913180,81580.0,Agnes Beever-Jones,Chelsea FCW,2,87,23,112.7,43.4,8.1,Inside box,Regular Play,Goal,1,Open Play,Head,Normal,False,False,0.19941089
3913180,19499.0,Shania Hayles,Bristol City WFC,2,88,48,116.2,42.7,4.7,Inside box,Regular Play,Off T,0,Open Play,Head,Normal,False,True,0.37054265
3913180,4641.0,Francesca Kirby,Chelsea FCW,2,89,53,107.8,44.3,12.9,Inside box,From Goal Kick,Blocked,0,Open Play,Right Foot,Half Volley,True,True,0.08941377
3913180,62710.0,Johanna Rytting-Kaneryd,Chelsea FCW,2,93,26,106.4,35.3,14.4,Inside box,Regular Play,Saved,0,Open Play,Right Foot,Normal,False,False,0.13534746
3913180,4642.0,Millie Bright,Chelsea FCW,2,94,25,114.4,36.4,6.7,Inside box,From Corner,Off T,0,Open Play,Head,Normal,False,True,0.18037212
3913180,224845.0,Sarah Anne Stratigakis,Bristol City WFC,2,95,14,99.0,44.3,21.4,Outside box,From Goal Kick,Off T,0,Open Play,Left Foot,Normal,False,False,0.07706508
3913129,8297.0,Adriana Kristina Leon,Aston Villa W,1,4,59,112.5,39.4,7.5,Inside box,From Throw In,Saved,0,Open Play,Left Foot,Normal,True,False,0.32249182
3913129,5058.0,Rachel Daly,Aston Villa W,1,7,51,101.2,30.7,21.0,Outside box,Regular Play,Blocked,0,Open Play,Left Foot,Normal,False,True,0.025723577
3913129,5058.0,Rachel Daly,Aston Villa W,1,8,21,113.0,39.5,7.0,Inside box,Regular Play,Blocked,0,Open Play,Left Foot,Volley,True,False,0.3102792
3913129,15724.0,Mayumi Pacheco,Aston Villa W,1,8,25,97.6,29.2,24.9,Outside box,Regular Play,Saved,0,Open Play,Left Foot,Normal,False,False,0.027543824
3913129,10192.0,Jordan Nobbs,Aston Villa W,1,12,38,100.2,35.7,20.3,Outside box,From Corner,Goal,1,Open Play,Right Foot,Normal,True,False,0.055635072
3913129,15788.0,Amalie Grønbak Thestrup,Bristol City WFC,1,14,41,111.2,33.0,11.2,Inside box,From Counter,Goal,1,Open Play,Right Foot,Normal,False,False,0.32471594
3913129,15421.0,Kenza Dali,Aston Villa W,1,21,26,101.4,23.3,25.0,Outside box,Regular Play,Saved,0,Open Play,Right Foot,Normal,False,False,0.029228397
3913129,8297.0,Adriana Kristina Leon,Aston Villa W,1,25,3,109.0,57.4,20.6,Inside box,From Free Kick,Saved,0,Open Play,Right Foot,Normal,False,False,0.0134486295
3913129,15724.0,Mayumi Pacheco,Aston Villa W,1,28,38,109.3,41.3,10.8,Inside box,From Corner,Wayward,0,Open Play,Head,Normal,False,False,0.054039896
3913129,32169.0,Jamie-Lee Napier,Bristol City WFC,1,31,22,103.7,25.7,21.7,Inside box,Regular Play,Blocked,0,Open Play,Right Foot,Normal,False,False,0.04182109
3913129,5058.0,Rachel Daly,Aston Villa W,1,31,54,106.6,38.4,13.5,Inside box,Regular Play,Off T,0,Open Play,Head,Normal,False,False,0.07862293
3913129,31532.0,Kirsty Hanson,Aston Villa W,1,39,17,114.2,25.8,15.3,Inside box,From Throw In,Off T,0,Open Play,Right Foot,Normal,False,False,0.025451366
3913129,10404.0,Noelle Maritz,Aston Villa W,1,43,20,101.2,37.9,18.9,Outside box,From Corner,Off T,0,Open Play,Right Foot,Volley,True,False,0.046646733
3913129,5058.0,Rachel Daly,Aston Villa W,2,46,6,96.3,50.5,25.9,Outside box,From Free Kick,Off T,0,Open Play,Right Foot,Half Volley,True,True,0.023398558
3913129,10192.0,Jordan Nobbs,Aston Villa W,2,48,34,105.0,45.4,15.9,Inside box,Regular Play,Blocked,0,Open Play,Right Foot,Normal,True,False,0.13284631
3913129,15421.0,Kenza Dali,Aston Villa W,2,48,45,103.1,38.0,17.0,Inside box,Regular Play,Saved,0,Open Play,Right Foot,Normal,True,True,0.066980064
3913129,10192.0,Jordan Nobbs,Aston Villa W,2,49,16,108.9,50.4,15.2,Inside box,From Corner,Wayward,0,Open Play,Right Foot,Volley,True,False,0.09125169
3913129,5058.0,Rachel Daly,Aston Villa W,2,53,44,110.8,42.3,9.5,Inside box,Regular Play,Saved,0,Open Play,Head,Normal,False,True,0.073708475
3913129,15421.0,Kenza Dali,Aston Villa W,2,56,50,101.5,47.9,20.1,Outside box,From Throw In,Saved,0,Open Play,Right Foot,Normal,False,False,0.05656153
3913129,10404.0,Noelle Maritz,Aston Villa W,2,59,30,99.8,35.7,20.7,Outside box,From Corner,Blocked,0,Open Play,Right Foot,Half Volley,False,False,0.034834094
3913129,10192.0,Jordan Nobbs,Aston Villa W,2,59,33,103.2,48.0,18.6,Inside box,From Corner,Wayward,0,Open Play,Right Foot,Half Volley,True,False,0.05770101
3913129,8297.0,Adriana Kristina Leon,Aston Villa W,2,59,54,115.9,49.9,10.7,Inside box,From Corner,Goal,1,Open Play,Right Foot,Normal,True,False,0.065626
3913129,19500.0,Sarah Emma Mayling,Aston Villa W,2,62,6,99.0,50.7,23.6,Outside box,From Throw In,Saved,0,Open Play,Right Foot,Normal,True,False,0.034267806
3913129,5058.0,Rachel Daly,Aston Villa W,2,67,42,106.6,36.8,13.8,Inside box,Regular Play,Off T,0,Open Play,Right Foot,Normal,False,False,0.096234456
3913129,8297.0,Adriana Kristina Leon,Aston Villa W,2,72,45,117.8,49.6,9.8,Inside box,Regular Play,Off T,0,Open Play,Right Foot,Half Volley,False,False,0.03016788
3913129,84765.0,Carrie Jones,Bristol City WFC,2,74,17,95.6,30.5,26.2,Outside box,From Throw In,Goal,1,Open Play,Right Foot,Normal,False,True,0.029566819
3913129,31532.0,Kirsty Hanson,Aston Villa W,2,76,3,117.1,30.5,9.9,Inside box,Regular Play,Off T,0,Open Play,Head,Normal,False,True,0.047883537
3913129,23412.0,Abigail Harrison,Bristol City WFC,2,78,30,107.2,53.7,18.7,Inside box,Regular Play,Saved,0,Open Play,Right Foot,Normal,True,False,0.050490547
3913129,15421.0,Kenza Dali,Aston Villa W,2,80,12,101.4,54.7,23.7,Outside box,Regular Play,Blocked,0,Open Play,Right Foot,Normal,False,False,0.028106568
3913129,31527.0,Ebony Salmon,Aston Villa W,2,83,57,111.0,41.0,9.1,Inside box,Regular Play,Off T,0,Open Play,Right Foot,Normal,True,True,0.3779558
3913129,15421.0,Kenza Dali,Aston Villa W,2,86,21,98.8,39.0,21.2,Outside box,From Throw In,Off T,0,Open Play,Right Foot,Normal,False,True,0.06585989
3913129,5058.0,Rachel Daly,Aston Villa W,2,87,5,103.9,46.0,17.2,Inside box,From Counter,Blocked,0,Open Play,Right Foot,Normal,True,True,0.09563105
3913129,31532.0,Kirsty Hanson,Aston Villa W,2,87,58,111.9,38.7,8.2,Inside box,From Free Kick,Off T,0,Open Play,Head,Normal,False,True,0.08132772
3913129,5058.0,Rachel Daly,Aston Villa W,2,89,59,108.4,38.9,11.7,Inside box,Regular Play,Blocked,0,Open Play,Left Foot,Half Volley,True,True,0.07156287
3913129,10192.0,Jordan Nobbs,Aston Villa W,2,91,32,108.7,51.2,15.9,Inside box,From Corner,Off T,0,Open Play,Right Foot,Normal,True,False,0.08809879
3913129,15559.0,Simone Magill,Aston Villa W,2,93,33,107.9,44.6,12.9,Inside box,From Free Kick,Off T,0,Open Play,Head,Normal,False,True,0.06358063
3913129,15724.0,Mayumi Pacheco,Aston Villa W,2,95,40,113.1,38.5,7.1,Inside box,From Free Kick,Saved,0,Open Play,Right Foot,Normal,True,False,0.5357707
3913129,15724.0,Mayumi Pacheco,Aston Villa W,2,95,41,115.4,38.0,5.0,Inside box,From Free Kick,Blocked,0,Open Play,Left Foot,Normal,True,True,0.24238266
3913129,31527.0,Ebony Salmon,Aston Villa W,2,95,45,105.6,48.0,16.5,Inside box,From Free Kick,Saved,0,Open Play,Right Foot,Normal,False,True,0.063715436
3913129,5058.0,Rachel Daly,Aston Villa W,2,96,26,111.7,39.8,8.3,Inside box,From Corner,Saved,0,Open Play,Head,Normal,False,False,0.08526736
3913139,31558.0,Martha Thomas,Tottenham Hotspur Women,1,8,43,111.9,42.2,8.4,Inside box,Regular Play,Off T,0,Open Play,Head,Normal,False,True,0.09740478
3913139,8297.0,Adriana Kristina Leon,Aston Villa W,1,19,43,110.9,35.2,10.3,Inside box,From Counter,Off T,0,Open Play,Left Foot,Half Volley,True,True,0.08522945
3913139,8297.0,Adriana Kristina Leon,Aston Villa W,1,22,7,104.7,31.2,17.7,Inside box,From Counter,Goal,1,Open Play,Right Foot,Normal,False,False,0.10709631
3913139,31558.0,Martha Thomas,Tottenham Hotspur Women,1,23,38,104.4,45.2,16.4,Inside box,From Kick Off,Blocked,0,Open Play,Left Foot,Normal,False,True,0.083656915
3913139,31551.0,Kit Graham,Tottenham Hotspur Women,1,23,50,81.5,39.2,38.5,Outside box,From Kick Off,Off T,0,Open Play,Left Foot,Normal,False,False,0.006834654
3913139,31551.0,Kit Graham,Tottenham Hotspur Women,1,25,2,88.7,44.7,31.7,Outside box,From Throw In,Off T,0,Open Play,Left Foot,Normal,False,False,0.021414002
3913139,31532.0,Kirsty Hanson,Aston Villa W,1,27,10,97.0,32.4,24.2,Outside box,Regular Play,Blocked,0,Open Play,Right Foot,Normal,False,False,0.03947291
3913139,4984.0,Rachel Corsie,Aston Villa W,1,27,56,114.0,45.7,8.3,Inside box,From Corner,Blocked,0,Open Play,Head,Normal,False,True,0.09567793
3913139,8297.0,Adriana Kristina Leon,Aston Villa W,1,30,52,108.0,35.3,12.9,Inside box,From Throw In,Blocked,0,Open Play,Right Foot,Normal,True,False,0.10370149
3913139,8297.0,Adriana Kristina Leon,Aston Villa W,1,35,23,101.5,43.7,18.9,Outside box,Regular Play,Blocked,0,Open Play,Left Foot,Normal,False,True,0.09272951
3913139,31533.0,Amy Turner,Tottenham Hotspur Women,1,37,56,112.0,37.1,8.5,Inside box,From Free Kick,Goal,1,Open Play,Head,Normal,False,True,0.16580193
3913139,10192.0,Jordan Nobbs,Aston Villa W,1,42,59,89.5,29.4,32.3,Outside box,From Free Kick,Saved,0,Free Kick,Right Foot,Normal,False,False,0.024664741
3913139,4984.0,Rachel Corsie,Aston Villa W,1,45,59,104.0,37.6,16.2,Inside box,From Throw In,Blocked,0,Open Play,Right Foot,Normal,True,True,0.04672516
3913139,8297.0,Adriana Kristina Leon,Aston Villa W,1,48,16,108.6,26.8,17.4,Inside box,From Throw In,Saved,0,Open Play,Right Foot,Normal,False,False,0.045695942
3913139,15550.0,Bethany England,Tottenham Hotspur Women,2,50,56,86.0,51.5,35.9,Outside box,From Throw In,Off T,0,Open Play,Left Foot,Lob,False,False,0.02196201
3913139,31558.0,Martha Thomas,Tottenham Hotspur Women,2,53,51,112.3,46.0,9.8,Inside box,Regular Play,Saved,0,Open Play,Right Foot,Half Volley,True,False,0.337555
3913139,132034.0,Charlotte Layne Grant,Tottenham Hotspur Women,2,55,58,108.0,52.3,17.2,Inside box,From Goal Kick,Blocked,0,Open Play,Left Foot,Normal,False,False,0.0792129
3913139,31551.0,Kit Graham,Tottenham Hotspur Women,2,56,30,86.1,55.2,37.2,Outside box,From Goal Kick,Off T,0,Open Play,Left Foot,Half Volley,True,False,0.005092198
3913139,10192.0,Jordan Nobbs,Aston Villa W,2,59,32,99.7,44.2,20.7,Outside box,From Corner,Goal,1,Open Play,Right Foot,Normal,True,False,0.04897622
3913139,61467.0,Jessica Naz,Tottenham Hotspur Women,2,67,40,105.7,50.2,17.6,Inside box,Regular Play,Saved,0,Open Play,Left Foot,Normal,False,False,0.124775246
3913139,31551.0,Kit Graham,Tottenham Hotspur Women,2,68,32,100.2,39.5,19.8,Outside box,From Corner,Off T,0,Open Play,Left Foot,Half Volley,True,False,0.062229645
3913139,10192.0,Jordan Nobbs,Aston Villa W,2,71,57,107.7,35.3,13.2,Inside box,Regular Play,Post,0,Open Play,Right Foot,Normal,True,False,0.15537915
3913139,15724.0,Mayumi Pacheco,Aston Villa W,2,72,0,104.0,33.2,17.4,Inside box,Regular Play,Wayward,0,Open Play,Right Foot,Half Volley,True,False,0.069472015
3913139,78072.0,Anna Patten,Aston Villa W,2,78,19,109.4,46.1,12.2,Inside box,From Corner,Off T,0,Open Play,Right Foot,Half Volley,True,False,0.06769582
3913139,31551.0,Kit Graham,Tottenham Hotspur Women,2,79,4,96.0,49.6,25.8,Outside box,From Goal Kick,Blocked,0,Open Play,Right Foot,Normal,True,True,0.024724122
3913139,31551.0,Kit Graham,Tottenham Hotspur Women,2,79,35,113.2,41.6,7.0,Inside box,From Corner,Off T,0,Open Play,Head,Normal,False,True,0.10249709
3913139,21023.0,Amanda Nildén,Tottenham Hotspur Women,2,81,3,102.9,20.7,25.8,Inside box,From Throw In,Blocked,0,Open Play,Left Foot,Normal,False,False,0.009321631
3913139,46740.0,Grace Clinton,Tottenham Hotspur Women,2,92,57,83.5,40.3,36.5,Outside box,From Free Kick,Saved,0,Open Play,Right Foot,Normal,False,False,0.008846176
3912602,45737.0,Martina Piemonte,Everton LFC,1,0,53,96.7,41.3,23.3,Outside box,Regular Play,Saved,0,Open Play,Right Foot,Normal,False,False,0.04890201
3912602,10260.0,Lena Petermann,Leicester City WFC,1,2,20,106.3,32.1,15.8,Inside box,From Free Kick,Blocked,0,Open Play,Right Foot,Normal,True,True,0.16030046
3912602,10260.0,Lena Petermann,Leicester City WFC,1,6,25,106.5,25.6,19.7,Inside box,From Free Kick,Off T,0,Open Play,Left Foot,Normal,False,False,0.3614277
3912602,16382.0,Heather Payne,Everton LFC,1,8,38,109.4,52.2,16.2,Inside box,Regular Play,Blocked,0,Open Play,Left Foot,Normal,False,False,0.0949901
3912602,45737.0,Martina Piemonte,Everton LFC,1,8,41,110.2,43.6,10.4,Inside box,Regular Play,Blocked,0,Open Play,Right Foot,Normal,False,True,0.09087989
3912602,10260.0,Lena Petermann,Leicester City WFC,1,9,45,107.7,38.7,12.4,Inside box,From Throw In,Off T,0,Open Play,Head,Normal,False,False,0.06811272
3912602,224822.0,Jutta Rantala,Leicester City WFC,1,11,22,106.6,46.0,14.7,Inside box,From Throw In,Blocked,0,Open Play,Right Foot,Normal,True,False,0.08640649
3912602,112522.0,Missy Goodwin,Leicester City WFC,1,14,19,113.9,36.9,6.8,Inside box,From Goal Kick,Off T,0,Open Play,Right Foot,Half Volley,True,False,0.2037746
3912602,112522.0,Missy Goodwin,Leicester City WFC,1,15,2,113.4,52.4,14.0,Inside box,Regular Play,Saved,0,Open Play,Left Foot,Normal,True,False,0.11820342
3912602,15720.0,Sophie Howard,Leicester City WFC,1,15,48,113.2,40.4,6.8,Inside box,From Corner,Wayward,0,Open Play,Head,Normal,False,True,0.10182295
3912602,224822.0,Jutta Rantala,Leicester City WFC,1,23,39,96.4,46.0,24.4,Outside box,Regular Play,Off T,0,Open Play,Left Foot,Normal,False,False,0.03745884
3912602,10260.0,Lena Petermann,Leicester City WFC,1,38,54,106.4,46.8,15.2,Inside box,From Goal Kick,Blocked,0,Open Play,Right Foot,Normal,True,False,0.10667128
3912602,63308.0,Justine Vanhaevermaet,Everton LFC,1,47,23,108.1,40.1,11.9,Inside box,Other,Saved,0,Penalty,Right Foot,Normal,False,False,0.7835
3912602,63308.0,Justine Vanhaevermaet,Everton LFC,1,47,24,111.1,37.9,9.1,Inside box,Other,Saved,0,Open Play,Right Foot,Half Volley,False,True,0.39728412
3912602,4865.0,Josie Green,Leicester City WFC,2,45,57,100.3,53.5,23.9,Outside box,From Kick Off,Off T,0,Open Play,Right Foot,Normal,False,False,0.04242531
3912602,46738.0,Emma Bissell,Everton LFC,2,49,38,113.7,45.8,8.6,Inside box,From Throw In,Saved,0,Open Play,Right Foot,Normal,True,False,0.43853205
3912602,46738.0,Emma Bissell,Everton LFC,2,50,41,105.2,47.5,16.6,Inside box,From Corner,Blocked,0,Open Play,Left Foot,Normal,False,False,0.03860604
3912602,16386.0,Lucy Hope,Everton LFC,2,53,15,105.7,37.1,14.6,Inside box,Regular Play,Saved,0,Open Play,Right Foot,Normal,False,True,0.28963807
3912602,45737.0,Martina Piemonte,Everton LFC,2,55,2,111.0,40.6,9.0,Inside box,From Throw In,Blocked,0,Open Play,Right Foot,Volley,True,True,0.116867006
3912602,10225.0,Aurora Galli,Everton LFC,2,55,43,97.6,40.7,22.4,Outside box,From Corner,Blocked,0,Open Play,Right Foot,Volley,True,False,0.031796385
3912602,45737.0,Martina Piemonte,Everton LFC,2,57,9,112.1,45.2,9.5,Inside box,Regular Play,Off T,0,Open Play,Right Foot,Half Volley,False,False,0.42890045
3912602,132033.0,Courtney Jade Nevin,Leicester City WFC,2,62,28,88.8,26.9,33.8,Outside box,Other,Blocked,0,Open Play,Left Foot,Normal,False,False,0.008718256
3912602,224822.0,Jutta Rantala,Leicester City WFC,2,65,33,105.8,48.7,16.7,Inside box,From Throw In,Blocked,0,Open Play,Right Foot,Normal,False,False,0.070610724
3912602,10260.0,Lena Petermann,Leicester City WFC,2,65,45,110.1,41.6,10.0,Inside box,From Throw In,Saved,0,Open Play,Head,Normal,False,True,0.07039488
3912602,10260.0,Lena Petermann,Leicester City WFC,2,68,19,108.0,45.0,13.0,Inside box,Other,Goal,1,Open Play,Right Foot,Normal,True,False,0.3905003
3912602,224822.0,Jutta Rantala,Leicester City WFC,2,96,40,94.9,45.7,25.7,Outside box,From Goal Kick,Off T,0,Open Play,Right Foot,Normal,True,False,0.0508481
3913116,45737.0,Martina Piemonte,Everton LFC,1,4,49,114.1,42.2,6.3,Inside box,From Corner,Saved,0,Open Play,Head,Normal,False,False,0.4086514
3913116,25554.0,Khadija Monifa Shaw,Manchester City WFC,1,7,45,108.1,40.1,11.9,Inside box,Other,Saved,0,Penalty,Right Foot,Normal,False,False,0.7835
3913116,25554.0,Khadija Monifa Shaw,Manchester City WFC,1,8,37,102.2,21.9,25.4,Inside box,From Corner,Goal,1,Open Play,Left Foot,Lob,True,True,0.030406466
3913116,15570.0,Chloe Kelly,Manchester City WFC,1,13,55,93.1,29.4,28.9,Outside box,From Throw In,Saved,0,Open Play,Right Foot,Normal,False,False,0.028821882
3913116,45737.0,Martina Piemonte,Everton LFC,1,14,48,106.1,50.7,17.5,Inside box,From Keeper,Blocked,0,Open Play,Right Foot,Normal,False,False,0.055401288
3913116,15555.0,Lauren Hemp,Manchester City WFC,1,16,13,101.1,55.4,24.4,Outside box,From Keeper,Saved,0,Open Play,Left Foot,Normal,False,False,0.025746454
3913116,15570.0,Chloe Kelly,Manchester City WFC,1,19,35,98.8,20.8,28.6,Outside box,Regular Play,Saved,0,Open Play,Right Foot,Normal,False,True,0.01099938
3913116,25554.0,Khadija Monifa Shaw,Manchester City WFC,1,21,15,105.6,43.2,14.8,Inside box,Regular Play,Blocked,0,Open Play,Left Foot,Half Volley,True,True,0.09399576
3913116,25554.0,Khadija Monifa Shaw,Manchester City WFC,1,21,51,102.2,47.7,19.4,Inside box,Regular Play,Goal,1,Open Play,Right Foot,Normal,False,False,0.08351239
3913116,10650.0,Jill Roord,Manchester City WFC,1,24,23,109.3,47.7,13.2,Inside box,From Throw In,Goal,1,Open Play,Right Foot,Normal,False,False,0.1934297
3913116,25554.0,Khadija Monifa Shaw,Manchester City WFC,1,29,28,109.7,54.1,17.5,Inside box,Regular Play,Blocked,0,Open Play,Right Foot,Normal,True,False,0.032520242
3913116,46459.0,Katja Snoeijs,Everton LFC,1,32,36,101.7,21.2,26.2,Outside box,From Throw In,Saved,0,Open Play,Left Foot,Normal,False,False,0.010608768
3913116,34499.0,Hanna Ulrika Bennison,Everton LFC,1,36,45,98.6,45.8,22.2,Outside box,Regular Play,Saved,0,Open Play,Left Foot,Normal,False,False,0.065369196
3913116,15555.0,Lauren Hemp,Manchester City WFC,1,41,0,107.4,27.6,17.7,Inside box,From Free Kick,Blocked,0,Open Play,Left Foot,Normal,False,False,0.06878217
3913116,25632.0,Yui Hasegawa,Manchester City WFC,1,41,36,94.2,48.5,27.2,Outside box,From Free Kick,Off T,0,Open Play,Right Foot,Normal,False,False,0.033013977
3913116,19416.0,Laura Coombs,Manchester City WFC,1,45,55,101.0,35.0,19.6,Outside box,From Throw In,Off T,0,Open Play,Right Foot,Normal,True,True,0.06177931
3913116,34499.0,Hanna Ulrika Bennison,Everton LFC,2,54,35,94.3,50.6,27.8,Outside box,Regular Play,Blocked,0,Open Play,Right Foot,Normal,False,False,0.023673275
3913116,10225.0,Aurora Galli,Everton LFC,2,55,4,95.9,54.0,27.9,Outside box,Regular Play,Goal,1,Open Play,Right Foot,Normal,True,False,0.018896755
3913116,15570.0,Chloe Kelly,Manchester City WFC,2,58,32,109.9,26.9,16.5,Inside box,From Corner,Off T,0,Open Play,Right Foot,Normal,False,True,0.055126134
3913116,15570.0,Chloe Kelly,Manchester City WFC,2,63,24,98.8,23.5,26.9,Outside box,From Throw In,Post,0,Open Play,Right Foot,Normal,False,False,0.025879871
3913116,25554.0,Khadija Monifa Shaw,Manchester City WFC,2,64,49,112.6,37.3,7.9,Inside box,From Free Kick,Goal,1,Open Play,Head,Diving Header,False,True,0.22720277
3913116,10163.0,Leila Ouahabi El Ouahabi,Manchester City WFC,2,67,25,106.1,31.4,16.3,Inside box,From Throw In,Blocked,0,Open Play,Left Foot,Normal,False,False,0.081681766
3913116,41812.0,Ruby Mace,Manchester City WFC,2,83,46,101.1,42.2,19.0,Outside box,From Throw In,Blocked,0,Open Play,Left Foot,Normal,False,False,0.06679767
3913106,17274.0,Poppy Pattinson,Brighton & Hove Albion WFC,1,1,34,101.9,30.9,20.3,Outside box,From Throw In,Blocked,0,Open Play,Left Foot,Normal,False,False,0.0796184
3913106,10260.0,Lena Petermann,Leicester City WFC,1,11,13,111.3,34.5,10.3,Inside box,Regular Play,Off T,0,Open Play,Head,Normal,False,True,0.0818506
3913106,224822.0,Jutta Rantala,Leicester City WFC,1,23,53,100.6,37.9,19.5,Outside box,From Throw In,Blocked,0,Open Play,Right Foot,Normal,True,False,0.06859956
3913106,105102.0,Veatriki Sarri,Brighton & Hove Albion WFC,1,29,27,109.7,52.4,16.1,Inside box,From Free Kick,Blocked,0,Open Play,Right Foot,Normal,True,False,0.045266602
3913106,132033.0,Courtney Jade Nevin,Leicester City WFC,1,34,23,108.7,28.0,16.5,Inside box,From Counter,Blocked,0,Open Play,Left Foot,Normal,True,False,0.1336782
3913106,276301.0,Elisabeth Terland,Brighton & Hove Albion WFC,1,37,7,113.1,51.0,13.0,Inside box,Regular Play,Blocked,0,Open Play,Right Foot,Half Volley,True,True,0.04373631
3913106,276301.0,Elisabeth Terland,Brighton & Hove Albion WFC,1,38,6,103.2,51.9,20.6,Inside box,From Throw In,Saved,0,Open Play,Left Foot,Normal,False,True,0.094569504
3913106,10260.0,Lena Petermann,Leicester City WFC,1,44,15,98.5,43.3,21.8,Outside box,From Throw In,Goal,1,Open Play,Left Foot,Half Volley,False,True,0.06910822
3913106,10100.0,Janice Cayman,Leicester City WFC,1,45,55,115.3,47.9,9.2,Inside box,From Throw In,Blocked,0,Open Play,Right Foot,Normal,True,True,0.18249358
3913106,36801.0,Aimee Palmer,Leicester City WFC,2,45,13,98.4,30.7,23.5,Outside box,From Kick Off,Blocked,0,Open Play,Right Foot,Normal,True,False,0.036392514
3913106,224822.0,Jutta Rantala,Leicester City WFC,2,45,16,107.3,34.9,13.7,Inside box,From Kick Off,Goal,1,Open Play,Right Foot,Normal,True,False,0.2981936
3913106,224822.0,Jutta Rantala,Leicester City WFC,2,50,17,99.1,32.1,22.3,Outside box,From Throw In,Saved,0,Open Play,Left Foot,Normal,False,True,0.06018356
3913106,276301.0,Elisabeth Terland,Brighton & Hove Albion WFC,2,52,3,107.9,48.3,14.7,Inside box,From Throw In,Blocked,0,Open Play,Right Foot,Normal,False,True,0.144404
3913106,4636.0,Maria Thorisdottir,Brighton & Hove Albion WFC,2,52,33,112.2,40.2,7.8,Inside box,From Corner,Saved,0,Open Play,Head,Normal,False,True,0.085002795
3913106,4636.0,Maria Thorisdottir,Brighton & Hove Albion WFC,2,62,7,111.6,40.0,8.4,Inside box,From Corner,Wayward,0,Open Play,Head,Normal,False,True,0.07735101
3913106,276301.0,Elisabeth Terland,Brighton & Hove Albion WFC,2,72,18,112.8,36.4,8.0,Inside box,Regular Play,Saved,0,Open Play,Head,Normal,False,False,0.09992477
3913106,10167.0,Tatiana Vanessa Ferreira Pinto,Brighton & Hove Albion WFC,2,75,29,104.7,36.6,15.7,Inside box,From Throw In,Off T,0,Open Play,Right Foot,Normal,True,True,0.12146888
3913106,16374.0,Aileen Whelan,Leicester City WFC,2,80,33,111.9,35.7,9.2,Inside box,From Free Kick,Blocked,0,Open Play,Left Foot,Normal,False,False,0.074160196
3913106,276301.0,Elisabeth Terland,Brighton & Hove Albion WFC,2,81,37,109.5,43.4,11.0,Inside box,From Free Kick,Goal,1,Open Play,Right Foot,Half Volley,False,False,0.34379292
3913106,276301.0,Elisabeth Terland,Brighton & Hove Albion WFC,2,87,34,113.7,35.9,7.5,Inside box,From Throw In,Goal,1,Open Play,Head,Normal,False,False,0.28074372
3913106,276301.0,Elisabeth Terland,Brighton & Hove Albion WFC,2,89,0,101.0,51.4,22.2,Outside box,Regular Play,Off T,0,Open Play,Right Foot,Normal,True,False,0.05420496
3913106,10158.0,María Victoria Losada Gómez,Brighton & Hove Albion WFC,2,89,39,95.2,50.3,26.9,Outside box,Regular Play,Saved,0,Open Play,Right Foot,Normal,True,False,0.03838799
3913106,276304.0,Guro Bergsvand,Brighton & Hove Albion WFC,2,91,31,86.6,48.4,34.4,Outside box,From Throw In,Off T,0,Open Play,Right Foot,Normal,True,False,0.015297633
3913106,276301.0,Elisabeth Terland,Brighton & Hove Albion WFC,2,94,14,102.8,42.4,17.4,Inside box,Regular Play,Off T,0,Open Play,Right Foot,Normal,True,False,0.15266347
3913106,224822.0,Jutta Rantala,Leicester City WFC,2,96,47,101.6,24.1,24.3,Outside box,Regular Play,Blocked,0,Open Play,Right Foot,Normal,True,True,0.02593663
3913106,16374.0,Aileen Whelan,Leicester City WFC,2,96,54,96.9,47.7,24.3,Outside box,Regular Play,Blocked,0,Open Play,Right Foot,Normal,True,False,0.043362625
3913106,224822.0,Jutta Rantala,Leicester City WFC,2,97,7,99.7,35.3,20.8,Outside box,Regular Play,Off T,0,Open Play,Left Foot,Normal,False,True,0.05280037
3913106,10167.0,Tatiana Vanessa Ferreira Pinto,Brighton & Hove Albion WFC,2,99,11,108.6,37.1,11.8,Inside box,From Free Kick,Off T,0,Open Play,Left Foot,Half Volley,True,False,0.073685706
3913106,20725.0,Pauline Bremer,Brighton & Hove Albion WFC,2,101,7,115.2,29.0,12.0,Inside box,From Throw In,Saved,0,Open Play,Left Foot,Normal,False,False,0.107477285
3913174,15555.0,Lauren Hemp,Manchester City WFC,1,5,4,96.0,31.2,25.6,Outside box,From Throw In,Off T,0,Open Play,Left Foot,Half Volley,True,False,0.0339722
3913174,15570.0,Chloe Kelly,Manchester City WFC,1,6,35,112.5,45.8,9.5,Inside box,From Throw In,Blocked,0,Open Play,Left Foot,Normal,True,True,0.1309174
3913174,19417.0,Amy Rodgers,Bristol City WFC,1,8,49,94.2,27.7,28.6,Outside box,Regular Play,Blocked,0,Open Play,Right Foot,Normal,False,False,0.02128541
3913174,19416.0,Laura Coombs,Manchester City WFC,1,11,36,110.0,41.4,10.1,Inside box,From Throw In,Blocked,0,Open Play,Right Foot,Normal,True,False,0.092281505
3913174,15570.0,Chloe Kelly,Manchester City WFC,1,11,38,104.3,43.7,16.1,Inside box,From Throw In,Saved,0,Open Play,Left Foot,Normal,True,True,0.078635834
3913174,15555.0,Lauren Hemp,Manchester City WFC,1,17,1,107.6,41.1,12.4,Inside box,From Throw In,Blocked,0,Open Play,Right Foot,Normal,False,False,0.10845095
3913174,19416.0,Laura Coombs,Manchester City WFC,1,20,24,85.2,36.1,35.0,Outside box,Regular Play,Saved,0,Open Play,Right Foot,Normal,False,True,0.018283244
3913174,15555.0,Lauren Hemp,Manchester City WFC,1,22,3,104.1,45.8,16.9,Inside box,Regular Play,Saved,0,Open Play,Left Foot,Normal,True,False,0.11425146
3913174,15788.0,Amalie Grønbak Thestrup,Bristol City WFC,1,32,26,112.2,38.5,7.9,Inside box,From Goal Kick,Saved,0,Open Play,Right Foot,Half Volley,True,False,0.314103
3913174,19498.0,Jessica Park,Manchester City WFC,1,38,16,92.0,44.7,28.4,Outside box,From Counter,Blocked,0,Open Play,Right Foot,Normal,False,False,0.02313587
3913174,32210.0,Laia Aleixandri López,Manchester City WFC,1,38,41,106.3,42.3,13.9,Inside box,From Throw In,Blocked,0,Open Play,Head,Normal,False,True,0.039146937
3913174,35693.0,Mary Boio Fowler,Manchester City WFC,1,38,46,103.7,53.1,20.9,Inside box,From Throw In,Blocked,0,Open Play,Left Foot,Normal,False,False,0.04322117
3913174,19498.0,Jessica Park,Manchester City WFC,1,40,31,99.7,33.0,21.5,Outside box,Regular Play,Blocked,0,Open Play,Left Foot,Normal,False,False,0.044202518
3913174,5078.0,Alanna Stephanie Kennedy,Manchester City WFC,1,41,52,114.2,40.9,5.9,Inside box,From Corner,Off T,0,Open Play,Head,Normal,False,True,0.17650542
3913174,15570.0,Chloe Kelly,Manchester City WFC,1,43,1,101.3,48.9,20.7,Outside box,Regular Play,Saved,0,Open Play,Left Foot,Normal,False,True,0.050454035
3913174,185545.0,Brooke Aspin,Bristol City WFC,1,44,34,109.1,45.3,12.1,Inside box,From Free Kick,Blocked,0,Open Play,Head,Normal,False,True,0.024068866
3913174,10163.0,Leila Ouahabi El Ouahabi,Manchester City WFC,1,46,15,92.9,29.5,29.1,Outside box,From Throw In,Saved,0,Open Play,Left Foot,Normal,False,False,0.025904387
3913174,15570.0,Chloe Kelly,Manchester City WFC,1,48,4,102.4,52.4,21.5,Inside box,Regular Play,Saved,0,Open Play,Right Foot,Normal,True,False,0.057203513
3913174,19498.0,Jessica Park,Manchester City WFC,1,48,42,107.7,36.7,12.7,Inside box,Regular Play,Saved,0,Open Play,Left Foot,Normal,False,False,0.1694634
3913174,15555.0,Lauren Hemp,Manchester City WFC,1,50,24,110.1,46.3,11.7,Inside box,Regular Play,Saved,0,Open Play,Head,Normal,False,False,0.09860247
3913174,15706.0,Rachel Furness,Bristol City WFC,2,48,17,113.6,43.9,7.5,Inside box,From Corner,Wayward,0,Open Play,Head,Normal,False,True,0.098265514
3913174,15555.0,Lauren Hemp,Manchester City WFC,2,54,39,98.8,50.6,23.7,Outside box,From Throw In,Blocked,0,Open Play,Left Foot,Normal,False,False,0.026610343
3913174,15555.0,Lauren Hemp,Manchester City WFC,2,54,57,114.4,48.5,10.2,Inside box,From Throw In,Off T,0,Open Play,Right Foot,Volley,True,False,0.14406732
3913174,19498.0,Jessica Park,Manchester City WFC,2,57,21,108.1,53.7,18.1,Inside box,From Throw In,Saved,0,Open Play,Right Foot,Normal,False,False,0.052082628
3913174,32210.0,Laia Aleixandri López,Manchester City WFC,2,58,7,113.1,36.4,7.8,Inside box,Regular Play,Off T,0,Open Play,Head,Normal,False,False,0.21532844
3913174,35693.0,Mary Boio Fowler,Manchester City WFC,2,61,13,99.2,30.1,23.0,Outside box,Regular Play,Goal,1,Open Play,Left Foot,Normal,False,False,0.057550147
3913174,15555.0,Lauren Hemp,Manchester City WFC,2,63,39,109.7,33.8,12.0,Inside box,Regular Play,Post,0,Open Play,Head,Normal,False,False,0.06653139
3913174,35693.0,Mary Boio Fowler,Manchester City WFC,2,65,3,113.2,35.7,8.0,Inside box,From Throw In,Blocked,0,Open Play,Left Foot,Half Volley,False,False,0.23185995
3913174,32210.0,Laia Aleixandri López,Manchester City WFC,2,70,11,111.6,43.9,9.3,Inside box,From Corner,Saved,0,Open Play,Head,Normal,False,False,0.07442593
3913174,33675.0,Laura Madison Blindkilde Brown,Manchester City WFC,2,72,56,114.0,43.3,6.8,Inside box,From Free Kick,Wayward,0,Open Play,Head,Normal,False,False,0.17081428
3913174,15570.0,Chloe Kelly,Manchester City WFC,2,73,47,107.7,20.9,22.7,Inside box,Regular Play,Blocked,0,Open Play,Right Foot,Normal,False,False,0.010009261
3913174,35693.0,Mary Boio Fowler,Manchester City WFC,2,74,37,111.0,44.6,10.1,Inside box,Regular Play,Goal,1,Open Play,Right Foot,Volley,True,True,0.086905286
3913174,15555.0,Lauren Hemp,Manchester City WFC,2,79,56,97.8,50.6,24.6,Outside box,Regular Play,Saved,0,Open Play,Left Foot,Normal,False,True,0.034881335
3913174,15570.0,Chloe Kelly,Manchester City WFC,2,94,59,105.2,28.9,18.5,Inside box,Regular Play,Off T,0,Open Play,Right Foot,Half Volley,True,False,0.05849184
3913174,10252.0,Alex Greenwood,Manchester City WFC,2,98,26,114.0,44.7,7.6,Inside box,From Corner,Goal,1,Open Play,Head,Normal,False,True,0.11447691
3913164,276301.0,Elisabeth Terland,Brighton & Hove Albion WFC,1,0,12,109.1,34.3,12.3,Inside box,From Kick Off,Blocked,0,Open Play,Left Foot,Half Volley,False,False,0.24554265
3913164,405188.0,Madison Haley,Brighton & Hove Albion WFC,1,0,27,114.8,24.0,16.8,Inside box,From Throw In,Blocked,0,Open Play,Left Foot,Half Volley,False,False,0.011246623
3913164,105102.0,Veatriki Sarri,Brighton & Hove Albion WFC,1,7,30,104.3,31.3,17.9,Inside box,From Throw In,Blocked,0,Open Play,Right Foot,Normal,True,False,0.06718611
3913164,276301.0,Elisabeth Terland,Brighton & Hove Albion WFC,1,21,13,108.0,36.3,12.6,Inside box,From Corner,Saved,0,Open Play,Left Foot,Volley,True,False,0.06896884
3913164,32227.0,Emma Snerle,West Ham United LFC,1,37,56,105.7,27.0,19.3,Inside box,From Throw In,Saved,0,Open Play,Right Foot,Normal,False,False,0.058872186
3913164,401930.0,Riko Ueki,West Ham United LFC,1,38,9,116.6,34.8,6.2,Inside box,Regular Play,Off T,0,Open Play,Head,Normal,False,False,0.1913698
3913164,32227.0,Emma Snerle,West Ham United LFC,1,41,5,98.8,35.5,21.7,Outside box,From Throw In,Saved,0,Open Play,Right Foot,Normal,False,False,0.07379212
3913164,401930.0,Riko Ueki,West Ham United LFC,2,55,11,104.7,45.9,16.4,Inside box,From Free Kick,Off T,0,Open Play,Right Foot,Volley,True,True,0.0643306
3913164,131653.0,Honoka Hayashi,West Ham United LFC,2,58,30,99.0,33.8,21.9,Outside box,From Throw In,Saved,0,Open Play,Left Foot,Half Volley,True,True,0.024018368
3913164,405188.0,Madison Haley,Brighton & Hove Albion WFC,2,62,33,103.7,39.1,16.3,Inside box,From Free Kick,Blocked,0,Open Play,Right Foot,Half Volley,True,False,0.08119895
3913164,25834.0,Viviane Asseyi,West Ham United LFC,2,66,49,113.1,45.4,8.8,Inside box,From Throw In,Off T,0,Open Play,Head,Normal,False,True,0.06952526
3913164,25453.0,Geum-Min Lee,Brighton & Hove Albion WFC,2,69,31,114.5,34.9,7.5,Inside box,From Free Kick,Wayward,0,Open Play,Head,Normal,False,True,0.14995688
3913164,395055.0,Princess Ademiluyi,West Ham United LFC,2,76,41,96.2,45.2,24.4,Outside box,Regular Play,Saved,0,Open Play,Right Foot,Normal,False,False,0.04633454
3913164,10167.0,Tatiana Vanessa Ferreira Pinto,Brighton & Hove Albion WFC,2,80,34,112.2,44.3,8.9,Inside box,From Free Kick,Blocked,0,Open Play,Right Foot,Normal,True,False,0.14143747
3913164,85004.0,Maisie Symonds,Brighton & Hove Albion WFC,2,84,3,114.2,20.9,20.0,Inside box,From Throw In,Saved,0,Open Play,Right Foot,Half Volley,False,False,0.01124129
3913164,34500.0,Emma Nanny Charlotte Kullberg,Brighton & Hove Albion WFC,2,85,6,101.3,9.4,35.9,Outside box,Regular Play,Off T,0,Open Play,Right Foot,Normal,False,False,0.005976989
3913164,401930.0,Riko Ueki,West Ham United LFC,2,86,52,96.8,27.3,26.4,Outside box,From Throw In,Off T,0,Open Play,Right Foot,Normal,False,True,0.026734024
3913164,370018.0,Shannon Cooke,West Ham United LFC,2,89,57,94.9,23.1,30.3,Outside box,From Free Kick,Wayward,0,Open Play,Right Foot,Normal,True,True,0.012682951
3913164,276301.0,Elisabeth Terland,Brighton & Hove Albion WFC,2,91,17,107.4,26.5,18.5,Inside box,From Counter,Post,0,Open Play,Left Foot,Normal,False,False,0.055861834
3913164,322322.0,Jessica Ziu,West Ham United LFC,2,92,46,95.2,42.9,25.0,Outside box,From Keeper,Saved,0,Open Play,Right Foot,Normal,False,True,0.045752827
3913138,4660.0,Erin Cuthbert,Chelsea FCW,1,4,4,104.1,51.2,19.4,Inside box,From Throw In,Blocked,0,Open Play,Right Foot,Normal,True,False,0.07644114
3913138,26093.0,Gun Nathalie Björn,Chelsea FCW,1,5,15,109.3,44.6,11.6,Inside box,From Corner,Saved,0,Open Play,Head,Normal,False,False,0.05060203
3913138,25554.0,Khadija Monifa Shaw,Manchester City WFC,1,13,46,112.0,37.2,8.5,Inside box,From Counter,Goal,1,Open Play,Right Foot,Normal,False,False,0.579498
3913138,25554.0,Khadija Monifa Shaw,Manchester City WFC,1,15,59,97.8,49.5,24.1,Outside box,From Goal Kick,Off T,0,Open Play,Left Foot,Normal,False,False,0.04958555
3913138,25554.0,Khadija Monifa Shaw,Manchester City WFC,1,19,27,110.8,48.1,12.3,Inside box,From Goal Kick,Saved,0,Open Play,Right Foot,Normal,True,True,0.29204512
3913138,32210.0,Laia Aleixandri López,Manchester City WFC,1,20,4,109.1,43.1,11.3,Inside box,From Corner,Saved,0,Open Play,Head,Normal,False,False,0.042772382
3913138,10514.0,Guro Reiten,Chelsea FCW,1,24,30,110.2,19.3,22.9,Inside box,From Corner,Saved,0,Open Play,Left Foot,Volley,True,False,0.009428582
3913138,4641.0,Francesca Kirby,Chelsea FCW,1,33,47,108.8,52.0,16.4,Inside box,Regular Play,Saved,0,Open Play,Right Foot,Normal,True,False,0.13680106
3913138,15648.0,Melanie Leupolz,Chelsea FCW,1,34,18,111.4,31.8,11.9,Inside box,From Corner,Blocked,0,Open Play,Right Foot,Backheel,True,False,0.052930646
3913138,31531.0,Lauren James,Chelsea FCW,1,36,58,109.9,53.8,17.1,Inside box,From Free Kick,Blocked,0,Open Play,Right Foot,Normal,False,False,0.02902307
3913138,4660.0,Erin Cuthbert,Chelsea FCW,1,42,16,98.5,53.8,25.5,Outside box,Regular Play,Off T,0,Open Play,Right Foot,Normal,False,False,0.027234642
3913138,15570.0,Chloe Kelly,Manchester City WFC,1,46,26,106.6,59.8,23.9,Inside box,From Counter,Blocked,0,Open Play,Right Foot,Normal,False,False,0.010421913
3913138,25554.0,Khadija Monifa Shaw,Manchester City WFC,1,47,47,115.4,63.8,24.2,Outside box,From Throw In,Off T,0,Open Play,Right Foot,Half Volley,False,True,0.006245534
3913138,19498.0,Jessica Park,Manchester City WFC,2,55,4,101.9,44.6,18.7,Outside box,From Keeper,Blocked,0,Open Play,Left Foot,Normal,False,False,0.06455628
3913138,19416.0,Laura Coombs,Manchester City WFC,2,56,57,97.4,33.0,23.7,Outside box,From Throw In,Saved,0,Open Play,Right Foot,Normal,False,False,0.047692053
3913138,32210.0,Laia Aleixandri López,Manchester City WFC,2,68,4,112.5,36.1,8.5,Inside box,From Corner,Off T,0,Open Play,Head,Normal,False,True,0.08892255
3913138,221888.0,Kerstin Yasmijn Casparij,Manchester City WFC,2,71,3,103.3,53.0,21.2,Inside box,Regular Play,Off T,0,Open Play,Left Foot,Normal,False,False,0.042490266
3913138,15570.0,Chloe Kelly,Manchester City WFC,2,72,24,109.9,30.3,14.0,Inside box,From Throw In,Saved,0,Open Play,Left Foot,Normal,False,False,0.18978646
3913138,81580.0,Agnes Beever-Jones,Chelsea FCW,2,74,59,111.8,29.1,13.6,Inside box,From Throw In,Off T,0,Open Play,Left Foot,Half Volley,True,False,0.07912111
3913138,4660.0,Erin Cuthbert,Chelsea FCW,2,76,51,105.4,53.3,19.7,Inside box,Regular Play,Off T,0,Open Play,Right Foot,Normal,True,False,0.045235883
3913138,47008.0,Sjoeke Nüsken,Chelsea FCW,2,82,46,104.9,42.6,15.3,Inside box,From Corner,Blocked,0,Open Play,Left Foot,Volley,True,False,0.06755485
3913138,53188.0,Mayra Tatiana Ramírez Ramírez,Chelsea FCW,2,85,5,112.2,42.6,8.2,Inside box,From Corner,Blocked,0,Open Play,Head,Normal,False,True,0.07523757
3913138,15555.0,Lauren Hemp,Manchester City WFC,2,90,6,92.3,43.6,27.9,Outside box,From Free Kick,Off T,0,Open Play,Left Foot,Normal,False,False,0.034097668
3913138,15631.0,Niamh Charles,Chelsea FCW,2,92,14,110.0,39.4,10.0,Inside box,From Corner,Blocked,0,Open Play,Head,Normal,False,True,0.052025985
3913138,62709.0,Jelena Canković,Chelsea FCW,2,94,26,106.5,42.3,13.7,Inside box,Regular Play,Saved,0,Open Play,Left Foot,Half Volley,False,False,0.07850557
3913138,47008.0,Sjoeke Nüsken,Chelsea FCW,2,94,28,117.5,38.1,3.1,Inside box,Regular Play,Saved,0,Open Play,Right Foot,Half Volley,True,False,0.5832306
3913138,47008.0,Sjoeke Nüsken,Chelsea FCW,2,95,46,107.6,37.6,12.6,Inside box,From Throw In,Blocked,0,Open Play,Head,Normal,False,False,0.05793637
3913138,31531.0,Lauren James,Chelsea FCW,2,96,35,101.3,17.6,29.2,Outside box,From Throw In,Off T,0,Open Play,Right Foot,Normal,False,False,0.007133813
3913138,31531.0,Lauren James,Chelsea FCW,2,97,47,109.9,45.4,11.5,Inside box,From Throw In,Saved,0,Open Play,Head,Normal,False,True,0.036924433
3913128,276443.0,Kathrine Møller Kühl,Everton LFC,1,6,30,94.4,60.4,32.7,Outside box,From Free Kick,Off T,0,Open Play,Right Foot,Lob,True,False,0.017596796
3913128,4865.0,Josie Green,Leicester City WFC,1,10,32,108.0,40.9,12.0,Inside box,From Free Kick,Wayward,0,Open Play,Head,Normal,False,True,0.05358686
3913128,224149.0,Elise Isolde Stenevik,Everton LFC,1,12,39,110.6,42.7,9.8,Inside box,From Free Kick,Off T,0,Open Play,Head,Normal,False,True,0.09033711
3913128,10260.0,Lena Petermann,Leicester City WFC,1,13,59,110.5,31.5,12.7,Inside box,From Goal Kick,Wayward,0,Open Play,Left Foot,Backheel,True,False,0.06149433
3913128,224822.0,Jutta Rantala,Leicester City WFC,1,14,2,104.6,34.5,16.4,Inside box,From Goal Kick,Saved,0,Open Play,Right Foot,Half Volley,True,False,0.09447509
3913128,46459.0,Katja Snoeijs,Everton LFC,1,17,41,114.2,37.1,6.5,Inside box,Regular Play,Post,0,Open Play,Right Foot,Volley,True,False,0.32430872
3913128,46738.0,Emma Bissell,Everton LFC,1,23,6,106.9,28.9,17.2,Inside box,From Throw In,Off T,0,Open Play,Left Foot,Normal,False,False,0.094385974
3913128,224822.0,Jutta Rantala,Leicester City WFC,1,26,5,112.2,28.3,14.1,Inside box,Regular Play,Saved,0,Open Play,Left Foot,Normal,False,False,0.12445347
3913128,135759.0,Shannon O’Brien,Leicester City WFC,1,29,5,112.5,34.2,9.5,Inside box,From Corner,Saved,0,Open Play,Head,Normal,False,False,0.09758993
3913128,26520.0,Yuka Momiki,Leicester City WFC,1,36,16,98.5,34.0,22.3,Outside box,From Free Kick,Blocked,0,Open Play,Left Foot,Normal,False,True,0.025827631
3913128,135759.0,Shannon O’Brien,Leicester City WFC,1,36,18,110.0,27.8,15.8,Inside box,From Free Kick,Saved,0,Open Play,Right Foot,Normal,False,False,0.13124582
3913128,10260.0,Lena Petermann,Leicester City WFC,1,45,55,113.5,44.0,7.6,Inside box,Regular Play,Saved,0,Open Play,Left Foot,Normal,False,False,0.1775132
3913128,135759.0,Shannon O’Brien,Leicester City WFC,1,46,10,101.6,26.3,22.9,Outside box,Regular Play,Saved,0,Open Play,Right Foot,Normal,False,False,0.032738846
3913128,46459.0,Katja Snoeijs,Everton LFC,2,46,23,108.9,54.0,17.9,Inside box,From Counter,Blocked,0,Open Play,Left Foot,Normal,False,False,0.06426029
3913128,87191.0,Rikke Marie Madsen,Everton LFC,2,46,24,114.0,36.4,7.0,Inside box,From Counter,Off T,0,Open Play,Left Foot,Half Volley,True,False,0.537069
3913128,276443.0,Kathrine Møller Kühl,Everton LFC,2,47,8,107.4,48.1,15.0,Inside box,Regular Play,Blocked,0,Open Play,Right Foot,Normal,False,False,0.057406835
3913128,10100.0,Janice Cayman,Leicester City WFC,2,52,2,98.1,44.5,22.4,Outside box,Regular Play,Goal,1,Open Play,Left Foot,Normal,False,False,0.046489008
3913128,34499.0,Hanna Ulrika Bennison,Everton LFC,2,74,37,98.7,63.2,31.5,Outside box,From Counter,Off T,0,Open Play,Right Foot,Lob,False,False,0.012049721
3913128,26520.0,Yuka Momiki,Leicester City WFC,2,76,22,99.3,40.2,20.7,Outside box,Regular Play,Off T,0,Open Play,Left Foot,Normal,True,False,0.07790593
3913128,10260.0,Lena Petermann,Leicester City WFC,2,81,54,112.0,42.1,8.3,Inside box,Regular Play,Off T,0,Open Play,Head,Normal,False,False,0.14955465
3913128,224822.0,Jutta Rantala,Leicester City WFC,2,86,24,100.8,43.8,19.6,Outside box,From Free Kick,Post,0,Free Kick,Right Foot,Normal,False,False,0.098373845
3913128,15720.0,Sophie Howard,Leicester City WFC,2,86,26,111.0,35.1,10.2,Inside box,From Free Kick,Blocked,0,Open Play,Head,Normal,False,False,0.059843097
3913181,4638.0,Drew Spence,Tottenham Hotspur Women,1,3,29,97.8,47.0,23.3,Outside box,From Free Kick,Saved,0,Open Play,Right Foot,Normal,True,False,0.0505207
3913181,224167.0,Matilda Liv Vinberg,Tottenham Hotspur Women,1,4,48,109.6,31.7,13.3,Inside box,Regular Play,Saved,0,Open Play,Left Foot,Normal,False,False,0.17745118
3913181,32229.0,Sara Holmgaard,Everton LFC,1,9,15,106.1,27.3,18.8,Inside box,Regular Play,Goal,1,Open Play,Left Foot,Normal,False,False,0.090192765
3913181,32230.0,Karen Holmgaard,Everton LFC,1,14,30,107.8,34.0,13.6,Inside box,From Corner,Blocked,0,Open Play,Head,Normal,False,True,0.026798835
3913181,63308.0,Justine Vanhaevermaet,Everton LFC,1,14,34,118.5,37.6,2.8,Inside box,From Corner,Goal,1,Open Play,Left Foot,Normal,False,False,0.61212194
3913181,46740.0,Grace Clinton,Tottenham Hotspur Women,1,18,50,101.7,35.8,18.8,Outside box,Regular Play,Saved,0,Open Play,Right Foot,Normal,True,False,0.09354283
3913181,15550.0,Bethany England,Tottenham Hotspur Women,1,23,47,104.8,39.9,15.2,Inside box,Regular Play,Saved,0,Open Play,Head,Normal,False,True,0.03594119
3913181,15550.0,Bethany England,Tottenham Hotspur Women,1,28,19,113.6,36.4,7.3,Inside box,From Throw In,Saved,0,Open Play,Head,Normal,False,False,0.12018278
3913181,46972.0,Luana Bühler,Tottenham Hotspur Women,1,29,6,117.0,34.3,6.4,Inside box,From Corner,Saved,0,Open Play,Head,Normal,False,True,0.12110581
3913181,224167.0,Matilda Liv Vinberg,Tottenham Hotspur Women,1,31,55,107.5,41.4,12.6,Inside box,Regular Play,Off T,0,Open Play,Head,Normal,False,False,0.061269253
3913181,4638.0,Drew Spence,Tottenham Hotspur Women,1,32,38,106.2,31.1,16.4,Inside box,From Goal Kick,Post,0,Open Play,Right Foot,Normal,False,False,0.42125934
3913181,32230.0,Karen Holmgaard,Everton LFC,1,36,17,115.2,31.0,10.2,Inside box,From Corner,Off T,0,Open Play,Head,Normal,False,False,0.048601717
3913181,224167.0,Matilda Liv Vinberg,Tottenham Hotspur Women,1,39,32,91.3,53.6,31.8,Outside box,Regular Play,Off T,0,Open Play,Left Foot,Normal,False,False,0.019620499
3913181,4638.0,Drew Spence,Tottenham Hotspur Women,1,44,58,116.2,42.9,4.8,Inside box,From Counter,Goal,1,Open Play,Right Foot,Half Volley,False,False,0.80963224
3913181,15550.0,Bethany England,Tottenham Hotspur Women,2,45,28,106.4,38.1,13.7,Inside box,Regular Play,Wayward,0,Open Play,Head,Normal,False,False,0.0463729
3913181,21023.0,Amanda Nildén,Tottenham Hotspur Women,2,46,56,95.7,23.7,29.3,Outside box,From Throw In,Off T,0,Open Play,Left Foot,Normal,True,False,0.024449639
3913181,15550.0,Bethany England,Tottenham Hotspur Women,2,47,22,116.0,42.3,4.6,Inside box,Regular Play,Goal,1,Open Play,Right Foot,Normal,True,False,0.9351222
3913181,21023.0,Amanda Nildén,Tottenham Hotspur Women,2,50,6,115.0,28.8,12.3,Inside box,Regular Play,Off T,0,Open Play,Left Foot,Normal,True,False,0.11258359
3913181,21023.0,Amanda Nildén,Tottenham Hotspur Women,2,51,47,110.0,38.5,10.1,Inside box,From Free Kick,Blocked,0,Open Play,Left Foot,Half Volley,True,False,0.108094096
3913181,61467.0,Jessica Naz,Tottenham Hotspur Women,2,51,49,106.8,45.0,14.1,Inside box,From Free Kick,Off T,0,Open Play,Right Foot,Half Volley,False,False,0.068271354
3913181,31551.0,Kit Graham,Tottenham Hotspur Women,2,55,40,95.5,55.0,28.7,Outside box,From Free Kick,Saved,0,Open Play,Left Foot,Normal,True,False,0.020872729
3913181,45737.0,Martina Piemonte,Everton LFC,2,56,20,57.5,54.5,64.2,Outside box,Regular Play,Saved,0,Open Play,Right Foot,Lob,False,False,0.0042038443
3913181,61467.0,Jessica Naz,Tottenham Hotspur Women,2,57,22,111.2,28.9,14.2,Inside box,From Keeper,Off T,0,Open Play,Left Foot,Normal,True,False,0.19607435
3913181,276443.0,Kathrine Møller Kühl,Everton LFC,2,63,9,98.3,35.1,22.2,Outside box,Regular Play,Off T,0,Open Play,Right Foot,Normal,True,False,0.08260518
3913181,46459.0,Katja Snoeijs,Everton LFC,2,63,51,107.3,45.0,13.6,Inside box,Regular Play,Blocked,0,Open Play,Right Foot,Half Volley,True,False,0.07768784
3913181,63308.0,Justine Vanhaevermaet,Everton LFC,2,68,18,109.9,37.7,10.4,Inside box,From Corner,Off T,0,Open Play,Head,Normal,False,True,0.049659636
3913181,24461.0,Shuang Wang,Tottenham Hotspur Women,2,73,33,104.5,52.8,20.1,Inside box,From Throw In,Saved,0,Open Play,Left Foot,Normal,True,True,0.06814489
3913181,15550.0,Bethany England,Tottenham Hotspur Women,2,78,21,105.9,53.5,19.5,Inside box,Other,Saved,0,Open Play,Right Foot,Normal,True,False,0.07637427
3913181,31558.0,Martha Thomas,Tottenham Hotspur Women,2,81,1,112.7,44.1,8.4,Inside box,Regular Play,Saved,0,Open Play,Right Foot,Normal,True,False,0.45917594
3913181,24461.0,Shuang Wang,Tottenham Hotspur Women,2,81,4,96.1,51.3,26.4,Outside box,Regular Play,Off T,0,Open Play,Left Foot,Normal,True,False,0.029759096
3913181,31551.0,Kit Graham,Tottenham Hotspur Women,2,82,2,97.1,28.4,25.7,Outside box,Regular Play,Saved,0,Open Play,Left Foot,Normal,False,False,0.03145515
3913181,132034.0,Charlotte Layne Grant,Tottenham Hotspur Women,2,83,48,101.5,27.7,22.2,Outside box,From Free Kick,Off T,0,Open Play,Right Foot,Lob,True,True,0.15846206
3913181,31558.0,Martha Thomas,Tottenham Hotspur Women,2,86,28,111.7,41.1,8.4,Inside box,Regular Play,Off T,0,Open Play,Head,Normal,False,True,0.10781789
3913181,18254.0,Megan Finnigan,Everton LFC,2,89,53,113.3,34.7,8.5,Inside box,From Free Kick,Off T,0,Open Play,Head,Normal,False,True,0.0730097
3913181,15550.0,Bethany England,Tottenham Hotspur Women,2,92,21,97.4,30.0,24.7,Outside box,From Throw In,Blocked,0,Open Play,Left Foot,Normal,False,False,0.029226013
3912603,24237.0,Missy Bo Kearns,Liverpool WFC,1,1,9,110.0,40.7,10.0,Inside box,From Throw In,Wayward,0,Open Play,Head,Normal,False,False,0.05908256
3912603,24237.0,Missy Bo Kearns,Liverpool WFC,1,1,40,110.8,37.0,9.7,Inside box,From Throw In,Off T,0,Open Play,Right Foot,Volley,True,True,0.0635286
3912603,32403.0,Emma Wilhelmina Koivisto,Liverpool WFC,1,3,14,105.8,48.4,16.5,Inside box,From Free Kick,Blocked,0,Open Play,Right Foot,Normal,True,False,0.13547112
3912603,5058.0,Rachel Daly,Aston Villa W,1,13,39,103.3,40.5,16.7,Inside box,From Keeper,Off T,0,Open Play,Head,Normal,False,True,0.040313933
3912603,5058.0,Rachel Daly,Aston Villa W,1,15,36,110.6,36.8,9.9,Inside box,From Throw In,Off T,0,Open Play,Head,Normal,False,False,0.095101506
3912603,46974.0,Marie Therese Höbinger,Liverpool WFC,1,20,25,107.2,42.4,13.0,Inside box,Regular Play,Goal,1,Open Play,Left Foot,Normal,False,False,0.08790582
3912603,15562.0,Lucy Staniforth,Aston Villa W,1,23,2,91.2,36.8,29.0,Outside box,Regular Play,Blocked,0,Open Play,Right Foot,Normal,False,False,0.03241745
3912603,78072.0,Anna Patten,Aston Villa W,1,23,54,110.5,42.3,9.8,Inside box,From Corner,Blocked,0,Open Play,Right Foot,Half Volley,False,False,0.09693578
3912603,10093.0,Yana Daniëls,Liverpool WFC,1,25,58,103.5,48.8,18.7,Inside box,Regular Play,Saved,0,Open Play,Right Foot,Normal,True,True,0.09576186
3912603,19687.0,Taylor Hinds,Liverpool WFC,1,28,15,115.3,23.8,16.9,Inside box,From Counter,Off T,0,Open Play,Right Foot,Normal,False,False,0.013031378
3912603,10192.0,Jordan Nobbs,Aston Villa W,1,31,33,109.5,41.8,10.7,Inside box,From Goal Kick,Blocked,0,Open Play,Right Foot,Normal,True,False,0.38165566
3912603,78072.0,Anna Patten,Aston Villa W,1,32,10,111.2,33.8,10.8,Inside box,From Corner,Saved,0,Open Play,Left Foot,Half Volley,True,False,0.12545948
3912603,18153.0,Alisha Lehmann,Aston Villa W,1,49,35,105.8,26.2,19.8,Inside box,Regular Play,Saved,0,Open Play,Right Foot,Normal,False,False,0.043422915
3912603,32403.0,Emma Wilhelmina Koivisto,Liverpool WFC,2,49,44,102.8,54.3,22.4,Inside box,From Throw In,Off T,0,Open Play,Right Foot,Normal,False,False,0.056566045
3912603,46974.0,Marie Therese Höbinger,Liverpool WFC,2,55,31,99.9,51.4,23.1,Outside box,From Throw In,Saved,0,Open Play,Right Foot,Normal,True,True,0.036125336
3912603,24237.0,Missy Bo Kearns,Liverpool WFC,2,68,23,100.3,61.5,29.2,Outside box,Regular Play,Saved,0,Open Play,Right Foot,Normal,False,False,0.013090945
3912603,33675.0,Laura Madison Blindkilde Brown,Aston Villa W,2,73,52,106.4,50.3,17.1,Inside box,From Throw In,Blocked,0,Open Play,Right Foot,Normal,True,False,0.062112883
3912603,135947.0,Lucy Parker,Aston Villa W,2,75,54,91.5,49.9,30.2,Outside box,Regular Play,Blocked,0,Open Play,Right Foot,Normal,False,True,0.025982482
3912603,135758.0,Natasha Jane Flint,Liverpool WFC,2,76,35,108.5,39.5,11.5,Inside box,From Counter,Goal,1,Open Play,Right Foot,Normal,False,True,0.08842111
3912603,31527.0,Ebony Salmon,Aston Villa W,2,85,21,118.7,48.1,8.2,Inside box,From Keeper,Saved,0,Open Play,Right Foot,Normal,True,True,0.026646055
3912603,5058.0,Rachel Daly,Aston Villa W,2,92,49,88.6,58.9,36.6,Outside box,From Throw In,Off T,0,Open Play,Left Foot,Half Volley,True,False,0.0075734593
3912603,31527.0,Ebony Salmon,Aston Villa W,2,95,48,102.0,28.1,21.6,Inside box,From Free Kick,Blocked,0,Open Play,Right Foot,Normal,False,False,0.025832176
3913107,25554.0,Khadija Monifa Shaw,Manchester City WFC,1,3,30,113.2,41.1,6.9,Inside box,Regular Play,Off T,0,Open Play,Head,Normal,False,True,0.11714769
3913107,10192.0,Jordan Nobbs,Aston Villa W,1,6,4,110.9,44.6,10.2,Inside box,From Throw In,Blocked,0,Open Play,Right Foot,Half Volley,False,False,0.13343051
3913107,4984.0,Rachel Corsie,Aston Villa W,1,6,40,112.9,45.5,9.0,Inside box,From Corner,Blocked,0,Open Play,Head,Normal,False,False,0.07548352
3913107,15571.0,Danielle Turner,Aston Villa W,1,6,55,107.0,45.6,14.2,Inside box,From Corner,Goal,1,Open Play,Right Foot,Volley,True,False,0.057847932
3913107,25632.0,Yui Hasegawa,Manchester City WFC,1,9,59,92.5,41.7,27.6,Outside box,From Corner,Blocked,0,Open Play,Right Foot,Normal,False,False,0.02759175
3913107,15570.0,Chloe Kelly,Manchester City WFC,1,13,59,96.8,27.5,26.4,Outside box,Regular Play,Saved,0,Open Play,Right Foot,Normal,False,False,0.02893474
3913107,10252.0,Alex Greenwood,Manchester City WFC,1,15,19,100.7,50.6,22.0,Outside box,From Free Kick,Blocked,0,Free Kick,Left Foot,Normal,False,False,0.077175125
3913107,5058.0,Rachel Daly,Aston Villa W,1,17,53,78.3,31.7,42.5,Outside box,Regular Play,Off T,0,Open Play,Right Foot,Normal,False,False,0.006053995
3913107,10650.0,Jill Roord,Manchester City WFC,1,19,37,104.9,35.1,15.9,Inside box,From Throw In,Blocked,0,Open Play,Right Foot,Half Volley,False,True,0.071604736
3913107,15555.0,Lauren Hemp,Manchester City WFC,1,19,39,106.8,23.9,20.8,Inside box,From Throw In,Off T,0,Open Play,Left Foot,Volley,True,False,0.030519584
3913107,10650.0,Jill Roord,Manchester City WFC,1,30,7,108.2,36.5,12.3,Inside box,Regular Play,Blocked,0,Open Play,Right Foot,Half Volley,False,False,0.085615195
3913107,15570.0,Chloe Kelly,Manchester City WFC,1,30,9,107.5,43.5,13.0,Inside box,Regular Play,Saved,0,Open Play,Right Foot,Normal,False,True,0.09466121
3913107,15570.0,Chloe Kelly,Manchester City WFC,1,37,4,104.2,42.4,16.0,Inside box,From Corner,Blocked,0,Open Play,Left Foot,Normal,False,True,0.078251675
3913107,15555.0,Lauren Hemp,Manchester City WFC,1,41,3,102.6,24.9,23.0,Inside box,Regular Play,Off T,0,Open Play,Left Foot,Normal,False,False,0.038040265
3913107,25554.0,Khadija Monifa Shaw,Manchester City WFC,1,43,1,114.1,43.0,6.6,Inside box,Regular Play,Wayward,0,Open Play,Head,Normal,False,True,0.1641192
3913107,15555.0,Lauren Hemp,Manchester City WFC,2,47,59,103.7,24.2,22.7,Inside box,From Free Kick,Off T,0,Open Play,Left Foot,Normal,False,False,0.032405995
3913107,10192.0,Jordan Nobbs,Aston Villa W,2,49,16,101.6,51.6,21.8,Outside box,From Corner,Blocked,0,Open Play,Right Foot,Normal,True,False,0.05457617
3913107,19416.0,Laura Coombs,Manchester City WFC,2,57,36,108.9,41.7,11.2,Inside box,Regular Play,Blocked,0,Open Play,Right Foot,Half Volley,False,True,0.11064479
3913107,10650.0,Jill Roord,Manchester City WFC,2,58,3,110.2,47.0,12.0,Inside box,From Corner,Blocked,0,Open Play,Right Foot,Volley,True,True,0.073748745
3913107,15555.0,Lauren Hemp,Manchester City WFC,2,60,8,113.7,33.6,9.0,Inside box,From Throw In,Goal,1,Open Play,Head,Normal,False,False,0.11299374
3913107,25554.0,Khadija Monifa Shaw,Manchester City WFC,2,63,3,97.7,32.0,23.7,Outside box,Regular Play,Blocked,0,Open Play,Right Foot,Normal,False,True,0.0477673
3913107,10252.0,Alex Greenwood,Manchester City WFC,2,64,37,115.0,46.2,8.0,Inside box,From Corner,Wayward,0,Open Play,Head,Normal,False,True,0.1076569
3913107,15555.0,Lauren Hemp,Manchester City WFC,2,64,38,118.0,36.5,4.0,Inside box,From Corner,Goal,1,Open Play,Left Foot,Half Volley,True,False,0.63160825
3913107,15555.0,Lauren Hemp,Manchester City WFC,2,70,52,109.4,35.1,11.7,Inside box,From Throw In,Saved,0,Open Play,Head,Normal,False,True,0.06786773
3913107,135947.0,Lucy Parker,Aston Villa W,2,77,42,100.1,50.9,22.7,Outside box,Regular Play,Saved,0,Open Play,Right Foot,Normal,False,False,0.068951234
3913107,15570.0,Chloe Kelly,Manchester City WFC,2,85,54,90.8,41.4,29.2,Outside box,From Throw In,Saved,0,Open Play,Right Foot,Normal,False,True,0.0166105
3913107,5058.0,Rachel Daly,Aston Villa W,2,92,45,106.3,44.6,14.5,Inside box,From Throw In,Saved,0,Open Play,Head,Normal,False,True,0.07013216
3913117,15619.0,Bethany Mead,Arsenal WFC,1,5,34,108.8,40.7,11.2,Inside box,Regular Play,Post,0,Open Play,Left Foot,Normal,True,False,0.15762053
3913117,11338.0,Caitlin Jade Foord,Arsenal WFC,1,8,15,116.1,41.5,4.2,Inside box,Regular Play,Goal,1,Open Play,Right Foot,Half Volley,True,False,0.5795697
3913117,26092.0,Amanda Ilestedt,Arsenal WFC,1,13,18,116.7,47.4,8.1,Inside box,From Free Kick,Off T,0,Open Play,Head,Normal,False,True,0.07508455
3913117,47521.0,Alessia Russo,Arsenal WFC,1,15,46,113.0,41.9,7.3,Inside box,Regular Play,Off T,0,Open Play,Right Foot,Normal,True,False,0.4493374
3913117,46459.0,Katja Snoeijs,Everton LFC,1,23,4,94.9,35.3,25.5,Outside box,Regular Play,Goal,1,Open Play,Right Foot,Normal,True,False,0.14084157
3913117,15619.0,Bethany Mead,Arsenal WFC,1,25,35,113.5,34.5,8.5,Inside box,From Throw In,Saved,0,Open Play,Left Foot,Normal,False,False,0.4540491
3913117,49697.0,Carlotte Wubben-Moy,Arsenal WFC,1,26,2,113.7,39.3,6.3,Inside box,From Corner,Blocked,0,Open Play,Head,Normal,False,True,0.11945048
3913117,15619.0,Bethany Mead,Arsenal WFC,1,26,24,102.8,51.5,20.7,Inside box,From Corner,Saved,0,Open Play,Left Foot,Half Volley,False,True,0.04850026
3913117,15623.0,Vivianne Miedema,Arsenal WFC,1,46,8,116.3,31.9,8.9,Inside box,From Throw In,Saved,0,Open Play,Right Foot,Normal,False,False,0.25920132
3913117,15619.0,Bethany Mead,Arsenal WFC,1,47,29,113.0,42.8,7.5,Inside box,From Free Kick,Goal,1,Open Play,Head,Normal,False,False,0.23564246
3913117,49697.0,Carlotte Wubben-Moy,Arsenal WFC,1,50,26,109.5,36.4,11.1,Inside box,From Free Kick,Wayward,0,Open Play,Head,Normal,False,False,0.052791588
3913117,11338.0,Caitlin Jade Foord,Arsenal WFC,1,50,28,114.1,29.4,12.1,Inside box,From Free Kick,Off T,0,Open Play,Right Foot,Volley,True,False,0.12159791
3913117,63788.0,Victoria Pelova,Arsenal WFC,2,48,35,102.0,39.7,18.0,Inside box,Regular Play,Blocked,0,Open Play,Right Foot,Normal,False,False,0.033854548
3913117,49697.0,Carlotte Wubben-Moy,Arsenal WFC,2,54,42,111.5,37.8,8.8,Inside box,From Corner,Blocked,0,Open Play,Head,Normal,False,True,0.081594564
3913117,11338.0,Caitlin Jade Foord,Arsenal WFC,2,54,57,108.9,46.4,12.8,Inside box,From Corner,Blocked,0,Open Play,Right Foot,Normal,True,False,0.09344998
3913117,15623.0,Vivianne Miedema,Arsenal WFC,2,62,51,98.9,46.8,22.2,Outside box,Regular Play,Off T,0,Open Play,Left Foot,Normal,False,True,0.05325944
3913117,47521.0,Alessia Russo,Arsenal WFC,2,67,4,104.9,53.4,20.2,Inside box,From Free Kick,Blocked,0,Open Play,Right Foot,Normal,False,False,0.04393882
3913117,107491.0,Emily Ann Fox,Arsenal WFC,2,69,12,106.7,34.8,14.3,Inside box,From Corner,Blocked,0,Open Play,Right Foot,Normal,True,False,0.08630183
3913117,47521.0,Alessia Russo,Arsenal WFC,2,72,11,94.8,34.8,25.7,Outside box,From Throw In,Off T,0,Open Play,Right Foot,Normal,False,False,0.030157663
3913117,10183.0,Toni Duggan,Everton LFC,2,86,38,104.7,37.6,15.5,Inside box,From Free Kick,Off T,0,Open Play,Head,Normal,False,False,0.023502797
3913117,16386.0,Lucy Hope,Everton LFC,2,87,16,100.3,56.2,25.5,Outside box,Regular Play,Wayward,0,Open Play,Right Foot,Normal,False,True,0.028917147
3913117,11338.0,Caitlin Jade Foord,Arsenal WFC,2,90,2,97.2,23.1,28.4,Outside box,Regular Play,Saved,0,Open Play,Right Foot,Normal,False,False,0.019579057
3913117,23465.0,Megan Campbell,Everton LFC,2,93,23,100.1,48.9,21.8,Outside box,From Corner,Blocked,0,Open Play,Right Foot,Half Volley,True,False,0.028585013
3913165,47008.0,Sjoeke Nüsken,Chelsea FCW,1,3,21,73.0,38.5,47.0,Outside box,Regular Play,Saved,0,Open Play,Right Foot,Normal,False,False,0.030004362
3913165,84901.0,Catarina Cantanhede Melônio Macário,Chelsea FCW,1,6,1,93.5,39.3,26.5,Outside box,From Free Kick,Blocked,0,Free Kick,Right Foot,Normal,False,False,0.06419813
3913165,10192.0,Jordan Nobbs,Aston Villa W,1,11,53,95.5,43.5,24.7,Outside box,From Keeper,Off T,0,Open Play,Right Foot,Normal,False,True,0.04809483
3913165,15559.0,Simone Magill,Aston Villa W,1,16,13,100.6,49.9,21.8,Outside box,From Counter,Blocked,0,Open Play,Left Foot,Normal,False,True,0.059074532
3913165,81580.0,Agnes Beever-Jones,Chelsea FCW,1,17,33,108.5,47.0,13.5,Inside box,From Throw In,Goal,1,Open Play,Left Foot,Volley,True,False,0.08864598
3913165,4641.0,Francesca Kirby,Chelsea FCW,1,23,29,114.5,36.0,6.8,Inside box,From Corner,Blocked,0,Open Play,Head,Normal,False,False,0.124549456
3913165,47008.0,Sjoeke Nüsken,Chelsea FCW,1,30,55,114.4,44.2,7.0,Inside box,From Corner,Off T,0,Open Play,Left Foot,Volley,True,True,0.22127396
3913165,15631.0,Niamh Charles,Chelsea FCW,1,34,9,107.5,39.0,12.5,Inside box,From Corner,Off T,0,Open Play,Head,Normal,False,True,0.03636138
3913165,84901.0,Catarina Cantanhede Melônio Macário,Chelsea FCW,1,37,22,114.7,45.5,7.6,Inside box,Regular Play,Wayward,0,Open Play,Right Foot,Backheel,True,False,0.12914442
3913165,389365.0,Maika Hamano,Chelsea FCW,1,37,23,114.8,37.0,6.0,Inside box,Regular Play,Goal,1,Open Play,Right Foot,Normal,True,False,0.51190567
3913165,389365.0,Maika Hamano,Chelsea FCW,1,45,24,98.1,29.5,24.3,Outside box,Regular Play,Off T,0,Open Play,Right Foot,Normal,False,True,0.03937866
3913165,84901.0,Catarina Cantanhede Melônio Macário,Chelsea FCW,1,46,27,109.9,32.3,12.7,Inside box,Regular Play,Saved,0,Open Play,Left Foot,Half Volley,True,False,0.13694102
3913165,81580.0,Agnes Beever-Jones,Chelsea FCW,2,49,21,109.9,46.1,11.8,Inside box,Regular Play,Off T,0,Open Play,Right Foot,Normal,False,True,0.189704
3913165,4641.0,Francesca Kirby,Chelsea FCW,2,58,9,108.5,31.8,14.1,Inside box,Regular Play,Off T,0,Open Play,Right Foot,Half Volley,True,True,0.08145037
3913165,15357.0,Kadeisha Buchanan,Chelsea FCW,2,59,38,104.8,43.8,15.7,Inside box,From Corner,Blocked,0,Open Play,Right Foot,Normal,True,False,0.0784435
3913165,10514.0,Guro Reiten,Chelsea FCW,2,60,19,98.1,47.2,23.1,Outside box,Regular Play,Wayward,0,Open Play,Left Foot,Volley,True,False,0.031976853
3913165,15357.0,Kadeisha Buchanan,Chelsea FCW,2,63,8,114.9,41.6,5.3,Inside box,From Corner,Goal,1,Open Play,Head,Normal,False,True,0.12596686
3913165,389365.0,Maika Hamano,Chelsea FCW,2,71,18,114.8,35.2,7.1,Inside box,Regular Play,Off T,0,Open Play,Head,Normal,False,False,0.1571321
3913165,4641.0,Francesca Kirby,Chelsea FCW,2,78,17,113.5,37.1,7.1,Inside box,From Throw In,Saved,0,Open Play,Head,Normal,False,False,0.32971844
3913165,10514.0,Guro Reiten,Chelsea FCW,2,79,19,109.6,35.1,11.5,Inside box,From Throw In,Saved,0,Open Play,Right Foot,Half Volley,False,False,0.22511087
3913165,31532.0,Kirsty Hanson,Aston Villa W,2,83,5,108.3,24.6,19.3,Inside box,From Keeper,Off T,0,Open Play,Left Foot,Normal,False,True,0.05502987
3913165,31532.0,Kirsty Hanson,Aston Villa W,2,88,58,108.4,29.2,15.8,Inside box,From Keeper,Saved,0,Open Play,Left Foot,Normal,False,False,0.1712913
3913165,31532.0,Kirsty Hanson,Aston Villa W,2,91,25,101.1,50.4,21.6,Outside box,From Free Kick,Off T,0,Open Play,Right Foot,Half Volley,True,True,0.022818841
3913165,53188.0,Mayra Tatiana Ramírez Ramírez,Chelsea FCW,2,91,55,110.3,52.1,15.5,Inside box,From Free Kick,Saved,0,Open Play,Left Foot,Normal,False,False,0.06834534
3913165,4660.0,Erin Cuthbert,Chelsea FCW,2,92,23,101.8,48.8,20.2,Outside box,Regular Play,Blocked,0,Open Play,Right Foot,Normal,True,False,0.0527597
3913165,15549.0,Sophie Louise Ingle,Chelsea FCW,2,92,44,112.8,37.4,7.7,Inside box,From Corner,Blocked,0,Open Play,Head,Normal,False,True,0.08589246
3913165,15290.0,Ashley Elizabeth Marie Lawrence,Chelsea FCW,2,92,48,97.3,55.6,27.5,Outside box,From Corner,Off T,0,Open Play,Left Foot,Normal,True,False,0.022829039
3913175,401930.0,Riko Ueki,West Ham United LFC,1,6,17,109.9,40.6,10.1,Inside box,From Keeper,Saved,0,Open Play,Left Foot,Half Volley,False,False,0.20892696
3913175,25834.0,Viviane Asseyi,West Ham United LFC,1,10,49,99.3,25.2,25.4,Outside box,Regular Play,Blocked,0,Open Play,Right Foot,Normal,False,False,0.032567006
3913175,15421.0,Kenza Dali,Aston Villa W,1,13,0,99.4,26.4,24.7,Outside box,From Free Kick,Blocked,0,Open Play,Right Foot,Normal,False,False,0.02934767
3913175,322322.0,Jessica Ziu,West Ham United LFC,1,16,31,113.1,46.9,9.8,Inside box,Regular Play,Blocked,0,Open Play,Right Foot,Half Volley,False,False,0.1552386
3913175,401930.0,Riko Ueki,West Ham United LFC,1,17,17,112.8,39.4,7.2,Inside box,Regular Play,Off T,0,Open Play,Head,Normal,False,True,0.16603127
3913175,401930.0,Riko Ueki,West Ham United LFC,1,32,59,114.0,45.0,7.8,Inside box,From Corner,Saved,0,Open Play,Head,Normal,False,True,0.18393533
3913175,5058.0,Rachel Daly,Aston Villa W,1,35,33,108.8,51.3,15.9,Inside box,From Throw In,Saved,0,Open Play,Right Foot,Half Volley,False,True,0.095278904
3913175,25834.0,Viviane Asseyi,West Ham United LFC,1,39,58,92.6,28.6,29.7,Outside box,From Throw In,Blocked,0,Open Play,Right Foot,Normal,False,False,0.027010906
3913175,401930.0,Riko Ueki,West Ham United LFC,1,41,14,99.5,46.7,21.6,Outside box,Regular Play,Off T,0,Open Play,Left Foot,Normal,False,False,0.068588786
3913175,8297.0,Adriana Kristina Leon,Aston Villa W,1,42,52,109.2,56.7,19.9,Inside box,Regular Play,Saved,0,Open Play,Right Foot,Normal,False,False,0.03914491
3913175,5058.0,Rachel Daly,Aston Villa W,2,48,56,114.3,37.6,6.2,Inside box,Regular Play,Off T,0,Open Play,Head,Normal,False,True,0.34147555
3913175,25834.0,Viviane Asseyi,West Ham United LFC,2,52,39,115.5,43.9,6.0,Inside box,From Corner,Off T,0,Open Play,Head,Normal,False,True,0.12202935
3913175,15571.0,Danielle Turner,Aston Villa W,2,54,33,110.5,45.1,10.8,Inside box,From Corner,Blocked,0,Open Play,Head,Normal,False,False,0.051027246
3913175,15571.0,Danielle Turner,Aston Villa W,2,54,35,108.8,46.0,12.7,Inside box,From Corner,Blocked,0,Open Play,Left Foot,Half Volley,True,True,0.07969894
3913175,15421.0,Kenza Dali,Aston Villa W,2,67,21,92.0,42.4,28.1,Outside box,From Free Kick,Saved,0,Free Kick,Right Foot,Normal,False,False,0.05149458
3913175,18153.0,Alisha Lehmann,Aston Villa W,2,71,30,113.5,35.7,7.8,Inside box,Regular Play,Goal,1,Open Play,Right Foot,Half Volley,True,True,0.19351658
3913175,78072.0,Anna Patten,Aston Villa W,2,75,8,114.4,39.1,5.7,Inside box,From Free Kick,Wayward,0,Open Play,Right Foot,Half Volley,True,True,0.30374616
3913175,18153.0,Alisha Lehmann,Aston Villa W,2,76,9,110.3,54.3,17.3,Inside box,Regular Play,Off T,0,Open Play,Right Foot,Normal,False,False,0.065230906
3913175,370018.0,Shannon Cooke,West Ham United LFC,2,88,27,86.1,44.1,34.1,Outside box,From Counter,Blocked,0,Open Play,Right Foot,Normal,False,False,0.0174873
3913175,25834.0,Viviane Asseyi,West Ham United LFC,2,90,1,114.7,36.9,6.1,Inside box,From Corner,Saved,0,Open Play,Head,Normal,False,False,0.15261905
3913175,370018.0,Shannon Cooke,West Ham United LFC,2,94,18,112.0,43.3,8.7,Inside box,From Goal Kick,Goal,1,Open Play,Head,Normal,False,True,0.067476206
3913082,31539.0,Leah Galton,Manchester United W,1,0,54,112.1,36.3,8.7,Inside box,From Kick Off,Blocked,0,Open Play,Head,Normal,False,True,0.080485
3913082,31534.0,Ella Toone,Manchester United W,1,2,29,103.2,34.0,17.8,Inside box,From Throw In,Blocked,0,Open Play,Right Foot,Normal,False,False,0.032563783
3913082,401932.0,Hinata Miyazawa,Manchester United W,1,2,32,97.4,44.4,23.0,Outside box,From Throw In,Blocked,0,Open Play,Right Foot,Normal,False,False,0.039368678
3913082,31614.0,Melvine Malard,Manchester United W,1,2,33,107.7,38.8,12.4,Inside box,From Throw In,Saved,0,Open Play,Left Foot,Normal,True,True,0.26903507
3913082,25543.0,Geyse da Silva Ferreira,Manchester United W,1,7,12,115.5,53.9,14.6,Inside box,Regular Play,Off T,0,Open Play,Right Foot,Normal,False,False,0.015161719
3913082,405188.0,Madison Haley,Brighton & Hove Albion WFC,1,18,1,114.9,42.6,5.7,Inside box,From Corner,Blocked,0,Open Play,Head,Normal,False,True,0.12423736
3913082,276301.0,Elisabeth Terland,Brighton & Hove Albion WFC,1,18,15,105.7,42.2,14.5,Inside box,From Corner,Saved,0,Open Play,Right Foot,Normal,True,False,0.108810075
3913082,388473.0,Jorelyn Andrea Daniela Carabalí Martínez,Brighton & Hove Albion WFC,1,20,18,111.5,37.3,8.9,Inside box,From Corner,Saved,0,Open Play,Head,Normal,False,True,0.065711476
3913082,276301.0,Elisabeth Terland,Brighton & Hove Albion WFC,1,27,48,102.8,31.3,19.3,Inside box,From Free Kick,Off T,0,Open Play,Right Foot,Half Volley,True,False,0.08617374
3913082,85004.0,Maisie Symonds,Brighton & Hove Albion WFC,1,29,25,101.5,52.6,22.4,Outside box,From Counter,Wayward,0,Open Play,Right Foot,Normal,False,False,0.042489067
3913082,276301.0,Elisabeth Terland,Brighton & Hove Albion WFC,1,29,26,109.4,44.1,11.4,Inside box,From Counter,Goal,1,Open Play,Right Foot,Normal,False,False,0.4612644
3913082,25543.0,Geyse da Silva Ferreira,Manchester United W,1,32,18,110.4,37.0,10.1,Inside box,From Throw In,Saved,0,Open Play,Other,Normal,True,True,0.12618703
3913082,25543.0,Geyse da Silva Ferreira,Manchester United W,1,34,23,112.1,49.9,12.7,Inside box,From Throw In,Post,0,Open Play,Right Foot,Normal,False,False,0.31020233
3913082,31536.0,Millie Turner,Manchester United W,1,37,34,110.8,32.3,12.0,Inside box,From Corner,Off T,0,Open Play,Left Foot,Half Volley,False,True,0.059468124
3913082,31539.0,Leah Galton,Manchester United W,1,40,29,114.2,42.4,6.3,Inside box,From Throw In,Off T,0,Open Play,Head,Normal,False,True,0.26590544
3913082,31540.0,Katie Zelem,Manchester United W,1,43,29,107.8,9.5,32.8,Outside box,From Corner,Saved to Post,0,Open Play,Right Foot,Normal,False,False,0.006109642
3913082,31536.0,Millie Turner,Manchester United W,1,43,31,116.4,46.3,7.3,Inside box,From Corner,Saved,0,Open Play,Right Foot,Half Volley,True,False,0.16030622
3913082,31536.0,Millie Turner,Manchester United W,1,43,33,118.5,46.0,6.2,Inside box,From Corner,Off T,0,Open Play,Right Foot,Volley,False,False,0.14394102
3913082,34500.0,Emma Nanny Charlotte Kullberg,Brighton & Hove Albion WFC,2,49,59,94.3,30.0,27.6,Outside box,Regular Play,Saved,0,Open Play,Left Foot,Normal,False,False,0.023224553
3913082,25543.0,Geyse da Silva Ferreira,Manchester United W,2,50,48,101.1,41.6,19.0,Outside box,From Counter,Saved,0,Open Play,Right Foot,Normal,False,False,0.14344925
3913082,25543.0,Geyse da Silva Ferreira,Manchester United W,2,67,36,107.1,37.5,13.1,Inside box,From Free Kick,Off T,0,Open Play,Right Foot,Volley,True,True,0.0751505
3913082,31534.0,Ella Toone,Manchester United W,2,77,6,99.2,40.5,20.8,Outside box,Regular Play,Goal,1,Open Play,Right Foot,Normal,False,False,0.077277265
3913082,20725.0,Pauline Bremer,Brighton & Hove Albion WFC,2,82,25,115.7,32.1,9.0,Inside box,From Free Kick,Off T,0,Open Play,Head,Normal,False,False,0.0946391
3913082,26094.0,Julia Zigiotti-Olme,Brighton & Hove Albion WFC,2,83,5,93.7,40.0,26.3,Outside box,From Corner,Saved,0,Open Play,Right Foot,Half Volley,False,False,0.022999084
3913082,31563.0,Rachel Williams,Manchester United W,2,85,34,118.5,35.4,4.8,Inside box,From Corner,Post,0,Open Play,Head,Normal,False,True,0.19866446
3913082,105102.0,Veatriki Sarri,Brighton & Hove Albion WFC,2,87,38,106.8,54.4,19.5,Inside box,Regular Play,Saved to Post,0,Open Play,Right Foot,Normal,False,False,0.0639447
3913082,276304.0,Guro Bergsvand,Brighton & Hove Albion WFC,2,88,53,114.7,36.7,6.2,Inside box,From Corner,Goal,1,Open Play,Head,Normal,False,True,0.13976637
3913082,31540.0,Katie Zelem,Manchester United W,2,90,41,98.1,37.1,22.1,Outside box,From Throw In,Off T,0,Open Play,Right Foot,Half Volley,False,False,0.035674065
3913082,25513.0,Lucía García Córdoba,Manchester United W,2,96,40,96.5,40.9,23.5,Outside box,Regular Play,Blocked,0,Open Play,Right Foot,Normal,False,True,0.040407408
3913082,31536.0,Millie Turner,Manchester United W,2,97,2,107.6,38.5,12.5,Inside box,From Counter,Wayward,0,Open Play,Head,Normal,False,False,0.053159904
3913082,31536.0,Millie Turner,Manchester United W,2,97,6,107.2,39.6,12.8,Inside box,Regular Play,Wayward,0,Open Play,Head,Normal,False,False,0.052957732
3913082,31563.0,Rachel Williams,Manchester United W,2,97,43,118.8,43.3,3.5,Inside box,From Corner,Goal,1,Open Play,Right Foot,Half Volley,True,False,0.7637809
3913082,31536.0,Millie Turner,Manchester United W,2,100,4,113.4,35.5,8.0,Inside box,From Corner,Wayward,0,Open Play,Head,Normal,False,True,0.09408877
3913092,15577.0,Angharad James,Tottenham Hotspur Women,1,7,58,103.4,53.9,21.7,Inside box,From Throw In,Blocked,0,Open Play,Right Foot,Half Volley,True,False,0.026172305
3913092,4848.0,Ashleigh Neville,Tottenham Hotspur Women,1,8,50,113.1,46.1,9.2,Inside box,From Corner,Off T,0,Open Play,Head,Normal,False,False,0.116659015
3913092,31558.0,Martha Thomas,Tottenham Hotspur Women,1,13,34,107.2,31.8,15.2,Inside box,From Throw In,Blocked,0,Open Play,Left Foot,Normal,False,False,0.08929333
3913092,15554.0,Gemma Bonner,Liverpool WFC,1,16,36,110.9,44.9,10.3,Inside box,From Corner,Off T,0,Open Play,Head,Normal,False,True,0.053501014
3913092,24706.0,Sophie Roman Haug,Liverpool WFC,1,21,39,110.6,33.6,11.4,Inside box,Regular Play,Off T,0,Open Play,Left Foot,Half Volley,True,False,0.21414225
3913092,46974.0,Marie Therese Höbinger,Liverpool WFC,1,24,12,91.0,37.5,29.1,Outside box,Regular Play,Blocked,0,Open Play,Right Foot,Normal,False,True,0.012046162
3913092,87194.0,Celin Bizet Ildhusøy,Tottenham Hotspur Women,1,25,7,113.7,50.8,12.5,Inside box,Regular Play,Off T,0,Open Play,Head,Normal,False,True,0.041507248
3913092,87194.0,Celin Bizet Ildhusøy,Tottenham Hotspur Women,1,26,23,103.0,47.8,18.7,Inside box,Regular Play,Goal,1,Open Play,Right Foot,Normal,False,False,0.10445157
3913092,87194.0,Celin Bizet Ildhusøy,Tottenham Hotspur Women,1,32,4,112.8,36.9,7.8,Inside box,From Throw In,Off T,0,Open Play,Right Foot,Backheel,True,False,0.11828324
3913092,46974.0,Marie Therese Höbinger,Liverpool WFC,1,32,37,103.3,52.5,20.9,Inside box,From Goal Kick,Saved,0,Open Play,Right Foot,Normal,False,False,0.06728807
3913092,19687.0,Taylor Hinds,Liverpool WFC,1,33,48,79.4,21.4,44.7,Outside box,From Throw In,Saved,0,Open Play,Right Foot,Normal,False,False,0.0069637983
3913092,24706.0,Sophie Roman Haug,Liverpool WFC,1,35,58,109.9,34.7,11.4,Inside box,From Goal Kick,Off T,0,Open Play,Head,Normal,False,True,0.06314555
3913092,87194.0,Celin Bizet Ildhusøy,Tottenham Hotspur Women,1,42,17,105.8,57.6,22.6,Inside box,Regular Play,Post,0,Open Play,Right Foot,Normal,False,False,0.02866242
3913092,322359.0,Ceri Holland,Liverpool WFC,1,48,13,103.3,55.7,22.9,Inside box,Regular Play,Wayward,0,Open Play,Right Foot,Normal,True,False,0.047292825
3913092,31551.0,Kit Graham,Tottenham Hotspur Women,2,45,40,97.2,44.4,23.2,Outside box,From Counter,Blocked,0,Open Play,Left Foot,Normal,False,False,0.03592483
3913092,31551.0,Kit Graham,Tottenham Hotspur Women,2,48,19,97.7,52.9,25.8,Outside box,Regular Play,Off T,0,Open Play,Left Foot,Half Volley,True,True,0.032181837
3913092,24706.0,Sophie Roman Haug,Liverpool WFC,2,65,16,111.9,38.7,8.2,Inside box,From Free Kick,Goal,1,Open Play,Head,Normal,False,True,0.11204777
3913092,61467.0,Jessica Naz,Tottenham Hotspur Women,2,67,55,103.1,34.8,17.7,Inside box,From Goal Kick,Saved,0,Open Play,Right Foot,Normal,False,False,0.114102356
3913092,46974.0,Marie Therese Höbinger,Liverpool WFC,2,72,58,90.9,50.1,30.8,Outside box,Regular Play,Blocked,0,Open Play,Right Foot,Normal,False,False,0.022762312
3913092,15554.0,Gemma Bonner,Liverpool WFC,2,73,37,112.8,46.9,10.0,Inside box,From Corner,Wayward,0,Open Play,Head,Normal,False,True,0.053293962
3913092,15554.0,Gemma Bonner,Liverpool WFC,2,73,49,108.7,48.5,14.1,Inside box,From Corner,Blocked,0,Open Play,Head,Normal,False,True,0.026091231
3913092,46740.0,Grace Clinton,Tottenham Hotspur Women,2,77,32,100.7,26.0,23.8,Outside box,From Free Kick,Saved,0,Open Play,Right Foot,Normal,False,False,0.04059531
3913092,31558.0,Martha Thomas,Tottenham Hotspur Women,2,78,21,84.7,38.2,35.3,Outside box,Regular Play,Off T,0,Open Play,Right Foot,Normal,False,False,0.016085772
3913092,229194.0,Olga Ahtinen,Tottenham Hotspur Women,2,80,8,90.3,45.2,30.2,Outside box,From Throw In,Blocked,0,Open Play,Right Foot,Normal,True,False,0.019466802
3913092,31558.0,Martha Thomas,Tottenham Hotspur Women,2,80,43,110.4,43.8,10.3,Inside box,From Corner,Blocked,0,Open Play,Right Foot,Half Volley,True,True,0.07367596
3913092,15554.0,Gemma Bonner,Liverpool WFC,2,83,27,115.2,49.9,11.0,Inside box,From Free Kick,Off T,0,Open Play,Right Foot,Volley,True,False,0.114590056
3913092,322359.0,Ceri Holland,Liverpool WFC,2,91,19,99.0,49.1,22.9,Outside box,From Free Kick,Off T,0,Open Play,Right Foot,Volley,True,False,0.025114613
3913092,322359.0,Ceri Holland,Liverpool WFC,2,93,2,96.6,41.8,23.5,Outside box,Regular Play,Blocked,0,Open Play,Right Foot,Normal,False,False,0.044268623
3913092,15554.0,Gemma Bonner,Liverpool WFC,2,96,55,117.4,31.7,8.7,Inside box,From Corner,Off T,0,Open Play,Head,Normal,False,True,0.06231248
3912598,10229.0,Emma Stina Blackstenius,Arsenal WFC,1,3,1,110.8,43.4,9.8,Inside box,From Corner,Wayward,0,Open Play,Head,Normal,False,False,0.118992776
3912598,63788.0,Victoria Pelova,Arsenal WFC,1,10,44,108.8,54.5,18.3,Inside box,From Goal Kick,Blocked,0,Open Play,Right Foot,Normal,False,True,0.036292933
3912598,10229.0,Emma Stina Blackstenius,Arsenal WFC,1,13,42,112.4,31.0,11.8,Inside box,From Goal Kick,Goal,1,Open Play,Right Foot,Normal,False,False,0.31383106
3912598,25543.0,Geyse da Silva Ferreira,Manchester United W,1,15,26,96.5,58.7,30.0,Outside box,From Kick Off,Off T,0,Open Play,Right Foot,Half Volley,False,False,0.007680336
3912598,25543.0,Geyse da Silva Ferreira,Manchester United W,1,19,4,108.2,42.1,12.0,Inside box,From Throw In,Saved,0,Open Play,Head,Normal,False,True,0.034342326
3912598,31539.0,Leah Galton,Manchester United W,1,26,54,107.0,27.2,18.2,Inside box,Regular Play,Goal,1,Open Play,Right Foot,Normal,True,False,0.7840009
3912598,25513.0,Lucía García Córdoba,Manchester United W,1,39,28,101.0,54.1,23.7,Outside box,Regular Play,Blocked,0,Open Play,Left Foot,Normal,False,False,0.034062047
3912598,47521.0,Alessia Russo,Arsenal WFC,1,45,43,104.1,39.5,15.9,Inside box,From Free Kick,Off T,0,Open Play,Left Foot,Half Volley,True,False,0.06418515
3912598,31536.0,Millie Turner,Manchester United W,1,48,5,111.9,37.7,8.4,Inside box,From Corner,Off T,0,Open Play,Head,Normal,False,True,0.07869408
3912598,25543.0,Geyse da Silva Ferreira,Manchester United W,2,49,21,112.1,53.3,15.5,Inside box,From Throw In,Off T,0,Open Play,Right Foot,Normal,True,True,0.040664736
3912598,5000.0,Stephanie-Elise Catley,Arsenal WFC,2,59,1,98.8,49.9,23.4,Outside box,From Free Kick,Off T,0,Free Kick,Left Foot,Normal,False,False,0.089696385
3912598,47521.0,Alessia Russo,Arsenal WFC,2,65,39,112.4,40.8,7.6,Inside box,From Corner,Saved,0,Open Play,Head,Normal,False,False,0.1614904
3912598,47521.0,Alessia Russo,Arsenal WFC,2,66,49,108.9,26.9,17.2,Inside box,Regular Play,Saved,0,Open Play,Left Foot,Normal,False,True,0.11618317
3912598,5000.0,Stephanie-Elise Catley,Arsenal WFC,2,69,14,98.0,27.9,25.1,Outside box,From Corner,Blocked,0,Open Play,Left Foot,Normal,False,False,0.029571114
3912598,47521.0,Alessia Russo,Arsenal WFC,2,77,59,106.8,35.4,14.0,Inside box,From Throw In,Post,0,Open Play,Right Foot,Normal,False,True,0.059588157
3912598,31614.0,Melvine Malard,Manchester United W,2,80,30,109.5,41.7,10.6,Inside box,From Goal Kick,Goal,1,Open Play,Left Foot,Lob,True,False,0.11740821
3912598,15616.0,Kim Little,Arsenal WFC,2,84,25,102.0,37.0,18.2,Inside box,From Corner,Blocked,0,Open Play,Right Foot,Volley,True,False,0.044350605
3912598,26092.0,Amanda Ilestedt,Arsenal WFC,2,84,41,115.2,53.9,14.7,Inside box,From Corner,Blocked,0,Open Play,Right Foot,Half Volley,True,False,0.015711332
3912598,10516.0,Frida Maanum,Arsenal WFC,2,86,33,93.2,50.2,28.7,Outside box,Regular Play,Blocked,0,Open Play,Right Foot,Normal,False,False,0.02461121
3912598,31614.0,Melvine Malard,Manchester United W,2,88,12,108.6,46.2,13.0,Inside box,From Free Kick,Blocked,0,Open Play,Left Foot,Normal,True,False,0.17056252
3912598,11338.0,Caitlin Jade Foord,Arsenal WFC,2,89,47,104.2,25.8,21.2,Inside box,From Throw In,Blocked,0,Open Play,Right Foot,Normal,False,False,0.026909513
3912598,15620.0,Katie McCabe,Arsenal WFC,2,90,51,90.9,34.2,29.7,Outside box,Regular Play,Off T,0,Open Play,Left Foot,Normal,False,False,0.024030712
3912598,62906.0,Cloé Zoé Eyja Lacasse,Arsenal WFC,2,92,50,93.1,46.4,27.7,Outside box,Regular Play,Goal,1,Open Play,Left Foot,Normal,False,True,0.027322521
3912598,401932.0,Hinata Miyazawa,Manchester United W,2,94,3,96.4,51.0,26.0,Outside box,From Kick Off,Saved,0,Open Play,Right Foot,Half Volley,True,False,0.019844413
3912598,11338.0,Caitlin Jade Foord,Arsenal WFC,2,94,35,104.9,31.6,17.3,Inside box,From Keeper,Off T,0,Open Play,Right Foot,Normal,True,True,0.106639884
3913143,25632.0,Yui Hasegawa,Manchester City WFC,1,4,35,99.2,51.1,23.6,Outside box,Regular Play,Off T,0,Open Play,Right Foot,Normal,False,False,0.034032702
3913143,19416.0,Laura Coombs,Manchester City WFC,1,10,47,109.0,32.7,13.2,Inside box,Regular Play,Wayward,0,Open Play,Right Foot,Volley,True,False,0.12773815
3913143,15555.0,Lauren Hemp,Manchester City WFC,1,11,51,112.0,55.2,17.2,Inside box,From Corner,Saved,0,Open Play,Left Foot,Normal,True,False,0.04099016
3913143,221888.0,Kerstin Yasmijn Casparij,Manchester City WFC,1,13,56,110.8,49.2,13.0,Inside box,Regular Play,Blocked,0,Open Play,Right Foot,Normal,True,False,0.09163025
3913143,25554.0,Khadija Monifa Shaw,Manchester City WFC,1,14,33,108.1,35.6,12.7,Inside box,Regular Play,Goal,1,Open Play,Right Foot,Normal,False,False,0.48710474
3913143,10163.0,Leila Ouahabi El Ouahabi,Manchester City WFC,1,19,29,117.6,34.4,6.1,Inside box,From Corner,Wayward,0,Open Play,Left Foot,Half Volley,False,True,0.1400813
3913143,15555.0,Lauren Hemp,Manchester City WFC,1,19,34,114.1,39.5,5.9,Inside box,From Corner,Saved,0,Open Play,Head,Normal,False,False,0.29120588
3913143,15570.0,Chloe Kelly,Manchester City WFC,1,22,6,104.5,56.6,22.7,Inside box,Regular Play,Saved,0,Open Play,Right Foot,Normal,False,False,0.043653272
3913143,19416.0,Laura Coombs,Manchester City WFC,1,28,53,102.9,40.0,17.1,Inside box,Regular Play,Off T,0,Open Play,Right Foot,Normal,True,True,0.10822411
3913143,25554.0,Khadija Monifa Shaw,Manchester City WFC,1,30,56,108.7,36.3,11.9,Inside box,From Throw In,Blocked,0,Open Play,Left Foot,Normal,False,False,0.1144306
3913143,25554.0,Khadija Monifa Shaw,Manchester City WFC,1,33,34,99.6,22.8,26.7,Outside box,From Throw In,Saved,0,Open Play,Right Foot,Normal,True,False,0.0900824
3913143,25554.0,Khadija Monifa Shaw,Manchester City WFC,1,38,31,115.9,51.3,12.0,Inside box,From Throw In,Saved,0,Open Play,Right Foot,Normal,True,False,0.10649629
3913143,25632.0,Yui Hasegawa,Manchester City WFC,1,39,11,96.1,50.8,26.2,Outside box,From Corner,Blocked,0,Open Play,Right Foot,Half Volley,True,False,0.02021725
3913143,87191.0,Rikke Marie Madsen,Everton LFC,1,46,31,98.5,37.0,21.7,Outside box,From Free Kick,Wayward,0,Open Play,Right Foot,Half Volley,False,False,0.16556562
3913143,46459.0,Katja Snoeijs,Everton LFC,2,48,12,109.6,43.1,10.9,Inside box,Regular Play,Wayward,0,Open Play,Left Foot,Half Volley,True,False,0.20570603
3913143,45737.0,Martina Piemonte,Everton LFC,2,48,13,115.0,35.1,7.0,Inside box,Regular Play,Saved,0,Open Play,Left Foot,Volley,True,True,0.36008674
3913143,25554.0,Khadija Monifa Shaw,Manchester City WFC,2,51,46,113.1,40.9,7.0,Inside box,Regular Play,Off T,0,Open Play,Head,Normal,False,False,0.24164058
3913143,15555.0,Lauren Hemp,Manchester City WFC,2,54,28,94.2,49.0,27.3,Outside box,From Throw In,Goal,1,Open Play,Left Foot,Normal,False,False,0.022491356
3913143,45737.0,Martina Piemonte,Everton LFC,2,58,5,119.3,46.4,6.4,Inside box,From Free Kick,Off T,0,Open Play,Head,Normal,False,True,0.026346482
3913143,34499.0,Hanna Ulrika Bennison,Everton LFC,2,59,0,94.0,39.7,26.0,Outside box,Regular Play,Goal,1,Open Play,Right Foot,Normal,False,False,0.031185534
3913143,25554.0,Khadija Monifa Shaw,Manchester City WFC,2,62,27,112.7,37.9,7.6,Inside box,From Corner,Off T,0,Open Play,Head,Normal,False,False,0.12724689
3913143,15555.0,Lauren Hemp,Manchester City WFC,2,65,21,103.3,53.9,21.7,Inside box,From Counter,Saved,0,Open Play,Left Foot,Normal,False,False,0.03710305
3913143,15570.0,Chloe Kelly,Manchester City WFC,2,72,18,100.2,31.6,21.5,Outside box,From Throw In,Saved,0,Open Play,Right Foot,Normal,False,False,0.04687893
3913143,15570.0,Chloe Kelly,Manchester City WFC,2,72,56,104.4,27.3,20.1,Inside box,Regular Play,Blocked,0,Open Play,Left Foot,Normal,False,True,0.033515234
3913143,15570.0,Chloe Kelly,Manchester City WFC,2,78,0,105.4,26.8,19.7,Inside box,Regular Play,Blocked,0,Open Play,Right Foot,Normal,False,True,0.04854862
3913143,35693.0,Mary Boio Fowler,Manchester City WFC,2,86,19,113.1,29.7,12.4,Inside box,From Throw In,Off T,0,Open Play,Right Foot,Normal,False,True,0.17080471
3913143,19416.0,Laura Coombs,Manchester City WFC,2,89,25,92.7,36.9,27.5,Outside box,Regular Play,Saved,0,Open Play,Right Foot,Normal,False,False,0.03118717
3913153,24237.0,Missy Bo Kearns,Liverpool WFC,1,1,47,107.1,45.9,14.2,Inside box,From Throw In,Blocked,0,Open Play,Left Foot,Normal,False,False,0.14410606
3913153,18146.0,Leanne Kiernan,Liverpool WFC,1,21,27,91.4,47.8,29.6,Outside box,Regular Play,Off T,0,Open Play,Right Foot,Normal,False,False,0.027866134
3913153,24706.0,Sophie Roman Haug,Liverpool WFC,1,25,42,107.2,35.0,13.7,Inside box,Regular Play,Saved,0,Open Play,Head,Normal,False,True,0.029975886
3913153,24706.0,Sophie Roman Haug,Liverpool WFC,1,27,59,75.0,12.3,52.8,Outside box,From Free Kick,Saved,0,Open Play,Left Foot,Normal,False,False,0.028389784
3913153,16386.0,Lucy Hope,Everton LFC,1,30,31,107.3,41.6,12.8,Inside box,From Corner,Wayward,0,Open Play,Right Foot,Half Volley,True,False,0.08213445
3913153,46738.0,Emma Bissell,Everton LFC,1,39,11,103.6,27.7,20.5,Inside box,Regular Play,Off T,0,Open Play,Left Foot,Normal,False,False,0.07302587
3913153,15618.0,Jasmine Matthews,Liverpool WFC,1,44,12,108.9,30.6,14.5,Inside box,Regular Play,Blocked,0,Open Play,Left Foot,Half Volley,True,True,0.06723016
3913153,24706.0,Sophie Roman Haug,Liverpool WFC,2,47,7,111.2,39.3,8.8,Inside box,Regular Play,Saved,0,Open Play,Head,Normal,False,True,0.09034305
3913153,24706.0,Sophie Roman Haug,Liverpool WFC,2,67,29,119.0,45.8,5.9,Inside box,From Corner,Off T,0,Open Play,Right Foot,Volley,True,False,0.13010904
3913153,46459.0,Katja Snoeijs,Everton LFC,2,69,12,112.2,40.4,7.8,Inside box,From Throw In,Wayward,0,Open Play,Head,Normal,False,True,0.123275965
3913153,16386.0,Lucy Hope,Everton LFC,2,70,26,100.0,24.1,25.6,Outside box,Regular Play,Post,0,Open Play,Right Foot,Normal,False,False,0.037649907
3913153,46459.0,Katja Snoeijs,Everton LFC,2,75,19,114.1,46.8,9.0,Inside box,Regular Play,Blocked,0,Open Play,Left Foot,Half Volley,True,False,0.09652573
3913153,63308.0,Justine Vanhaevermaet,Everton LFC,2,78,38,100.9,60.3,27.9,Outside box,Regular Play,Saved,0,Open Play,Right Foot,Normal,True,False,0.009869454
3913153,18254.0,Megan Finnigan,Everton LFC,2,85,13,113.4,33.3,9.4,Inside box,From Corner,Off T,0,Open Play,Head,Normal,False,True,0.07327333
3913153,24706.0,Sophie Roman Haug,Liverpool WFC,2,87,28,100.8,34.1,20.1,Outside box,Regular Play,Off T,0,Open Play,Right Foot,Half Volley,False,True,0.09808042
3913153,322359.0,Ceri Holland,Liverpool WFC,2,91,38,112.7,35.0,8.8,Inside box,Regular Play,Saved,0,Open Play,Right Foot,Normal,False,False,0.20827171
3913153,45737.0,Martina Piemonte,Everton LFC,2,98,10,112.9,50.3,12.5,Inside box,From Throw In,Blocked,0,Open Play,Right Foot,Half Volley,False,True,0.04102625
3913121,26093.0,Gun Nathalie Björn,Chelsea FCW,1,3,11,108.0,43.5,12.5,Inside box,From Corner,Wayward,0,Open Play,Head,Normal,False,False,0.035774738
3913121,15648.0,Melanie Leupolz,Chelsea FCW,1,3,16,103.6,42.5,16.6,Inside box,From Corner,Blocked,0,Open Play,Right Foot,Normal,True,False,0.07048188
3913121,26093.0,Gun Nathalie Björn,Chelsea FCW,1,3,18,102.4,48.8,19.7,Inside box,From Corner,Off T,0,Open Play,Left Foot,Half Volley,True,False,0.055095095
3913121,31531.0,Lauren James,Chelsea FCW,1,4,5,116.1,49.1,9.9,Inside box,Regular Play,Goal,1,Open Play,Right Foot,Normal,True,False,0.05883805
3913121,31531.0,Lauren James,Chelsea FCW,1,8,9,103.0,30.1,19.7,Inside box,Regular Play,Off T,0,Open Play,Left Foot,Normal,False,False,0.05212728
3913121,31540.0,Katie Zelem,Manchester United W,1,10,14,98.7,31.5,22.9,Outside box,Regular Play,Off T,0,Open Play,Left Foot,Normal,True,False,0.057044666
3913121,4660.0,Erin Cuthbert,Chelsea FCW,1,16,2,97.0,36.4,23.3,Outside box,From Keeper,Off T,0,Open Play,Right Foot,Half Volley,False,False,0.030593798
3913121,31531.0,Lauren James,Chelsea FCW,1,22,9,109.5,49.9,14.4,Inside box,From Free Kick,Goal,1,Open Play,Right Foot,Half Volley,True,False,0.15290003
3913121,15631.0,Niamh Charles,Chelsea FCW,1,29,35,114.8,32.8,8.9,Inside box,Regular Play,Off T,0,Open Play,Left Foot,Volley,True,False,0.11678642
3913121,25513.0,Lucía García Córdoba,Manchester United W,1,39,1,95.7,45.3,24.9,Outside box,Regular Play,Saved,0,Open Play,Right Foot,Normal,False,False,0.044425976
3913121,25513.0,Lucía García Córdoba,Manchester United W,1,42,36,109.6,45.3,11.7,Inside box,From Throw In,Blocked,0,Open Play,Right Foot,Normal,True,False,0.17324314
3913121,19501.0,Hayley Ladd,Manchester United W,1,42,37,113.0,42.3,7.4,Inside box,From Throw In,Goal,1,Open Play,Right Foot,Normal,True,False,0.11159513
3913121,62710.0,Johanna Rytting-Kaneryd,Chelsea FCW,1,47,24,102.0,43.1,18.3,Inside box,From Corner,Off T,0,Open Play,Right Foot,Half Volley,True,False,0.049727857
3913121,25513.0,Lucía García Córdoba,Manchester United W,2,52,14,113.9,47.6,9.7,Inside box,Regular Play,Off T,0,Open Play,Head,Normal,False,False,0.08077917
3913121,15648.0,Melanie Leupolz,Chelsea FCW,2,54,46,96.7,38.2,23.4,Outside box,Regular Play,Blocked,0,Open Play,Right Foot,Half Volley,True,False,0.03137235
3913121,19501.0,Hayley Ladd,Manchester United W,2,58,12,110.5,38.5,9.6,Inside box,Regular Play,Saved,0,Open Play,Right Foot,Normal,False,False,0.335398
3913121,31531.0,Lauren James,Chelsea FCW,2,59,28,111.6,28.2,14.5,Inside box,From Goal Kick,Saved Off Target,0,Open Play,Left Foot,Normal,False,True,0.12310825
3913121,15648.0,Melanie Leupolz,Chelsea FCW,2,60,10,117.4,34.2,6.4,Inside box,From Corner,Blocked,0,Open Play,Head,Normal,False,True,0.12264895
3913121,31531.0,Lauren James,Chelsea FCW,2,62,7,102.4,50.0,20.2,Inside box,Regular Play,Blocked,0,Open Play,Left Foot,Normal,False,False,0.040271774
3913121,10514.0,Guro Reiten,Chelsea FCW,2,62,52,108.0,40.3,12.0,Inside box,Regular Play,Off T,0,Open Play,Right Foot,Volley,True,True,0.12205442
3913121,26093.0,Gun Nathalie Björn,Chelsea FCW,2,64,0,115.4,31.4,9.8,Inside box,From Corner,Saved,0,Open Play,Head,Normal,False,False,0.06319233
3913121,31531.0,Lauren James,Chelsea FCW,2,71,41,110.4,28.6,14.9,Inside box,From Free Kick,Blocked,0,Open Play,Left Foot,Normal,False,True,0.048803527
3913121,15648.0,Melanie Leupolz,Chelsea FCW,2,82,15,103.6,47.2,17.9,Inside box,From Free Kick,Blocked,0,Open Play,Right Foot,Half Volley,False,False,0.0495103
3913121,31531.0,Lauren James,Chelsea FCW,2,84,46,105.3,34.7,15.6,Inside box,From Counter,Goal,1,Open Play,Left Foot,Normal,False,True,0.42349887
3913121,31563.0,Rachel Williams,Manchester United W,2,91,7,112.5,41.1,7.6,Inside box,From Corner,Blocked,0,Open Play,Head,Normal,False,False,0.08544889
3913121,25543.0,Geyse da Silva Ferreira,Manchester United W,2,91,10,102.5,40.2,17.5,Inside box,From Corner,Off T,0,Open Play,Right Foot,Volley,True,False,0.041857954
3913121,386105.0,Lisa Fjeldstad Naalsund,Manchester United W,2,92,45,100.0,34.7,20.7,Outside box,Regular Play,Saved,0,Open Play,Right Foot,Normal,False,False,0.046931166
3913121,47008.0,Sjoeke Nüsken,Chelsea FCW,2,94,4,111.7,54.2,16.4,Inside box,Regular Play,Off T,0,Open Play,Right Foot,Normal,True,False,0.043394968
3913121,4641.0,Francesca Kirby,Chelsea FCW,2,97,41,100.0,21.0,27.6,Outside box,From Throw In,Off T,0,Open Play,Right Foot,Normal,False,True,0.011489429
3913131,322359.0,Ceri Holland,Liverpool WFC,1,1,31,108.1,40.9,11.9,Inside box,Regular Play,Saved,0,Open Play,Right Foot,Volley,True,False,0.082909055
3913131,24706.0,Sophie Roman Haug,Liverpool WFC,1,23,43,105.9,41.2,14.2,Inside box,From Free Kick,Wayward,0,Open Play,Head,Normal,False,True,0.018832007
3913131,32403.0,Emma Wilhelmina Koivisto,Liverpool WFC,1,35,56,103.7,55.1,22.2,Inside box,Other,Saved,0,Open Play,Left Foot,Normal,True,False,0.06223724
3913131,322359.0,Ceri Holland,Liverpool WFC,1,40,57,99.0,31.5,22.7,Outside box,Regular Play,Off T,0,Open Play,Right Foot,Normal,False,False,0.05247821
3913131,31558.0,Martha Thomas,Tottenham Hotspur Women,1,45,2,105.2,41.4,14.9,Inside box,From Throw In,Blocked,0,Open Play,Right Foot,Normal,True,False,0.07226707
3913131,31558.0,Martha Thomas,Tottenham Hotspur Women,1,46,17,112.8,36.6,8.0,Inside box,Regular Play,Saved,0,Open Play,Head,Normal,False,True,0.12734967
3913131,299860.0,Fuka Nagano,Liverpool WFC,2,54,39,101.7,48.9,20.3,Outside box,Regular Play,Blocked,0,Open Play,Right Foot,Normal,False,False,0.06779669
3913131,34232.0,Grace Fisk,Liverpool WFC,2,64,10,110.5,45.2,10.8,Inside box,From Corner,Blocked,0,Open Play,Right Foot,Half Volley,True,True,0.07727742
3913131,15618.0,Jasmine Matthews,Liverpool WFC,2,64,34,116.1,36.0,5.6,Inside box,From Corner,Wayward,0,Open Play,Head,Normal,False,True,0.17812745
3913131,46740.0,Grace Clinton,Tottenham Hotspur Women,2,69,14,95.7,38.5,24.3,Outside box,Regular Play,Saved,0,Open Play,Right Foot,Normal,False,True,0.03694304
3913131,87194.0,Celin Bizet Ildhusøy,Tottenham Hotspur Women,2,70,46,110.6,43.5,10.0,Inside box,Other,Goal,1,Open Play,Right Foot,Lob,True,False,0.21728578
3913131,21023.0,Amanda Nildén,Tottenham Hotspur Women,2,73,51,104.9,49.1,17.6,Inside box,Regular Play,Post,0,Open Play,Left Foot,Normal,False,False,0.28092974
3913131,322359.0,Ceri Holland,Liverpool WFC,2,85,42,101.2,34.8,19.5,Outside box,Regular Play,Blocked,0,Open Play,Right Foot,Normal,True,False,0.06013517
3913131,24461.0,Shuang Wang,Tottenham Hotspur Women,2,88,9,111.2,32.5,11.6,Inside box,From Throw In,Saved,0,Open Play,Left Foot,Normal,False,True,0.39632395
3913131,46974.0,Marie Therese Höbinger,Liverpool WFC,2,90,20,102.7,36.0,17.8,Inside box,From Keeper,Goal,1,Open Play,Right Foot,Normal,False,False,0.06656655
3913131,322359.0,Ceri Holland,Liverpool WFC,2,95,11,93.0,40.4,27.0,Outside box,From Free Kick,Blocked,0,Open Play,Right Foot,Half Volley,False,True,0.01983183
3913188,15550.0,Bethany England,Tottenham Hotspur Women,1,3,4,108.9,33.7,12.8,Inside box,Regular Play,Goal,1,Open Play,Right Foot,Half Volley,False,False,0.093653895
3913188,191850.0,Eveliina Summanen,Tottenham Hotspur Women,1,5,42,95.8,37.2,24.4,Outside box,Regular Play,Saved,0,Open Play,Right Foot,Normal,False,False,0.036727723
3913188,131653.0,Honoka Hayashi,West Ham United LFC,1,7,37,99.4,28.1,23.8,Outside box,From Goal Kick,Saved,0,Open Play,Right Foot,Normal,False,False,0.029878836
3913188,31558.0,Martha Thomas,Tottenham Hotspur Women,1,9,50,111.3,52.0,14.8,Inside box,Regular Play,Blocked,0,Open Play,Right Foot,Half Volley,False,False,0.037746914
3913188,132034.0,Charlotte Layne Grant,Tottenham Hotspur Women,1,20,38,116.5,48.0,8.7,Inside box,From Corner,Post,0,Open Play,Head,Normal,False,False,0.10983711
3913188,46533.0,Ramona Petzelberger,Tottenham Hotspur Women,1,22,6,95.5,28.5,27.1,Outside box,From Corner,Blocked,0,Open Play,Left Foot,Half Volley,True,False,0.014592161
3913188,31558.0,Martha Thomas,Tottenham Hotspur Women,1,34,32,107.0,45.1,14.0,Inside box,From Free Kick,Saved,0,Open Play,Right Foot,Volley,True,False,0.07009288
3913188,25834.0,Viviane Asseyi,West Ham United LFC,1,39,26,111.8,40.3,8.2,Inside box,Regular Play,Saved,0,Open Play,Right Foot,Volley,False,True,0.24604456
3913188,25834.0,Viviane Asseyi,West Ham United LFC,1,39,53,99.3,37.1,20.9,Outside box,From Throw In,Off T,0,Open Play,Left Foot,Normal,False,False,0.075189196
3913188,131653.0,Honoka Hayashi,West Ham United LFC,2,45,48,113.4,37.2,7.2,Inside box,From Kick Off,Off T,0,Open Play,Right Foot,Volley,True,True,0.17918654
3913188,401930.0,Riko Ueki,West Ham United LFC,2,49,8,101.7,60.1,27.2,Outside box,From Keeper,Goal,1,Open Play,Right Foot,Normal,False,False,0.009571995
3913188,15550.0,Bethany England,Tottenham Hotspur Women,2,50,23,108.2,31.3,14.7,Inside box,From Kick Off,Off T,0,Open Play,Left Foot,Normal,False,False,0.29993835
3913188,15550.0,Bethany England,Tottenham Hotspur Women,2,51,24,110.6,38.3,9.6,Inside box,From Throw In,Off T,0,Open Play,Head,Normal,False,True,0.13937674
3913188,25834.0,Viviane Asseyi,West Ham United LFC,2,59,57,92.1,32.2,29.0,Outside box,From Free Kick,Saved,0,Free Kick,Right Foot,Normal,False,False,0.04673201
3913188,15550.0,Bethany England,Tottenham Hotspur Women,2,67,38,114.7,36.7,6.2,Inside box,Regular Play,Off T,0,Open Play,Head,Normal,False,True,0.28478786
3913188,61467.0,Jessica Naz,Tottenham Hotspur Women,2,73,7,116.5,27.2,13.3,Inside box,Regular Play,Saved,0,Open Play,Right Foot,Normal,False,False,0.017494831
3913188,229194.0,Olga Ahtinen,Tottenham Hotspur Women,2,79,47,110.7,51.5,14.8,Inside box,From Throw In,Saved,0,Open Play,Right Foot,Normal,True,True,0.15117413
3913188,15550.0,Bethany England,Tottenham Hotspur Women,2,84,39,99.7,52.5,23.8,Outside box,Regular Play,Saved,0,Open Play,Left Foot,Normal,False,False,0.031154575
3913188,61467.0,Jessica Naz,Tottenham Hotspur Women,2,85,3,108.5,44.8,12.5,Inside box,From Counter,Goal,1,Open Play,Right Foot,Normal,False,True,0.35347214
3913188,276907.0,Amber Tysiak,West Ham United LFC,2,87,50,108.5,40.0,11.5,Inside box,From Free Kick,Saved,0,Open Play,Head,Normal,False,True,0.040442273
3913188,25624.0,Risa Shimizu,West Ham United LFC,2,91,22,101.6,38.3,18.5,Outside box,Regular Play,Off T,0,Open Play,Right Foot,Normal,True,False,0.08787776
3913188,4638.0,Drew Spence,Tottenham Hotspur Women,2,98,27,98.3,41.2,21.7,Outside box,From Counter,Goal,1,Open Play,Right Foot,Normal,False,False,0.047811024
3913076,15570.0,Chloe Kelly,Manchester City WFC,1,3,51,93.5,48.8,27.9,Outside box,From Throw In,Blocked,0,Open Play,Left Foot,Normal,False,False,0.03130024
3913076,10650.0,Jill Roord,Manchester City WFC,1,4,32,115.3,43.2,5.7,Inside box,From Corner,Off T,0,Open Play,Head,Normal,False,True,0.24839309
3913076,15570.0,Chloe Kelly,Manchester City WFC,1,9,50,102.4,51.5,21.0,Inside box,Regular Play,Goal,1,Open Play,Right Foot,Normal,False,False,0.07818426
3913076,25554.0,Khadija Monifa Shaw,Manchester City WFC,1,10,54,107.6,43.0,12.8,Inside box,Regular Play,Blocked,0,Open Play,Left Foot,Normal,False,False,0.17090932
3913076,25554.0,Khadija Monifa Shaw,Manchester City WFC,1,11,36,111.9,39.9,8.1,Inside box,From Corner,Saved,0,Open Play,Head,Normal,False,True,0.069941774
3913076,15570.0,Chloe Kelly,Manchester City WFC,1,13,47,100.9,43.0,19.3,Outside box,From Counter,Saved,0,Open Play,Right Foot,Normal,True,False,0.29970494
3913076,18253.0,Hannah Cain,Leicester City WFC,1,15,12,93.8,36.6,26.4,Outside box,Regular Play,Blocked,0,Open Play,Right Foot,Normal,True,True,0.028663442
3913076,4649.0,Esme Beth Morgan,Manchester City WFC,1,20,55,104.6,42.8,15.7,Inside box,From Throw In,Saved,0,Open Play,Right Foot,Half Volley,False,False,0.124979824
3913076,10260.0,Lena Petermann,Leicester City WFC,1,23,42,109.4,35.4,11.6,Inside box,From Counter,Saved,0,Open Play,Left Foot,Normal,False,False,0.2491721
3913076,224822.0,Jutta Rantala,Leicester City WFC,1,24,54,103.2,32.4,18.4,Inside box,From Counter,Saved,0,Open Play,Left Foot,Normal,False,False,0.09280241
3913076,25554.0,Khadija Monifa Shaw,Manchester City WFC,1,29,20,103.5,23.4,23.4,Inside box,From Throw In,Blocked,0,Open Play,Right Foot,Normal,False,False,0.028570859
3913076,62666.0,Ingrid Filippa Angeldal,Manchester City WFC,1,30,51,106.2,34.4,14.9,Inside box,From Counter,Saved,0,Open Play,Left Foot,Normal,False,True,0.39839396
3913076,35693.0,Mary Boio Fowler,Manchester City WFC,1,34,10,97.4,54.4,26.8,Outside box,Regular Play,Off T,0,Open Play,Left Foot,Normal,False,False,0.027144464
3913076,135753.0,Samantha Tierney,Leicester City WFC,1,35,23,116.2,47.2,8.1,Inside box,Regular Play,Saved,0,Open Play,Right Foot,Volley,True,True,0.2069022
3913076,135759.0,Shannon O’Brien,Leicester City WFC,1,36,2,117.2,54.5,14.8,Inside box,From Corner,Saved,0,Open Play,Right Foot,Normal,False,False,0.01688784
3913076,135759.0,Shannon O’Brien,Leicester City WFC,1,36,40,114.9,46.4,8.2,Inside box,From Corner,Blocked,0,Open Play,Right Foot,Volley,True,False,0.16951828
3913076,135753.0,Samantha Tierney,Leicester City WFC,1,37,11,113.6,43.1,7.1,Inside box,From Corner,Blocked,0,Open Play,Right Foot,Normal,True,False,0.22989804
3913076,4649.0,Esme Beth Morgan,Manchester City WFC,1,45,39,87.9,41.4,32.1,Outside box,From Corner,Off T,0,Open Play,Right Foot,Normal,False,False,0.01769526
3913076,15720.0,Sophie Howard,Leicester City WFC,2,50,19,115.8,45.7,7.1,Inside box,From Corner,Wayward,0,Open Play,Head,Normal,False,True,0.12250527
3913076,16374.0,Aileen Whelan,Leicester City WFC,2,50,27,114.9,34.4,7.6,Inside box,From Corner,Wayward,0,Open Play,Right Foot,Half Volley,True,False,0.1453454
3913076,15555.0,Lauren Hemp,Manchester City WFC,2,64,7,103.7,50.1,19.2,Inside box,From Throw In,Saved,0,Open Play,Right Foot,Normal,False,True,0.10607155
3913076,19498.0,Jessica Park,Manchester City WFC,2,64,8,112.0,33.0,10.6,Inside box,From Throw In,Off T,0,Open Play,Right Foot,Volley,True,True,0.39031667
3913076,25632.0,Yui Hasegawa,Manchester City WFC,2,67,37,100.5,42.4,19.6,Outside box,From Corner,Blocked,0,Open Play,Right Foot,Normal,True,False,0.06338739
3913076,224822.0,Jutta Rantala,Leicester City WFC,2,68,34,89.7,35.2,30.7,Outside box,Regular Play,Saved,0,Open Play,Left Foot,Normal,False,False,0.025625383
3913076,10260.0,Lena Petermann,Leicester City WFC,2,72,52,100.2,33.7,20.8,Outside box,Regular Play,Wayward,0,Open Play,Left Foot,Normal,True,True,0.049747713
3913076,25554.0,Khadija Monifa Shaw,Manchester City WFC,2,75,23,99.5,36.7,20.8,Outside box,Regular Play,Blocked,0,Open Play,Left Foot,Normal,True,True,0.059605222
3913076,25554.0,Khadija Monifa Shaw,Manchester City WFC,2,76,49,107.2,37.7,13.0,Inside box,Regular Play,Blocked,0,Open Play,Right Foot,Normal,False,True,0.104767665
3913076,25554.0,Khadija Monifa Shaw,Manchester City WFC,2,77,7,104.6,38.6,15.5,Inside box,From Counter,Saved,0,Open Play,Left Foot,Normal,False,False,0.2195499
3913076,135753.0,Samantha Tierney,Leicester City WFC,2,82,0,100.6,49.5,21.6,Outside box,From Throw In,Saved,0,Open Play,Right Foot,Half Volley,False,False,0.043175466
3913076,15555.0,Lauren Hemp,Manchester City WFC,2,92,51,110.1,52.5,15.9,Inside box,From Throw In,Saved,0,Open Play,Left Foot,Normal,False,False,0.07106418
3913169,15619.0,Bethany Mead,Arsenal WFC,1,10,52,103.3,44.0,17.2,Inside box,From Free Kick,Blocked,0,Open Play,Left Foot,Normal,False,False,0.04081786
3913169,18999.0,Leah Williamson,Arsenal WFC,1,16,19,81.8,28.0,40.0,Outside box,From Throw In,Blocked,0,Open Play,Right Foot,Normal,False,False,0.005875607
3913169,26520.0,Yuka Momiki,Leicester City WFC,1,18,16,92.7,34.2,27.9,Outside box,From Goal Kick,Saved,0,Open Play,Left Foot,Normal,False,False,0.029359646
3913169,135753.0,Samantha Tierney,Leicester City WFC,1,18,59,112.9,42.7,7.6,Inside box,From Corner,Blocked,0,Open Play,Head,Normal,False,True,0.089836836
3913169,15620.0,Katie McCabe,Arsenal WFC,1,24,0,90.3,49.4,31.2,Outside box,From Free Kick,Saved,0,Free Kick,Left Foot,Normal,False,False,0.031324916
3913169,15619.0,Bethany Mead,Arsenal WFC,1,27,4,112.3,47.0,10.4,Inside box,Regular Play,Goal,1,Open Play,Right Foot,Normal,True,False,0.336237
3913169,63788.0,Victoria Pelova,Arsenal WFC,1,30,43,101.4,45.7,19.5,Outside box,From Throw In,Blocked,0,Open Play,Left Foot,Normal,False,False,0.07000609
3913169,5000.0,Stephanie-Elise Catley,Arsenal WFC,1,31,44,105.5,32.2,16.5,Inside box,From Corner,Blocked,0,Open Play,Right Foot,Half Volley,True,False,0.056209575
3913169,135753.0,Samantha Tierney,Leicester City WFC,1,38,38,102.2,44.2,18.3,Inside box,From Throw In,Saved,0,Open Play,Right Foot,Normal,True,False,0.06051294
3913169,11338.0,Caitlin Jade Foord,Arsenal WFC,1,41,17,106.3,29.7,17.1,Inside box,Regular Play,Blocked,0,Open Play,Right Foot,Normal,False,False,0.098442614
3913169,10229.0,Emma Stina Blackstenius,Arsenal WFC,2,47,9,113.4,44.9,8.2,Inside box,From Free Kick,Wayward,0,Open Play,Left Foot,Half Volley,True,False,0.1813126
3913169,11338.0,Caitlin Jade Foord,Arsenal WFC,2,48,39,109.8,20.5,22.0,Inside box,From Throw In,Saved,0,Open Play,Right Foot,Normal,False,False,0.011725118
3913169,11338.0,Caitlin Jade Foord,Arsenal WFC,2,52,20,111.9,38.8,8.2,Inside box,From Throw In,Blocked,0,Open Play,Left Foot,Volley,True,False,0.16080101
3913169,15620.0,Katie McCabe,Arsenal WFC,2,52,24,102.3,28.4,21.2,Inside box,From Throw In,Off T,0,Open Play,Left Foot,Volley,True,False,0.042463776
3913169,47521.0,Alessia Russo,Arsenal WFC,2,55,6,101.5,41.7,18.6,Outside box,From Free Kick,Off T,0,Open Play,Right Foot,Half Volley,False,False,0.046305038
3913169,11338.0,Caitlin Jade Foord,Arsenal WFC,2,56,22,110.1,37.1,10.3,Inside box,Regular Play,Saved,0,Open Play,Right Foot,Normal,True,True,0.25782773
3913169,107491.0,Emily Ann Fox,Arsenal WFC,2,60,23,108.7,48.6,14.2,Inside box,Regular Play,Saved,0,Open Play,Right Foot,Normal,True,False,0.15534402
3913169,10260.0,Lena Petermann,Leicester City WFC,2,61,21,116.1,47.5,8.5,Inside box,From Keeper,Wayward,0,Open Play,Head,Normal,False,True,0.094713844
3913169,107491.0,Emily Ann Fox,Arsenal WFC,2,62,18,101.1,57.2,25.6,Outside box,From Free Kick,Saved,0,Open Play,Left Foot,Normal,False,False,0.028686734
3913169,63788.0,Victoria Pelova,Arsenal WFC,2,70,56,99.9,47.8,21.6,Outside box,Regular Play,Blocked,0,Open Play,Right Foot,Normal,True,False,0.037867017
3913169,47521.0,Alessia Russo,Arsenal WFC,2,74,6,104.6,37.1,15.7,Inside box,From Counter,Goal,1,Open Play,Right Foot,Normal,False,False,0.09791336
3913169,47521.0,Alessia Russo,Arsenal WFC,2,77,9,116.5,37.6,4.2,Inside box,Regular Play,Saved,0,Open Play,Head,Normal,False,False,0.51449525
3913169,47521.0,Alessia Russo,Arsenal WFC,2,77,11,115.4,37.1,5.4,Inside box,Regular Play,Blocked,0,Open Play,Right Foot,Half Volley,True,False,0.22398616
3913169,15619.0,Bethany Mead,Arsenal WFC,2,77,12,115.8,41.4,4.4,Inside box,Regular Play,Goal,1,Open Play,Right Foot,Normal,True,False,0.32745448
3913169,30856.0,Julie Thibaud,Leicester City WFC,2,83,12,115.7,39.3,4.4,Inside box,From Corner,Off T,0,Open Play,Head,Normal,False,True,0.20026317
3913169,15623.0,Vivianne Miedema,Arsenal WFC,2,86,33,108.2,37.1,12.2,Inside box,From Free Kick,Saved,0,Open Play,Head,Normal,False,True,0.047873765
3913169,10516.0,Frida Maanum,Arsenal WFC,2,88,11,100.0,56.4,25.9,Outside box,From Corner,Blocked,0,Open Play,Left Foot,Normal,False,True,0.014211072
3913169,15619.0,Bethany Mead,Arsenal WFC,2,89,20,108.6,51.8,16.4,Inside box,Regular Play,Blocked,0,Open Play,Right Foot,Half Volley,True,False,0.062176894
3913169,15623.0,Vivianne Miedema,Arsenal WFC,2,89,26,113.6,41.0,6.5,Inside box,Regular Play,Wayward,0,Open Play,Head,Normal,False,True,0.14139204
3913169,15623.0,Vivianne Miedema,Arsenal WFC,2,90,54,108.1,47.7,14.2,Inside box,From Corner,Off T,0,Open Play,Left Foot,Half Volley,False,False,0.06810747
3913169,135759.0,Shannon O’Brien,Leicester City WFC,2,92,13,102.9,36.3,17.5,Inside box,Regular Play,Saved,0,Open Play,Right Foot,Normal,False,True,0.067567386
3913179,31539.0,Leah Galton,Manchester United W,1,3,55,105.3,40.3,14.7,Inside box,From Throw In,Saved,0,Open Play,Left Foot,Normal,False,True,0.2774062
3913179,19687.0,Taylor Hinds,Liverpool WFC,1,9,27,97.3,21.4,29.3,Outside box,From Free Kick,Saved,0,Open Play,Right Foot,Normal,False,False,0.01034296
3913179,322359.0,Ceri Holland,Liverpool WFC,1,12,31,90.2,46.5,30.5,Outside box,Regular Play,Off T,0,Open Play,Left Foot,Normal,False,False,0.021147424
3913179,386105.0,Lisa Fjeldstad Naalsund,Manchester United W,1,14,32,111.7,37.2,8.8,Inside box,From Corner,Blocked,0,Open Play,Head,Normal,False,True,0.07676835
3913179,31536.0,Millie Turner,Manchester United W,1,14,33,110.9,40.1,9.1,Inside box,From Corner,Saved,0,Open Play,Right Foot,Half Volley,True,False,0.117872834
3913179,322359.0,Ceri Holland,Liverpool WFC,1,16,3,101.4,46.3,19.6,Outside box,From Free Kick,Saved,0,Open Play,Right Foot,Half Volley,True,False,0.042332508
3913179,32403.0,Emma Wilhelmina Koivisto,Liverpool WFC,1,18,49,113.1,39.2,6.9,Inside box,From Throw In,Post,0,Open Play,Head,Normal,False,True,0.42324236
3913179,32403.0,Emma Wilhelmina Koivisto,Liverpool WFC,1,18,50,118.1,36.5,4.0,Inside box,From Throw In,Off T,0,Open Play,Right Foot,Half Volley,True,False,0.8834107
3913179,17275.0,Hannah Jayne Blundell,Manchester United W,1,30,7,101.5,59.6,27.0,Outside box,From Throw In,Wayward,0,Open Play,Left Foot,Normal,True,False,0.011085597
3913179,31540.0,Katie Zelem,Manchester United W,1,32,20,97.8,39.1,22.2,Outside box,From Throw In,Wayward,0,Open Play,Left Foot,Volley,True,False,0.038402725
3913179,31534.0,Ella Toone,Manchester United W,1,40,2,110.2,39.4,9.8,Inside box,From Throw In,Off T,0,Open Play,Right Foot,Half Volley,True,True,0.18832168
3913179,32074.0,Jenna Clark,Liverpool WFC,1,41,32,111.3,34.2,10.5,Inside box,From Corner,Saved,0,Open Play,Head,Normal,False,True,0.036788538
3913179,46974.0,Marie Therese Höbinger,Liverpool WFC,1,45,19,89.1,39.8,30.9,Outside box,From Throw In,Saved,0,Open Play,Right Foot,Normal,False,False,0.02553366
3913179,32074.0,Jenna Clark,Liverpool WFC,1,47,58,118.2,43.3,3.8,Inside box,From Corner,Goal,1,Open Play,Head,Normal,False,False,0.6495682
3913179,322359.0,Ceri Holland,Liverpool WFC,2,55,15,96.9,45.6,23.8,Outside box,From Throw In,Blocked,0,Open Play,Right Foot,Volley,True,False,0.033918533
3913179,329372.0,Mia Enderby,Liverpool WFC,2,55,16,98.0,46.7,23.0,Outside box,From Throw In,Saved,0,Open Play,Left Foot,Normal,True,False,0.061204325
3913179,329372.0,Mia Enderby,Liverpool WFC,2,61,33,98.1,36.3,22.2,Outside box,From Throw In,Off T,0,Open Play,Right Foot,Normal,False,True,0.035797823
3913179,31563.0,Rachel Williams,Manchester United W,2,62,53,108.9,38.2,11.2,Inside box,From Corner,Wayward,0,Open Play,Head,Normal,False,False,0.041211504
3913179,299860.0,Fuka Nagano,Liverpool WFC,2,66,17,93.6,33.7,27.1,Outside box,From Corner,Off T,0,Open Play,Left Foot,Half Volley,True,False,0.021875812
3913179,322359.0,Ceri Holland,Liverpool WFC,2,67,8,95.6,33.1,25.4,Outside box,Regular Play,Off T,0,Open Play,Left Foot,Normal,False,True,0.035639662
3913179,46974.0,Marie Therese Höbinger,Liverpool WFC,2,71,28,79.8,42.2,40.3,Outside box,From Free Kick,Blocked,0,Open Play,Right Foot,Normal,False,False,0.0069683045
3913179,19501.0,Hayley Ladd,Manchester United W,2,72,16,113.0,36.7,7.7,Inside box,From Throw In,Blocked,0,Open Play,Head,Normal,False,True,0.12562506
3913179,34232.0,Grace Fisk,Liverpool WFC,2,79,7,103.8,30.4,18.8,Inside box,From Free Kick,Off T,0,Open Play,Head,Normal,False,False,0.026128437
3913179,24706.0,Sophie Roman Haug,Liverpool WFC,2,80,25,113.3,43.0,7.3,Inside box,From Throw In,Off T,0,Open Play,Head,Normal,False,False,0.18972768
3913179,18146.0,Leanne Kiernan,Liverpool WFC,2,80,48,107.3,29.7,16.4,Inside box,Regular Play,Saved,0,Open Play,Left Foot,Normal,False,False,0.058817934
3913179,31563.0,Rachel Williams,Manchester United W,2,87,43,110.4,37.0,10.1,Inside box,From Throw In,Blocked,0,Open Play,Head,Normal,False,True,0.05857426
3913179,24706.0,Sophie Roman Haug,Liverpool WFC,2,90,25,114.9,49.2,10.5,Inside box,From Throw In,Off T,0,Open Play,Right Foot,Normal,False,False,0.32606038
3913179,31614.0,Melvine Malard,Manchester United W,2,92,45,110.2,40.1,9.8,Inside box,From Free Kick,Saved,0,Open Play,Head,Normal,False,True,0.09459869
3913179,46974.0,Marie Therese Höbinger,Liverpool WFC,2,94,39,75.5,75.8,57.1,Outside box,From Throw In,Saved,0,Open Play,Right Foot,Lob,True,False,0.0059068645
3913179,46974.0,Marie Therese Höbinger,Liverpool WFC,2,95,6,100.5,38.8,19.5,Outside box,Regular Play,Blocked,0,Open Play,Right Foot,Normal,False,False,0.041131303
3913073,15620.0,Katie McCabe,Arsenal WFC,1,2,40,92.7,43.0,27.5,Outside box,Regular Play,Saved,0,Open Play,Left Foot,Normal,False,True,0.027770724
3913073,15620.0,Katie McCabe,Arsenal WFC,1,15,11,94.2,39.9,25.8,Outside box,Regular Play,Blocked,0,Open Play,Left Foot,Normal,True,False,0.03292841
3913073,15620.0,Katie McCabe,Arsenal WFC,1,15,13,100.2,36.9,20.0,Outside box,Regular Play,Blocked,0,Open Play,Left Foot,Normal,False,False,0.046644
3913073,15724.0,Mayumi Pacheco,Aston Villa W,1,24,24,112.4,41.4,7.7,Inside box,From Corner,Goal,1,Open Play,Head,Normal,False,False,0.12733008
3913073,5058.0,Rachel Daly,Aston Villa W,1,26,17,108.3,40.9,11.7,Inside box,Regular Play,Saved,0,Open Play,Head,Normal,False,True,0.05230596
3913073,10405.0,Lia Wälti,Arsenal WFC,1,32,20,115.3,44.3,6.4,Inside box,From Corner,Off T,0,Open Play,Head,Normal,False,True,0.12988706
3913073,10516.0,Frida Maanum,Arsenal WFC,1,38,8,112.3,50.0,12.6,Inside box,From Throw In,Blocked,0,Open Play,Head,Normal,False,True,0.04044268
3913073,11338.0,Caitlin Jade Foord,Arsenal WFC,1,39,22,111.7,34.9,9.7,Inside box,Regular Play,Blocked,0,Open Play,Head,Normal,False,True,0.05931727
3913073,10516.0,Frida Maanum,Arsenal WFC,1,39,35,106.9,14.3,28.8,Outside box,Regular Play,Saved,0,Open Play,Right Foot,Normal,False,False,0.0073343404
3913073,10405.0,Lia Wälti,Arsenal WFC,1,43,14,109.8,39.8,10.2,Inside box,From Free Kick,Wayward,0,Open Play,Head,Normal,False,True,0.0928221
3913073,15620.0,Katie McCabe,Arsenal WFC,1,43,18,117.7,48.3,8.6,Inside box,From Free Kick,Blocked,0,Open Play,Right Foot,Half Volley,True,False,0.108172715
3913073,5058.0,Rachel Daly,Aston Villa W,1,46,56,76.5,20.8,47.5,Outside box,From Throw In,Blocked,0,Open Play,Right Foot,Normal,True,False,0.0060733045
3913073,10516.0,Frida Maanum,Arsenal WFC,1,47,58,103.3,49.5,19.2,Inside box,Regular Play,Off T,0,Open Play,Right Foot,Normal,False,False,0.052569713
3913073,47521.0,Alessia Russo,Arsenal WFC,2,48,21,105.0,40.7,15.0,Inside box,From Free Kick,Blocked,0,Open Play,Right Foot,Volley,True,True,0.050176986
3913073,10405.0,Lia Wälti,Arsenal WFC,2,53,49,97.9,25.6,26.4,Outside box,From Throw In,Blocked,0,Open Play,Left Foot,Normal,False,False,0.026121954
3913073,11338.0,Caitlin Jade Foord,Arsenal WFC,2,65,11,110.7,37.9,9.5,Inside box,From Free Kick,Blocked,0,Open Play,Head,Normal,False,True,0.0669573
3913073,11338.0,Caitlin Jade Foord,Arsenal WFC,2,65,23,115.7,28.8,12.0,Inside box,From Free Kick,Post,0,Open Play,Left Foot,Normal,False,False,0.08496836
3913073,15559.0,Simone Magill,Aston Villa W,2,71,51,106.0,38.4,14.1,Inside box,Regular Play,Blocked,0,Open Play,Left Foot,Normal,False,False,0.07773509
3913073,10229.0,Emma Stina Blackstenius,Arsenal WFC,2,77,17,113.8,40.2,6.2,Inside box,From Throw In,Blocked,0,Open Play,Head,Normal,False,True,0.18643631
3913073,15620.0,Katie McCabe,Arsenal WFC,2,77,18,110.1,29.0,14.8,Inside box,From Throw In,Blocked,0,Open Play,Right Foot,Half Volley,True,False,0.09519928
3913073,15620.0,Katie McCabe,Arsenal WFC,2,77,20,108.7,32.5,13.6,Inside box,From Throw In,Blocked,0,Open Play,Left Foot,Half Volley,True,False,0.07458936
3913073,10229.0,Emma Stina Blackstenius,Arsenal WFC,2,78,9,113.7,31.3,10.7,Inside box,From Corner,Blocked,0,Open Play,Right Foot,Volley,True,True,0.047939155
3913073,5000.0,Stephanie-Elise Catley,Arsenal WFC,2,78,16,105.5,42.6,14.7,Inside box,From Corner,Off T,0,Open Play,Head,Normal,False,False,0.029847296
3913073,10229.0,Emma Stina Blackstenius,Arsenal WFC,2,84,15,113.5,33.2,9.4,Inside box,From Throw In,Wayward,0,Open Play,Head,Normal,False,True,0.0692484
3913073,10229.0,Emma Stina Blackstenius,Arsenal WFC,2,87,44,109.7,46.4,12.1,Inside box,From Free Kick,Wayward,0,Open Play,Head,Normal,False,False,0.042067546
3913073,10229.0,Emma Stina Blackstenius,Arsenal WFC,2,88,15,111.8,36.7,8.8,Inside box,From Free Kick,Wayward,0,Open Play,Right Foot,Volley,True,True,0.074804276
3913073,47521.0,Alessia Russo,Arsenal WFC,2,88,19,108.7,56.5,20.0,Inside box,From Free Kick,Blocked,0,Open Play,Right Foot,Normal,False,False,0.03550672
3913073,62906.0,Cloé Zoé Eyja Lacasse,Arsenal WFC,2,88,55,99.8,58.2,27.2,Outside box,From Free Kick,Blocked,0,Open Play,Left Foot,Normal,False,False,0.01688052
3913073,11338.0,Caitlin Jade Foord,Arsenal WFC,2,90,27,109.5,41.2,10.6,Inside box,From Corner,Saved Off Target,0,Open Play,Right Foot,Overhead Kick,True,True,0.07724997
3913073,15620.0,Katie McCabe,Arsenal WFC,2,91,8,115.4,28.5,12.4,Inside box,From Corner,Goal,1,Open Play,Left Foot,Normal,True,False,0.07391853
3913073,10229.0,Emma Stina Blackstenius,Arsenal WFC,2,92,37,111.2,50.7,13.9,Inside box,From Counter,Post,0,Open Play,Right Foot,Normal,False,True,0.2671243
3913073,47521.0,Alessia Russo,Arsenal WFC,2,93,54,99.9,43.4,20.4,Outside box,From Counter,Goal,1,Open Play,Left Foot,Normal,True,False,0.06449258
3913073,15562.0,Lucy Staniforth,Aston Villa W,2,96,33,87.0,29.9,34.5,Outside box,From Free Kick,Off T,0,Free Kick,Right Foot,Normal,False,False,0.012567664
3913073,10229.0,Emma Stina Blackstenius,Arsenal WFC,2,101,40,112.7,34.7,9.0,Inside box,Regular Play,Blocked,0,Open Play,Right Foot,Normal,False,False,0.14684217
3913097,63788.0,Victoria Pelova,Arsenal WFC,1,5,36,108.2,51.7,16.6,Inside box,Regular Play,Blocked,0,Open Play,Left Foot,Normal,False,True,0.06462603
3913097,10229.0,Emma Stina Blackstenius,Arsenal WFC,1,6,30,108.2,26.3,18.1,Inside box,From Throw In,Blocked,0,Open Play,Left Foot,Normal,True,True,0.032659955
3913097,49697.0,Carlotte Wubben-Moy,Arsenal WFC,1,6,59,111.9,45.1,9.6,Inside box,From Corner,Off T,0,Open Play,Head,Normal,False,True,0.06276354
3913097,10229.0,Emma Stina Blackstenius,Arsenal WFC,1,11,3,107.0,39.8,13.0,Inside box,From Throw In,Goal,1,Open Play,Right Foot,Normal,False,False,0.10563846
3913097,131575.0,Mengwen Li,Brighton & Hove Albion WFC,1,15,35,112.9,47.7,10.5,Inside box,Regular Play,Wayward,0,Open Play,Head,Normal,False,False,0.10628532
3913097,10229.0,Emma Stina Blackstenius,Arsenal WFC,1,19,41,105.9,49.9,17.2,Inside box,Regular Play,Blocked,0,Open Play,Left Foot,Normal,False,True,0.0653394
3913097,47521.0,Alessia Russo,Arsenal WFC,1,24,24,100.5,37.7,19.6,Outside box,From Throw In,Blocked,0,Open Play,Left Foot,Normal,True,False,0.06360366
3913097,49697.0,Carlotte Wubben-Moy,Arsenal WFC,1,25,3,115.2,41.3,5.0,Inside box,From Corner,Off T,0,Open Play,Head,Normal,False,False,0.16657375
3913097,10158.0,María Victoria Losada Gómez,Brighton & Hove Albion WFC,1,26,21,88.6,46.3,32.0,Outside box,Regular Play,Off T,0,Open Play,Right Foot,Normal,False,True,0.028096942
3913097,26094.0,Julia Zigiotti-Olme,Brighton & Hove Albion WFC,1,27,23,92.1,46.2,28.6,Outside box,Regular Play,Off T,0,Open Play,Right Foot,Half Volley,False,False,0.019159876
3913097,276301.0,Elisabeth Terland,Brighton & Hove Albion WFC,1,42,33,103.2,57.6,24.3,Inside box,From Counter,Saved,0,Open Play,Right Foot,Normal,True,False,0.032688495
3913097,26094.0,Julia Zigiotti-Olme,Brighton & Hove Albion WFC,1,47,12,110.5,50.0,13.8,Inside box,From Corner,Saved,0,Open Play,Head,Normal,False,False,0.025444726
3913097,276304.0,Guro Bergsvand,Brighton & Hove Albion WFC,2,52,32,114.0,38.2,6.3,Inside box,From Corner,Off T,0,Open Play,Head,Normal,False,False,0.12402937
3913097,63788.0,Victoria Pelova,Arsenal WFC,2,56,55,94.7,41.2,25.3,Outside box,From Throw In,Blocked,0,Open Play,Left Foot,Normal,False,True,0.033751696
3913097,10229.0,Emma Stina Blackstenius,Arsenal WFC,2,57,0,112.6,35.1,8.9,Inside box,From Throw In,Blocked,0,Open Play,Left Foot,Backheel,True,True,0.07961331
3913097,63788.0,Victoria Pelova,Arsenal WFC,2,58,44,102.4,46.6,18.8,Inside box,From Free Kick,Off T,0,Open Play,Right Foot,Normal,False,True,0.058198467
3913097,47521.0,Alessia Russo,Arsenal WFC,2,61,21,105.5,37.8,14.7,Inside box,From Free Kick,Blocked,0,Open Play,Head,Normal,False,True,0.018997747
3913097,15619.0,Bethany Mead,Arsenal WFC,2,62,53,103.3,39.7,16.7,Inside box,Regular Play,Off T,0,Open Play,Right Foot,Normal,True,False,0.11313047
3913097,62906.0,Cloé Zoé Eyja Lacasse,Arsenal WFC,2,66,45,111.0,47.9,12.0,Inside box,From Free Kick,Blocked,0,Open Play,Right Foot,Normal,False,False,0.09091431
3913097,10516.0,Frida Maanum,Arsenal WFC,2,66,48,109.3,36.3,11.3,Inside box,From Free Kick,Blocked,0,Open Play,Right Foot,Normal,False,False,0.10158777
3913097,47521.0,Alessia Russo,Arsenal WFC,2,69,13,94.9,67.2,37.0,Outside box,Regular Play,Off T,0,Open Play,Right Foot,Normal,True,False,0.006813176
3913097,11338.0,Caitlin Jade Foord,Arsenal WFC,2,75,48,107.6,24.2,20.1,Inside box,From Free Kick,Blocked,0,Open Play,Right Foot,Normal,False,False,0.036131408
3913097,47521.0,Alessia Russo,Arsenal WFC,2,78,36,114.1,39.4,5.9,Inside box,Regular Play,Off T,0,Open Play,Right Foot,Normal,True,False,0.85484314
3913097,11338.0,Caitlin Jade Foord,Arsenal WFC,2,79,55,96.3,50.1,25.8,Outside box,From Goal Kick,Goal,1,Open Play,Right Foot,Normal,False,False,0.033057336
3913097,10516.0,Frida Maanum,Arsenal WFC,2,87,42,107.4,19.0,24.5,Inside box,From Throw In,Off T,0,Open Play,Right Foot,Normal,False,False,0.009737967
3913097,21059.0,Katie Robinson,Brighton & Hove Albion WFC,2,92,47,103.5,42.0,16.6,Inside box,From Corner,Off T,0,Open Play,Right Foot,Volley,True,False,0.056766953
3913097,10516.0,Frida Maanum,Arsenal WFC,2,94,22,106.9,37.9,13.3,Inside box,From Throw In,Goal,1,Open Play,Right Foot,Normal,True,False,0.17450723
3913097,62906.0,Cloé Zoé Eyja Lacasse,Arsenal WFC,2,95,46,106.3,51.1,17.6,Inside box,Regular Play,Saved,0,Open Play,Right Foot,Normal,False,False,0.108997434
3913087,15571.0,Danielle Turner,Aston Villa W,1,6,13,111.1,46.5,11.0,Inside box,From Free Kick,Off T,0,Open Play,Head,Normal,False,False,0.05891892
3913087,5058.0,Rachel Daly,Aston Villa W,1,7,44,107.7,36.8,12.7,Inside box,From Throw In,Blocked,0,Open Play,Head,Normal,False,True,0.034327615
3913087,5058.0,Rachel Daly,Aston Villa W,1,9,57,114.5,31.4,10.2,Inside box,From Corner,Blocked,0,Open Play,Left Foot,Backheel,True,False,0.05893067
3913087,4984.0,Rachel Corsie,Aston Villa W,1,9,58,110.5,36.2,10.2,Inside box,From Corner,Off T,0,Open Play,Left Foot,Normal,True,False,0.16811204
3913087,31532.0,Kirsty Hanson,Aston Villa W,1,10,31,97.5,38.5,22.5,Outside box,From Goal Kick,Saved,0,Open Play,Left Foot,Normal,False,False,0.05972471
3913087,15788.0,Amalie Grønbak Thestrup,Bristol City WFC,1,16,44,101.8,23.7,24.4,Outside box,Regular Play,Blocked,0,Open Play,Right Foot,Normal,False,False,0.01948876
3913087,185543.0,Ffion Morgan,Bristol City WFC,1,21,47,108.2,53.7,18.1,Inside box,From Throw In,Saved,0,Open Play,Right Foot,Normal,False,True,0.056785177
3913087,15706.0,Rachel Furness,Bristol City WFC,1,24,33,95.3,25.6,28.6,Outside box,Regular Play,Saved,0,Open Play,Right Foot,Half Volley,True,False,0.017721485
3913087,185545.0,Brooke Aspin,Bristol City WFC,1,25,24,111.7,41.6,8.5,Inside box,From Corner,Off T,0,Open Play,Head,Normal,False,True,0.07383677
3913087,4984.0,Rachel Corsie,Aston Villa W,1,31,9,109.2,44.2,11.6,Inside box,From Free Kick,Off T,0,Open Play,Head,Normal,False,True,0.034004867
3913087,33675.0,Laura Madison Blindkilde Brown,Aston Villa W,1,36,0,111.2,38.7,8.9,Inside box,From Keeper,Blocked,0,Open Play,Right Foot,Normal,True,False,0.40115383
3913087,5058.0,Rachel Daly,Aston Villa W,1,46,14,109.0,39.8,11.0,Inside box,From Corner,Saved,0,Open Play,Head,Normal,False,True,0.04492172
3913087,31532.0,Kirsty Hanson,Aston Villa W,1,54,13,105.3,42.7,14.9,Inside box,From Throw In,Off T,0,Open Play,Right Foot,Volley,True,False,0.055301357
3913087,31532.0,Kirsty Hanson,Aston Villa W,2,50,16,91.6,50.5,30.3,Outside box,From Throw In,Saved,0,Open Play,Left Foot,Normal,False,False,0.020146558
3913087,5058.0,Rachel Daly,Aston Villa W,2,51,25,108.5,34.2,12.9,Inside box,Regular Play,Blocked,0,Open Play,Right Foot,Normal,True,True,0.08348148
3913087,5058.0,Rachel Daly,Aston Villa W,2,55,17,108.8,52.6,16.9,Inside box,From Throw In,Off T,0,Open Play,Right Foot,Normal,True,False,0.10451101
3913087,15421.0,Kenza Dali,Aston Villa W,2,59,40,100.8,39.2,19.2,Outside box,Regular Play,Saved,0,Open Play,Right Foot,Normal,False,False,0.061184254
3913087,10192.0,Jordan Nobbs,Aston Villa W,2,65,21,107.3,29.7,16.4,Inside box,From Throw In,Wayward,0,Open Play,Right Foot,Normal,True,False,0.10023323
3913087,15571.0,Danielle Turner,Aston Villa W,2,66,14,84.7,45.9,35.8,Outside box,From Throw In,Off T,0,Open Play,Left Foot,Normal,False,False,0.010044713
3913087,78072.0,Anna Patten,Aston Villa W,2,70,15,110.0,46.4,11.9,Inside box,From Corner,Off T,0,Open Play,Right Foot,Volley,True,True,0.040773742
3913087,5058.0,Rachel Daly,Aston Villa W,2,71,24,84.5,40.9,35.5,Outside box,Regular Play,Blocked,0,Open Play,Right Foot,Normal,False,False,0.014998677
3913087,19500.0,Sarah Emma Mayling,Aston Villa W,2,72,37,89.1,39.6,30.9,Outside box,From Free Kick,Saved,0,Free Kick,Right Foot,Normal,False,False,0.030885756
3913087,31527.0,Ebony Salmon,Aston Villa W,2,85,18,113.9,52.9,14.3,Inside box,From Free Kick,Goal,1,Open Play,Left Foot,Half Volley,True,False,0.04530139
3913087,15716.0,Emily Syme,Bristol City WFC,2,86,55,96.9,36.5,23.4,Outside box,Regular Play,Off T,0,Open Play,Right Foot,Normal,False,False,0.04616297
3913087,46741.0,Naomi Layzell,Bristol City WFC,2,88,34,109.0,37.6,11.3,Inside box,From Throw In,Off T,0,Open Play,Head,Normal,False,True,0.114262626
3913156,10516.0,Frida Maanum,Arsenal WFC,1,1,48,106.3,53.3,19.1,Inside box,Regular Play,Off T,0,Open Play,Right Foot,Normal,False,True,0.08795489
3913156,15616.0,Kim Little,Arsenal WFC,1,8,18,103.5,30.8,18.9,Inside box,From Corner,Blocked,0,Open Play,Left Foot,Half Volley,True,False,0.046692
3913156,15616.0,Kim Little,Arsenal WFC,1,14,1,97.3,35.0,23.2,Outside box,Regular Play,Saved,0,Open Play,Right Foot,Normal,False,False,0.038826246
3913156,15619.0,Bethany Mead,Arsenal WFC,1,19,9,114.3,50.7,12.1,Inside box,Regular Play,Blocked,0,Open Play,Left Foot,Normal,False,False,0.08397963
3913156,10516.0,Frida Maanum,Arsenal WFC,1,27,48,105.9,42.8,14.4,Inside box,From Throw In,Blocked,0,Open Play,Right Foot,Normal,True,False,0.08239078
3913156,47521.0,Alessia Russo,Arsenal WFC,1,28,16,110.5,41.5,9.6,Inside box,From Throw In,Saved,0,Open Play,Head,Normal,False,False,0.14611563
3913156,31527.0,Ebony Salmon,Aston Villa W,1,34,58,109.9,47.5,12.6,Inside box,From Throw In,Goal,1,Open Play,Right Foot,Normal,True,False,0.0981094
3913156,10516.0,Frida Maanum,Arsenal WFC,1,38,4,104.9,31.2,17.5,Inside box,From Throw In,Blocked,0,Open Play,Right Foot,Half Volley,False,True,0.058865536
3913156,63788.0,Victoria Pelova,Arsenal WFC,1,38,42,106.0,32.1,16.1,Inside box,From Corner,Blocked,0,Open Play,Right Foot,Half Volley,False,True,0.06178078
3913156,18999.0,Leah Williamson,Arsenal WFC,1,38,54,105.1,49.4,17.6,Inside box,From Corner,Blocked,0,Open Play,Left Foot,Half Volley,False,True,0.04473649
3913156,15619.0,Bethany Mead,Arsenal WFC,1,39,12,100.7,44.6,19.8,Outside box,From Corner,Blocked,0,Open Play,Left Foot,Normal,False,True,0.06557751
3913156,63788.0,Victoria Pelova,Arsenal WFC,1,45,35,106.5,42.6,13.7,Inside box,From Throw In,Wayward,0,Open Play,Head,Normal,False,False,0.07373534
3913156,107491.0,Emily Ann Fox,Arsenal WFC,1,46,41,99.9,55.1,25.1,Outside box,Regular Play,Off T,0,Open Play,Right Foot,Normal,False,False,0.02853058
3913156,47521.0,Alessia Russo,Arsenal WFC,2,53,2,103.4,30.7,19.0,Inside box,Regular Play,Saved,0,Open Play,Right Foot,Normal,False,False,0.13097443
3913156,63788.0,Victoria Pelova,Arsenal WFC,2,53,4,105.7,42.2,14.5,Inside box,Regular Play,Goal,1,Open Play,Right Foot,Half Volley,True,False,0.09254664
3913156,47521.0,Alessia Russo,Arsenal WFC,2,54,58,111.1,39.1,8.9,Inside box,From Throw In,Saved,0,Open Play,Head,Normal,False,True,0.087813415
3913156,47521.0,Alessia Russo,Arsenal WFC,2,62,55,106.2,41.7,13.9,Inside box,From Throw In,Blocked,0,Open Play,Right Foot,Normal,True,True,0.1012744
3913156,10516.0,Frida Maanum,Arsenal WFC,2,63,16,106.4,47.5,15.5,Inside box,From Throw In,Post,0,Open Play,Left Foot,Normal,True,False,0.07601147
3913156,47521.0,Alessia Russo,Arsenal WFC,2,63,18,111.9,41.1,8.2,Inside box,From Throw In,Off T,0,Open Play,Right Foot,Half Volley,True,True,0.3120128
3913156,107491.0,Emily Ann Fox,Arsenal WFC,2,65,54,105.4,46.6,16.0,Inside box,From Throw In,Blocked,0,Open Play,Right Foot,Normal,True,True,0.06864821
3913156,10516.0,Frida Maanum,Arsenal WFC,2,66,32,112.2,48.6,11.6,Inside box,From Corner,Blocked,0,Open Play,Right Foot,Half Volley,False,True,0.07514341
3913156,49697.0,Carlotte Wubben-Moy,Arsenal WFC,2,66,37,113.5,36.5,7.4,Inside box,From Corner,Saved,0,Open Play,Head,Normal,False,False,0.25241154
3913156,10516.0,Frida Maanum,Arsenal WFC,2,67,35,109.0,44.1,11.7,Inside box,Regular Play,Off T,0,Open Play,Right Foot,Normal,True,True,0.14233665
3913156,15619.0,Bethany Mead,Arsenal WFC,2,68,8,98.5,48.9,23.3,Outside box,Regular Play,Saved,0,Open Play,Right Foot,Normal,False,False,0.06654844
3913156,10516.0,Frida Maanum,Arsenal WFC,2,68,59,100.7,36.3,19.7,Outside box,Regular Play,Blocked,0,Open Play,Right Foot,Normal,True,False,0.07198179
3913156,15616.0,Kim Little,Arsenal WFC,2,69,25,103.3,39.5,16.7,Inside box,Regular Play,Saved,0,Open Play,Right Foot,Normal,True,True,0.06970099
3913156,11338.0,Caitlin Jade Foord,Arsenal WFC,2,73,17,114.0,34.7,8.0,Inside box,From Counter,Saved,0,Open Play,Left Foot,Volley,True,False,0.30769363
3913156,63788.0,Victoria Pelova,Arsenal WFC,2,73,53,106.9,30.9,16.0,Inside box,From Corner,Saved,0,Open Play,Right Foot,Half Volley,True,False,0.091549
3913156,10229.0,Emma Stina Blackstenius,Arsenal WFC,2,74,16,114.7,38.5,5.5,Inside box,From Corner,Off T,0,Open Play,Head,Normal,False,True,0.14689253
3913156,10229.0,Emma Stina Blackstenius,Arsenal WFC,2,76,50,112.5,39.2,7.5,Inside box,Regular Play,Saved,0,Open Play,Head,Normal,False,False,0.1680288
3913156,63788.0,Victoria Pelova,Arsenal WFC,2,78,1,107.1,51.5,17.3,Inside box,Regular Play,Blocked,0,Open Play,Left Foot,Normal,False,False,0.06448966
3913156,5000.0,Stephanie-Elise Catley,Arsenal WFC,2,78,5,104.4,28.4,19.4,Inside box,Regular Play,Blocked,0,Open Play,Left Foot,Normal,False,False,0.052740492
3913156,47521.0,Alessia Russo,Arsenal WFC,2,82,24,116.1,38.9,4.1,Inside box,Regular Play,Post,0,Open Play,Head,Normal,False,False,0.46155313
3913156,10229.0,Emma Stina Blackstenius,Arsenal WFC,2,82,26,115.5,40.1,4.5,Inside box,Regular Play,Blocked,0,Open Play,Left Foot,Half Volley,True,True,0.24749053
3913156,49697.0,Carlotte Wubben-Moy,Arsenal WFC,2,83,8,112.1,45.0,9.3,Inside box,From Corner,Goal,1,Open Play,Head,Normal,False,True,0.061833315
3913156,10229.0,Emma Stina Blackstenius,Arsenal WFC,2,85,53,111.7,48.8,12.1,Inside box,From Goal Kick,Goal,1,Open Play,Right Foot,Normal,False,True,0.105273016
3913156,11338.0,Caitlin Jade Foord,Arsenal WFC,2,89,24,104.9,25.8,20.7,Inside box,From Throw In,Off T,0,Open Play,Right Foot,Normal,False,True,0.04000518
3913146,84765.0,Carrie Jones,Bristol City WFC,1,8,4,103.1,52.0,20.7,Inside box,Regular Play,Blocked,0,Open Play,Left Foot,Normal,False,False,0.05572686
3913146,276301.0,Elisabeth Terland,Brighton & Hove Albion WFC,1,9,35,110.5,45.1,10.8,Inside box,Regular Play,Blocked,0,Open Play,Right Foot,Half Volley,True,False,0.058017217
3913146,276301.0,Elisabeth Terland,Brighton & Hove Albion WFC,1,15,54,95.2,39.6,24.8,Outside box,Regular Play,Saved,0,Open Play,Right Foot,Normal,False,False,0.046303827
3913146,105102.0,Veatriki Sarri,Brighton & Hove Albion WFC,1,17,28,107.9,29.4,16.1,Inside box,Regular Play,Off T,0,Open Play,Left Foot,Normal,False,True,0.120975174
3913146,276304.0,Guro Bergsvand,Brighton & Hove Albion WFC,1,19,28,115.3,39.0,4.8,Inside box,From Corner,Blocked,0,Open Play,Head,Normal,False,False,0.17952171
3913146,276301.0,Elisabeth Terland,Brighton & Hove Albion WFC,1,19,29,118.6,44.7,4.9,Inside box,From Corner,Goal,1,Open Play,Right Foot,Half Volley,True,False,0.46880022
3913146,84765.0,Carrie Jones,Bristol City WFC,1,22,2,103.0,27.5,21.1,Inside box,Regular Play,Saved,0,Open Play,Right Foot,Normal,False,True,0.043273237
3913146,20725.0,Pauline Bremer,Brighton & Hove Albion WFC,1,23,14,105.3,39.0,14.7,Inside box,From Throw In,Post,0,Open Play,Right Foot,Half Volley,True,True,0.098256536
3913146,20725.0,Pauline Bremer,Brighton & Hove Albion WFC,1,23,16,114.1,40.7,5.9,Inside box,From Throw In,Goal,1,Open Play,Left Foot,Normal,True,True,0.6116794
3913146,10179.0,Lisa Evans,Bristol City WFC,1,27,51,113.2,32.2,10.3,Inside box,From Goal Kick,Off T,0,Open Play,Right Foot,Normal,False,False,0.3647198
3913146,84765.0,Carrie Jones,Bristol City WFC,1,33,24,108.6,52.6,17.0,Inside box,From Throw In,Blocked,0,Open Play,Right Foot,Normal,False,True,0.0563304
3913146,185545.0,Brooke Aspin,Bristol City WFC,1,37,26,104.3,31.4,17.9,Inside box,From Free Kick,Saved,0,Open Play,Head,Normal,False,True,0.023392666
3913146,20725.0,Pauline Bremer,Brighton & Hove Albion WFC,1,40,24,118.2,47.1,7.3,Inside box,From Corner,Off T,0,Open Play,Head,Normal,False,True,0.08130537
3913146,15788.0,Amalie Grønbak Thestrup,Bristol City WFC,1,45,34,110.5,35.4,10.6,Inside box,Regular Play,Blocked,0,Open Play,Right Foot,Normal,True,True,0.10583835
3913146,84765.0,Carrie Jones,Bristol City WFC,1,45,35,110.2,41.4,9.9,Inside box,Regular Play,Blocked,0,Open Play,Right Foot,Normal,True,False,0.1861545
3913146,15716.0,Emily Syme,Bristol City WFC,2,45,23,92.6,35.5,27.8,Outside box,From Kick Off,Blocked,0,Open Play,Left Foot,Normal,True,False,0.016696637
3913146,19417.0,Amy Rodgers,Bristol City WFC,2,45,35,95.5,42.0,24.6,Outside box,From Kick Off,Blocked,0,Open Play,Right Foot,Normal,True,False,0.032664537
3913146,23413.0,Megan Connolly,Bristol City WFC,2,46,48,97.8,43.3,22.4,Outside box,From Free Kick,Goal,1,Free Kick,Right Foot,Normal,False,False,0.08247288
3913146,276301.0,Elisabeth Terland,Brighton & Hove Albion WFC,2,50,39,93.3,43.1,26.9,Outside box,From Counter,Off T,0,Open Play,Right Foot,Normal,False,True,0.07213691
3913146,276301.0,Elisabeth Terland,Brighton & Hove Albion WFC,2,52,46,104.2,40.2,15.8,Inside box,Regular Play,Blocked,0,Open Play,Right Foot,Normal,True,False,0.104881816
3913146,276301.0,Elisabeth Terland,Brighton & Hove Albion WFC,2,53,41,107.1,39.9,12.9,Inside box,From Corner,Goal,1,Open Play,Right Foot,Normal,True,True,0.10749586
3913146,276301.0,Elisabeth Terland,Brighton & Hove Albion WFC,2,63,10,103.6,50.2,19.3,Inside box,From Counter,Saved,0,Open Play,Right Foot,Normal,False,False,0.29228297
3913146,10167.0,Tatiana Vanessa Ferreira Pinto,Brighton & Hove Albion WFC,2,63,30,113.4,36.1,7.7,Inside box,From Corner,Goal,1,Open Play,Head,Normal,False,False,0.1453203
3913146,42836.0,Ella Powell,Bristol City WFC,2,68,41,94.2,26.3,29.2,Outside box,Regular Play,Off T,0,Open Play,Right Foot,Normal,False,False,0.02467594
3913146,185545.0,Brooke Aspin,Bristol City WFC,2,69,58,115.2,34.6,7.2,Inside box,From Corner,Goal,1,Open Play,Head,Normal,False,True,0.09838148
3913146,15788.0,Amalie Grønbak Thestrup,Bristol City WFC,2,73,24,107.2,42.7,13.1,Inside box,Regular Play,Goal,1,Open Play,Right Foot,Normal,True,False,0.22078343
3913146,185545.0,Brooke Aspin,Bristol City WFC,2,77,11,115.0,42.5,5.6,Inside box,From Corner,Off T,0,Open Play,Head,Normal,False,True,0.15073487
3913146,42836.0,Ella Powell,Bristol City WFC,2,77,58,107.4,38.0,12.8,Inside box,Regular Play,Blocked,0,Open Play,Right Foot,Half Volley,True,False,0.1075237
3913146,15788.0,Amalie Grønbak Thestrup,Bristol City WFC,2,77,59,108.9,45.2,12.3,Inside box,Regular Play,Blocked,0,Open Play,Left Foot,Normal,False,True,0.09588588
3913146,21059.0,Katie Robinson,Brighton & Hove Albion WFC,2,82,8,101.5,49.3,20.7,Outside box,From Counter,Blocked,0,Open Play,Right Foot,Normal,True,False,0.052693915
3913146,15788.0,Amalie Grønbak Thestrup,Bristol City WFC,2,82,30,98.8,54.5,25.7,Outside box,From Free Kick,Blocked,0,Open Play,Left Foot,Normal,False,True,0.028414614
3913146,405188.0,Madison Haley,Brighton & Hove Albion WFC,2,88,7,115.6,44.8,6.5,Inside box,From Free Kick,Goal,1,Open Play,Right Foot,Normal,True,True,0.2753208
3913146,10167.0,Tatiana Vanessa Ferreira Pinto,Brighton & Hove Albion WFC,2,89,10,111.2,40.9,8.8,Inside box,Regular Play,Blocked,0,Open Play,Right Foot,Normal,True,False,0.14654957
3913146,21059.0,Katie Robinson,Brighton & Hove Albion WFC,2,89,12,115.5,46.6,8.0,Inside box,Regular Play,Blocked,0,Open Play,Right Foot,Normal,False,False,0.09088736
3913146,10158.0,María Victoria Losada Gómez,Brighton & Hove Albion WFC,2,91,40,108.1,40.1,11.9,Inside box,Other,Goal,1,Penalty,Right Foot,Normal,False,False,0.7835
3913146,21059.0,Katie Robinson,Brighton & Hove Albion WFC,2,95,4,104.7,31.3,17.6,Inside box,Regular Play,Goal,1,Open Play,Left Foot,Normal,False,False,0.89764494
3913134,63308.0,Justine Vanhaevermaet,Everton LFC,1,4,48,107.9,35.1,13.1,Inside box,From Corner,Wayward,0,Open Play,Other,Normal,False,False,0.026364617
3913134,4660.0,Erin Cuthbert,Chelsea FCW,1,5,32,101.3,39.3,18.7,Outside box,From Corner,Off T,0,Open Play,Left Foot,Half Volley,False,False,0.034102812
3913134,15631.0,Niamh Charles,Chelsea FCW,1,9,40,107.6,26.8,18.1,Inside box,From Free Kick,Blocked,0,Open Play,Right Foot,Volley,True,False,0.053349853
3913134,10514.0,Guro Reiten,Chelsea FCW,1,20,8,113.4,35.8,7.8,Inside box,Regular Play,Saved,0,Open Play,Right Foot,Half Volley,False,False,0.13528289
3913134,53188.0,Mayra Tatiana Ramírez Ramírez,Chelsea FCW,1,21,22,111.0,41.1,9.1,Inside box,From Corner,Blocked,0,Open Play,Head,Normal,False,True,0.058872502
3913134,10514.0,Guro Reiten,Chelsea FCW,1,26,50,108.0,40.0,12.0,Inside box,Other,Goal,1,Penalty,Left Foot,Normal,False,False,0.7835
3913134,10225.0,Aurora Galli,Everton LFC,1,30,31,117.5,35.6,5.1,Inside box,Regular Play,Off T,0,Open Play,Left Foot,Half Volley,True,False,0.5040758
3913134,10514.0,Guro Reiten,Chelsea FCW,1,37,34,111.9,34.9,9.6,Inside box,Regular Play,Off T,0,Open Play,Head,Normal,False,True,0.125826
3913134,15648.0,Melanie Leupolz,Chelsea FCW,2,52,21,98.1,43.3,22.1,Outside box,Regular Play,Off T,0,Open Play,Right Foot,Half Volley,True,False,0.036180336
3913134,15648.0,Melanie Leupolz,Chelsea FCW,2,56,6,96.5,44.1,23.9,Outside box,From Free Kick,Blocked,0,Open Play,Right Foot,Normal,True,False,0.03611386
3913134,62710.0,Johanna Rytting-Kaneryd,Chelsea FCW,2,58,47,108.7,41.4,11.4,Inside box,Regular Play,Off T,0,Open Play,Right Foot,Normal,True,False,0.23197667
3913134,31531.0,Lauren James,Chelsea FCW,2,60,21,108.3,29.5,15.7,Inside box,From Free Kick,Off T,0,Open Play,Left Foot,Normal,False,False,0.16453315
3913134,10514.0,Guro Reiten,Chelsea FCW,2,71,56,108.1,40.1,11.9,Inside box,Other,Goal,1,Penalty,Left Foot,Normal,False,False,0.7835
3913134,10225.0,Aurora Galli,Everton LFC,2,74,46,103.6,37.4,16.6,Inside box,From Free Kick,Blocked,0,Open Play,Head,Normal,False,False,0.026791424
3913134,361311.0,Mia Renee Fishel,Chelsea FCW,2,81,3,115.1,42.7,5.6,Inside box,From Throw In,Blocked,0,Open Play,Right Foot,Half Volley,False,False,0.151059
3913134,361311.0,Mia Renee Fishel,Chelsea FCW,2,81,5,114.2,44.1,7.1,Inside box,From Throw In,Saved,0,Open Play,Left Foot,Volley,True,False,0.2164244
3913134,4660.0,Erin Cuthbert,Chelsea FCW,2,82,15,108.4,34.3,12.9,Inside box,Regular Play,Goal,1,Open Play,Right Foot,Half Volley,True,True,0.15326643
3913134,81580.0,Agnes Beever-Jones,Chelsea FCW,2,85,46,96.1,32.1,25.2,Outside box,From Corner,Off T,0,Open Play,Left Foot,Half Volley,True,False,0.02454066
3913134,361311.0,Mia Renee Fishel,Chelsea FCW,2,87,5,117.2,33.2,7.4,Inside box,From Corner,Saved,0,Open Play,Head,Normal,False,True,0.08824012
3913124,337710.0,Cecilie Maag Struck,Bristol City WFC,1,1,12,112.7,44.1,8.4,Inside box,From Corner,Off T,0,Open Play,Head,Normal,False,True,0.0834904
3913124,131653.0,Honoka Hayashi,West Ham United LFC,1,3,2,100.4,46.6,20.7,Outside box,Regular Play,Wayward,0,Open Play,Right Foot,Half Volley,False,False,0.051642746
3913124,15788.0,Amalie Grønbak Thestrup,Bristol City WFC,1,9,35,92.2,47.7,28.8,Outside box,Regular Play,Saved,0,Open Play,Right Foot,Normal,False,False,0.053803977
3913124,401930.0,Riko Ueki,West Ham United LFC,1,10,18,111.8,40.8,8.2,Inside box,From Keeper,Saved,0,Open Play,Right Foot,Half Volley,True,True,0.24111132
3913124,401930.0,Riko Ueki,West Ham United LFC,1,12,22,103.1,31.5,18.9,Inside box,From Throw In,Blocked,0,Open Play,Right Foot,Normal,True,False,0.070618786
3913124,131653.0,Honoka Hayashi,West Ham United LFC,1,12,26,98.9,40.2,21.1,Outside box,From Throw In,Goal,1,Open Play,Left Foot,Normal,False,False,0.04788069
3913124,276907.0,Amber Tysiak,West Ham United LFC,1,31,25,111.1,42.7,9.3,Inside box,From Corner,Blocked,0,Open Play,Left Foot,Normal,True,True,0.07193649
3913124,5074.0,Shelina Laura Zadorsky,West Ham United LFC,1,31,29,114.0,35.4,7.6,Inside box,From Corner,Blocked,0,Open Play,Head,Normal,False,True,0.10650888
3913124,4979.0,Katrina Gorry,West Ham United LFC,1,33,35,89.7,47.9,31.3,Outside box,From Throw In,Off T,0,Open Play,Right Foot,Normal,False,False,0.02084725
3913124,322322.0,Jessica Ziu,West Ham United LFC,1,35,41,101.2,29.7,21.4,Outside box,From Throw In,Blocked,0,Open Play,Right Foot,Normal,False,False,0.050439883
3913124,401930.0,Riko Ueki,West Ham United LFC,1,46,28,99.4,44.7,21.1,Outside box,From Free Kick,Saved,0,Open Play,Right Foot,Normal,False,False,0.08405919
3913124,15788.0,Amalie Grønbak Thestrup,Bristol City WFC,2,47,5,114.4,42.9,6.3,Inside box,From Free Kick,Goal,1,Open Play,Right Foot,Normal,True,False,0.5407085
3913124,401930.0,Riko Ueki,West Ham United LFC,2,48,22,101.7,44.0,18.7,Outside box,From Kick Off,Saved,0,Open Play,Right Foot,Normal,False,False,0.07344243
3913124,25834.0,Viviane Asseyi,West Ham United LFC,2,55,0,109.5,32.6,12.8,Inside box,From Counter,Goal,1,Open Play,Right Foot,Normal,False,False,0.49668568
3913124,322322.0,Jessica Ziu,West Ham United LFC,2,64,32,113.0,35.9,8.1,Inside box,Regular Play,Blocked,0,Open Play,Right Foot,Half Volley,False,False,0.12948209
3913124,401930.0,Riko Ueki,West Ham United LFC,2,64,44,98.3,35.5,22.2,Outside box,Regular Play,Blocked,0,Open Play,Left Foot,Normal,False,False,0.038948853
3913124,25834.0,Viviane Asseyi,West Ham United LFC,2,70,1,109.2,47.3,13.0,Inside box,Regular Play,Saved,0,Open Play,Right Foot,Normal,True,False,0.26611567
3913124,25834.0,Viviane Asseyi,West Ham United LFC,2,70,2,110.8,47.1,11.6,Inside box,Regular Play,Off T,0,Open Play,Left Foot,Normal,True,False,0.1578849
3913124,32169.0,Jamie-Lee Napier,Bristol City WFC,2,81,58,94.7,30.2,27.1,Outside box,Regular Play,Saved,0,Open Play,Right Foot,Normal,False,False,0.028114539
3913112,47008.0,Sjoeke Nüsken,Chelsea FCW,1,1,45,111.5,46.1,10.5,Inside box,From Corner,Blocked,0,Open Play,Head,Normal,False,True,0.051868655
3913112,47008.0,Sjoeke Nüsken,Chelsea FCW,1,1,52,111.2,43.9,9.6,Inside box,From Corner,Blocked,0,Open Play,Right Foot,Volley,True,False,0.075215645
3913112,4660.0,Erin Cuthbert,Chelsea FCW,1,5,25,100.0,47.8,21.5,Outside box,Regular Play,Off T,0,Open Play,Right Foot,Normal,False,False,0.047771137
3913112,23412.0,Abigail Harrison,Bristol City WFC,1,6,49,106.9,31.5,15.6,Inside box,From Goal Kick,Blocked,0,Open Play,Right Foot,Normal,False,False,0.06717262
3913112,4660.0,Erin Cuthbert,Chelsea FCW,1,9,16,108.7,47.1,13.3,Inside box,From Free Kick,Blocked,0,Open Play,Right Foot,Normal,True,False,0.16429885
3913112,31531.0,Lauren James,Chelsea FCW,1,16,17,95.7,30.5,26.1,Outside box,From Keeper,Goal,1,Open Play,Left Foot,Normal,False,False,0.031731874
3913112,32169.0,Jamie-Lee Napier,Bristol City WFC,1,19,44,104.9,22.1,23.4,Inside box,Regular Play,Blocked,0,Open Play,Right Foot,Normal,False,False,0.022474656
3913112,4961.0,Samantha May Kerr,Chelsea FCW,1,20,46,107.4,24.9,19.7,Inside box,From Counter,Off T,0,Open Play,Left Foot,Normal,False,False,0.06092044
3913112,4660.0,Erin Cuthbert,Chelsea FCW,1,33,0,105.9,45.9,15.3,Inside box,Regular Play,Goal,1,Open Play,Right Foot,Volley,True,False,0.06843718
3913112,4961.0,Samantha May Kerr,Chelsea FCW,1,39,11,104.7,45.1,16.1,Inside box,Regular Play,Saved,0,Open Play,Right Foot,Lob,True,False,0.3978266
3913112,15549.0,Sophie Louise Ingle,Chelsea FCW,1,39,23,93.8,43.0,26.4,Outside box,Regular Play,Blocked,0,Open Play,Right Foot,Normal,True,False,0.032316167
3913112,19417.0,Amy Rodgers,Bristol City WFC,1,41,12,93.7,10.9,39.2,Outside box,Regular Play,Saved,0,Open Play,Right Foot,Lob,False,False,0.007406771
3913112,185543.0,Ffion Morgan,Bristol City WFC,1,42,22,110.1,38.7,10.0,Inside box,From Counter,Saved,0,Open Play,Right Foot,Normal,False,True,0.47510663
3913112,84765.0,Carrie Jones,Bristol City WFC,1,42,23,107.0,39.1,13.0,Inside box,Regular Play,Blocked,0,Open Play,Right Foot,Normal,True,True,0.15676272
3913112,4641.0,Francesca Kirby,Chelsea FCW,1,42,50,93.8,30.2,28.0,Outside box,Regular Play,Saved,0,Open Play,Right Foot,Normal,False,False,0.022299254
3913112,4961.0,Samantha May Kerr,Chelsea FCW,1,44,46,106.0,31.3,16.5,Inside box,From Counter,Saved,0,Open Play,Right Foot,Normal,False,True,0.22196524
3913112,47008.0,Sjoeke Nüsken,Chelsea FCW,1,45,34,112.3,36.3,8.5,Inside box,From Corner,Blocked,0,Open Play,Head,Normal,False,True,0.07827219
3913112,10514.0,Guro Reiten,Chelsea FCW,2,54,51,104.7,30.8,17.9,Inside box,Regular Play,Blocked,0,Open Play,Right Foot,Normal,True,False,0.097136594
3913112,31531.0,Lauren James,Chelsea FCW,2,56,14,94.5,26.5,28.9,Outside box,Regular Play,Post,0,Open Play,Right Foot,Normal,False,False,0.023314448
3913112,4641.0,Francesca Kirby,Chelsea FCW,2,56,17,108.6,47.7,13.8,Inside box,Regular Play,Saved,0,Open Play,Right Foot,Half Volley,True,False,0.23553978
3913112,4961.0,Samantha May Kerr,Chelsea FCW,2,58,31,113.2,45.2,8.6,Inside box,Regular Play,Goal,1,Open Play,Head,Normal,False,False,0.12853497
3913112,19417.0,Amy Rodgers,Bristol City WFC,2,59,51,99.8,49.3,22.2,Outside box,From Kick Off,Off T,0,Open Play,Right Foot,Normal,False,False,0.06234355
3913112,31531.0,Lauren James,Chelsea FCW,2,61,54,93.2,43.0,27.0,Outside box,Regular Play,Saved,0,Open Play,Left Foot,Normal,False,False,0.032667737
3913112,4961.0,Samantha May Kerr,Chelsea FCW,2,63,21,110.5,26.7,16.3,Inside box,Regular Play,Saved,0,Open Play,Left Foot,Half Volley,False,False,0.0922165
3913112,4660.0,Erin Cuthbert,Chelsea FCW,2,77,53,108.1,35.2,12.8,Inside box,From Throw In,Off T,0,Open Play,Right Foot,Normal,False,True,0.32181892
3913112,81580.0,Agnes Beever-Jones,Chelsea FCW,2,79,55,115.4,35.2,6.6,Inside box,Regular Play,Saved,0,Open Play,Right Foot,Half Volley,True,True,0.3594673
3913112,81580.0,Agnes Beever-Jones,Chelsea FCW,2,83,57,112.1,33.8,10.0,Inside box,Regular Play,Off T,0,Open Play,Right Foot,Half Volley,False,True,0.23370789
3913112,81580.0,Agnes Beever-Jones,Chelsea FCW,2,89,28,96.5,27.7,26.5,Outside box,From Throw In,Saved,0,Open Play,Right Foot,Normal,False,False,0.028499473
3913112,19499.0,Shania Hayles,Bristol City WFC,2,91,5,114.2,45.0,7.7,Inside box,Regular Play,Blocked,0,Open Play,Right Foot,Normal,True,True,0.13489608
3913112,19499.0,Shania Hayles,Bristol City WFC,2,94,54,112.8,35.4,8.5,Inside box,From Goal Kick,Wayward,0,Open Play,Head,Normal,False,True,0.10356076
3913102,10650.0,Jill Roord,Manchester City WFC,1,2,4,101.1,37.9,19.0,Outside box,From Free Kick,Blocked,0,Open Play,Right Foot,Normal,False,True,0.06726044
3913102,62666.0,Ingrid Filippa Angeldal,Manchester City WFC,1,14,4,113.9,39.2,6.2,Inside box,Regular Play,Off T,0,Open Play,Head,Normal,False,True,0.22186023
3913102,25554.0,Khadija Monifa Shaw,Manchester City WFC,1,22,38,114.0,38.5,6.2,Inside box,From Throw In,Goal,1,Open Play,Head,Normal,False,True,0.26196313
3913102,87194.0,Celin Bizet Ildhusøy,Tottenham Hotspur Women,1,26,33,98.3,53.8,25.7,Outside box,Regular Play,Saved,0,Open Play,Right Foot,Normal,False,True,0.033015743
3913102,10650.0,Jill Roord,Manchester City WFC,1,29,16,97.6,35.8,22.8,Outside box,Regular Play,Saved,0,Open Play,Right Foot,Normal,False,False,0.04635476
3913102,10650.0,Jill Roord,Manchester City WFC,1,31,0,103.4,26.3,21.5,Inside box,Regular Play,Blocked,0,Open Play,Left Foot,Normal,False,False,0.028559923
3913102,25554.0,Khadija Monifa Shaw,Manchester City WFC,1,31,58,112.9,35.8,8.2,Inside box,Regular Play,Goal,1,Open Play,Head,Diving Header,False,False,0.3406192
3913102,25554.0,Khadija Monifa Shaw,Manchester City WFC,1,37,29,105.4,35.0,15.4,Inside box,Regular Play,Goal,1,Open Play,Right Foot,Half Volley,False,False,0.08392491
3913102,46740.0,Grace Clinton,Tottenham Hotspur Women,2,46,14,102.7,57.0,24.3,Inside box,Regular Play,Off T,0,Open Play,Right Foot,Normal,True,False,0.026658265
3913102,10650.0,Jill Roord,Manchester City WFC,2,47,17,109.4,37.9,10.8,Inside box,From Throw In,Blocked,0,Open Play,Right Foot,Half Volley,True,False,0.10325432
3913102,15555.0,Lauren Hemp,Manchester City WFC,2,47,21,102.5,38.1,17.6,Inside box,From Throw In,Goal,1,Open Play,Right Foot,Normal,False,False,0.06542441
3913102,31558.0,Martha Thomas,Tottenham Hotspur Women,2,49,13,95.2,40.3,24.8,Outside box,Regular Play,Saved,0,Open Play,Right Foot,Normal,True,False,0.04462
3913102,31558.0,Martha Thomas,Tottenham Hotspur Women,2,50,30,105.9,34.6,15.1,Inside box,From Counter,Saved,0,Open Play,Left Foot,Normal,False,False,0.13239184
3913102,15555.0,Lauren Hemp,Manchester City WFC,2,51,49,104.7,30.7,17.9,Inside box,Regular Play,Off T,0,Open Play,Left Foot,Normal,True,True,0.114264555
3913102,10650.0,Jill Roord,Manchester City WFC,2,52,26,119.2,42.6,2.7,Inside box,Regular Play,Goal,1,Open Play,Head,Normal,False,False,0.79149
3913102,15570.0,Chloe Kelly,Manchester City WFC,2,54,14,94.2,56.4,30.6,Outside box,From Counter,Saved,0,Open Play,Right Foot,Normal,True,False,0.014389732
3913102,19416.0,Laura Coombs,Manchester City WFC,2,58,29,106.9,34.3,14.3,Inside box,From Free Kick,Goal,1,Open Play,Right Foot,Normal,True,False,0.12235169
3913102,31558.0,Martha Thomas,Tottenham Hotspur Women,2,60,24,111.9,39.8,8.1,Inside box,From Corner,Saved,0,Open Play,Head,Normal,False,True,0.121897
3913102,15570.0,Chloe Kelly,Manchester City WFC,2,65,28,104.1,52.5,20.2,Inside box,Regular Play,Blocked,0,Open Play,Right Foot,Normal,False,False,0.04503853
3913102,19416.0,Laura Coombs,Manchester City WFC,2,66,5,97.6,41.2,22.4,Outside box,From Corner,Off T,0,Open Play,Right Foot,Volley,True,False,0.031796385
3913102,15577.0,Angharad James,Tottenham Hotspur Women,2,73,26,109.6,47.9,13.1,Inside box,Regular Play,Blocked,0,Open Play,Right Foot,Normal,True,True,0.26194677
3913102,10252.0,Alex Greenwood,Manchester City WFC,2,75,10,89.8,43.7,30.4,Outside box,From Free Kick,Post,0,Free Kick,Left Foot,Normal,False,False,0.042317886
3913102,49938.0,Deyna Cristina Castellanos Naujenis,Manchester City WFC,2,80,39,93.4,49.5,28.2,Outside box,Regular Play,Blocked,0,Open Play,Right Foot,Normal,False,False,0.029916177
3913102,19498.0,Jessica Park,Manchester City WFC,2,90,32,108.5,38.4,11.6,Inside box,Regular Play,Blocked,0,Open Play,Left Foot,Normal,False,False,0.24089803
3913102,19416.0,Laura Coombs,Manchester City WFC,2,95,27,103.5,40.5,16.5,Inside box,From Free Kick,Goal,1,Open Play,Right Foot,Normal,False,False,0.09100682
3913102,15555.0,Lauren Hemp,Manchester City WFC,2,96,35,100.7,43.8,19.7,Outside box,Regular Play,Saved,0,Open Play,Left Foot,Normal,False,False,0.1860893
3913102,18145.0,Ria Percival,Tottenham Hotspur Women,2,97,29,104.7,49.1,17.8,Inside box,Regular Play,Wayward,0,Open Play,Right Foot,Half Volley,True,False,0.065563634
3913170,46974.0,Marie Therese Höbinger,Liverpool WFC,1,12,23,100.9,39.8,19.1,Outside box,From Free Kick,Goal,1,Open Play,Left Foot,Half Volley,True,False,0.09498778
3913170,15788.0,Amalie Grønbak Thestrup,Bristol City WFC,1,19,45,118.1,37.4,3.2,Inside box,From Free Kick,Wayward,0,Open Play,Left Foot,Normal,True,False,0.47542474
3913170,185543.0,Ffion Morgan,Bristol City WFC,1,42,13,109.8,53.8,17.2,Inside box,Regular Play,Blocked,0,Open Play,Right Foot,Normal,False,False,0.039559238
3913170,15706.0,Rachel Furness,Bristol City WFC,1,44,16,94.3,57.5,31.1,Outside box,Regular Play,Off T,0,Open Play,Right Foot,Half Volley,True,False,0.0075261053
3913170,329372.0,Mia Enderby,Liverpool WFC,1,46,25,112.0,34.0,10.0,Inside box,From Throw In,Wayward,0,Open Play,Right Foot,Half Volley,True,True,0.0856253
3913170,46974.0,Marie Therese Höbinger,Liverpool WFC,2,48,33,92.1,47.0,28.8,Outside box,From Free Kick,Post,0,Open Play,Right Foot,Normal,False,False,0.032139458
3913170,24237.0,Missy Bo Kearns,Liverpool WFC,2,60,47,103.6,24.3,22.7,Inside box,From Counter,Blocked,0,Open Play,Right Foot,Normal,False,False,0.03251581
3913170,329372.0,Mia Enderby,Liverpool WFC,2,60,52,108.3,42.1,11.9,Inside box,From Counter,Off T,0,Open Play,Right Foot,Half Volley,False,False,0.105600275
3913170,329372.0,Mia Enderby,Liverpool WFC,2,62,18,101.2,50.1,21.3,Outside box,Regular Play,Off T,0,Open Play,Left Foot,Normal,False,False,0.09652795
3913170,15788.0,Amalie Grønbak Thestrup,Bristol City WFC,2,64,24,116.6,51.2,11.7,Inside box,Regular Play,Saved,0,Open Play,Right Foot,Normal,False,True,0.039390877
3913170,329372.0,Mia Enderby,Liverpool WFC,2,67,39,111.1,52.5,15.3,Inside box,From Counter,Saved,0,Open Play,Right Foot,Normal,False,True,0.0491869
3913170,34232.0,Grace Fisk,Liverpool WFC,2,68,31,110.5,40.2,9.5,Inside box,From Corner,Saved,0,Open Play,Head,Normal,False,True,0.06711815
3913170,24237.0,Missy Bo Kearns,Liverpool WFC,2,72,7,109.1,63.7,26.1,Outside box,From Free Kick,Saved,0,Free Kick,Right Foot,Normal,False,False,0.009408816
3913170,84765.0,Carrie Jones,Bristol City WFC,2,79,35,104.6,43.9,15.9,Inside box,From Throw In,Blocked,0,Open Play,Left Foot,Normal,True,False,0.10124598
3913170,24706.0,Sophie Roman Haug,Liverpool WFC,2,83,17,110.9,41.3,9.2,Inside box,From Corner,Wayward,0,Open Play,Head,Normal,False,True,0.06345549
3913170,84765.0,Carrie Jones,Bristol City WFC,2,89,15,94.1,29.5,27.9,Outside box,From Throw In,Saved,0,Open Play,Right Foot,Normal,False,False,0.031811826
3913170,19417.0,Amy Rodgers,Bristol City WFC,2,90,51,102.7,45.7,18.2,Inside box,Regular Play,Blocked,0,Open Play,Right Foot,Half Volley,True,True,0.034048233
3913170,23412.0,Abigail Harrison,Bristol City WFC,2,97,46,91.9,26.7,31.1,Outside box,From Throw In,Off T,0,Open Play,Right Foot,Volley,True,False,0.013967751
3913160,11338.0,Caitlin Jade Foord,Arsenal WFC,1,6,14,113.9,30.0,11.7,Inside box,From Counter,Post,0,Open Play,Right Foot,Normal,False,False,0.048742637
3913160,15619.0,Bethany Mead,Arsenal WFC,1,6,15,112.7,41.0,7.4,Inside box,From Counter,Goal,1,Open Play,Left Foot,Normal,True,False,0.37357947
3913160,47521.0,Alessia Russo,Arsenal WFC,1,8,26,98.9,42.2,21.2,Outside box,From Throw In,Blocked,0,Open Play,Right Foot,Normal,True,False,0.03671322
3913160,63788.0,Victoria Pelova,Arsenal WFC,1,11,22,103.7,34.5,17.2,Inside box,From Corner,Post,0,Open Play,Right Foot,Normal,False,False,0.06826993
3913160,10229.0,Emma Stina Blackstenius,Arsenal WFC,1,18,14,105.6,39.8,14.4,Inside box,Regular Play,Saved,0,Open Play,Left Foot,Normal,False,True,0.09649777
3913160,47521.0,Alessia Russo,Arsenal WFC,1,18,49,113.2,42.7,7.3,Inside box,From Corner,Off T,0,Open Play,Head,Normal,False,True,0.09336932
3913160,47521.0,Alessia Russo,Arsenal WFC,1,19,56,109.4,27.7,16.2,Inside box,Regular Play,Saved,0,Open Play,Right Foot,Normal,False,False,0.11917844
3913160,15619.0,Bethany Mead,Arsenal WFC,1,20,1,105.0,48.7,17.3,Inside box,Regular Play,Blocked,0,Open Play,Right Foot,Half Volley,False,False,0.05793529
3913160,15616.0,Kim Little,Arsenal WFC,1,24,8,96.9,37.5,23.2,Outside box,From Throw In,Off T,0,Open Play,Right Foot,Normal,True,False,0.041556668
3913160,47521.0,Alessia Russo,Arsenal WFC,1,27,19,98.8,44.7,21.7,Outside box,Regular Play,Saved,0,Open Play,Right Foot,Normal,True,False,0.06627659
3913160,63788.0,Victoria Pelova,Arsenal WFC,1,30,24,100.1,37.7,20.0,Outside box,From Throw In,Off T,0,Open Play,Left Foot,Normal,True,False,0.07794542
3913160,15619.0,Bethany Mead,Arsenal WFC,1,31,59,108.9,36.9,11.5,Inside box,From Throw In,Blocked,0,Open Play,Left Foot,Normal,True,True,0.11504959
3913160,15619.0,Bethany Mead,Arsenal WFC,1,32,1,113.4,36.4,7.5,Inside box,From Throw In,Goal,1,Open Play,Right Foot,Normal,True,False,0.41436046
3913160,185543.0,Ffion Morgan,Bristol City WFC,1,36,16,101.1,27.6,22.6,Outside box,Regular Play,Off T,0,Open Play,Right Foot,Half Volley,False,False,0.041091565
3913160,107491.0,Emily Ann Fox,Arsenal WFC,1,38,35,104.3,45.7,16.7,Inside box,Regular Play,Blocked,0,Open Play,Left Foot,Normal,False,True,0.07802151
3913160,18999.0,Leah Williamson,Arsenal WFC,1,39,30,114.8,44.5,6.9,Inside box,From Corner,Blocked,0,Open Play,Head,Normal,False,True,0.13256936
3913160,107491.0,Emily Ann Fox,Arsenal WFC,2,50,57,98.0,32.7,23.2,Outside box,From Throw In,Saved,0,Open Play,Right Foot,Normal,True,False,0.041014977
3913160,63788.0,Victoria Pelova,Arsenal WFC,2,53,58,112.8,32.7,10.3,Inside box,From Corner,Blocked,0,Open Play,Left Foot,Half Volley,False,True,0.073598236
3913160,15619.0,Bethany Mead,Arsenal WFC,2,55,12,98.8,40.6,21.2,Outside box,From Corner,Off T,0,Open Play,Right Foot,Normal,False,False,0.042406213
3913160,15788.0,Amalie Grønbak Thestrup,Bristol City WFC,2,55,55,108.3,29.5,15.7,Inside box,From Goal Kick,Saved,0,Open Play,Left Foot,Normal,True,False,0.07652933
3913160,47521.0,Alessia Russo,Arsenal WFC,2,57,20,102.0,39.9,18.0,Inside box,Regular Play,Blocked,0,Open Play,Right Foot,Normal,True,False,0.046361633
3913160,47521.0,Alessia Russo,Arsenal WFC,2,58,58,102.3,53.8,22.4,Inside box,Regular Play,Goal,1,Open Play,Right Foot,Normal,False,False,0.057939854
3913160,15619.0,Bethany Mead,Arsenal WFC,2,61,51,109.9,50.4,14.5,Inside box,Regular Play,Saved,0,Open Play,Right Foot,Normal,True,False,0.15414801
3913160,49697.0,Carlotte Wubben-Moy,Arsenal WFC,2,63,16,112.8,40.6,7.2,Inside box,From Corner,Blocked,0,Open Play,Left Foot,Volley,True,False,0.095694244
3913160,49697.0,Carlotte Wubben-Moy,Arsenal WFC,2,63,17,114.4,41.2,5.7,Inside box,From Corner,Blocked,0,Open Play,Right Foot,Normal,False,False,0.21930699
3913160,15616.0,Kim Little,Arsenal WFC,2,65,10,101.9,39.1,18.1,Outside box,Regular Play,Saved,0,Open Play,Right Foot,Normal,False,False,0.06624271
3913160,107491.0,Emily Ann Fox,Arsenal WFC,2,67,0,97.5,46.1,23.3,Outside box,From Throw In,Saved,0,Open Play,Left Foot,Normal,False,False,0.04994025
3913160,19417.0,Amy Rodgers,Bristol City WFC,2,69,40,115.7,40.1,4.3,Inside box,From Corner,Blocked,0,Open Play,Left Foot,Half Volley,True,False,0.21962789
3913160,47521.0,Alessia Russo,Arsenal WFC,2,73,0,105.3,39.3,14.7,Inside box,Regular Play,Goal,1,Open Play,Right Foot,Normal,True,False,0.13435082
3913160,10229.0,Emma Stina Blackstenius,Arsenal WFC,2,74,36,109.1,39.8,10.9,Inside box,Regular Play,Off T,0,Open Play,Head,Normal,False,False,0.09120585
3913160,47521.0,Alessia Russo,Arsenal WFC,2,76,56,104.2,46.5,17.1,Inside box,From Corner,Blocked,0,Open Play,Right Foot,Normal,True,False,0.13862406
3913160,47521.0,Alessia Russo,Arsenal WFC,2,80,11,112.5,33.1,10.2,Inside box,From Throw In,Off T,0,Open Play,Right Foot,Half Volley,False,True,0.14759907
3913160,46973.0,Laura Wienroither,Arsenal WFC,2,83,43,94.4,40.3,25.6,Outside box,Regular Play,Blocked,0,Open Play,Left Foot,Normal,False,False,0.035769586
3913160,63788.0,Victoria Pelova,Arsenal WFC,2,84,15,109.4,50.2,14.7,Inside box,Regular Play,Off T,0,Open Play,Left Foot,Normal,False,False,0.10956671
3913160,10229.0,Emma Stina Blackstenius,Arsenal WFC,2,89,4,112.5,52.3,14.4,Inside box,Regular Play,Saved,0,Open Play,Right Foot,Normal,False,False,0.124108516
3913184,5058.0,Rachel Daly,Aston Villa W,1,2,55,108.5,40.5,11.5,Inside box,Regular Play,Off T,0,Open Play,Head,Normal,False,False,0.099031836
3913184,15570.0,Chloe Kelly,Manchester City WFC,1,14,23,113.8,55.2,16.4,Inside box,Regular Play,Off T,0,Open Play,Right Foot,Half Volley,False,False,0.017073726
3913184,15555.0,Lauren Hemp,Manchester City WFC,1,17,54,114.5,28.5,12.7,Inside box,From Throw In,Blocked,0,Open Play,Left Foot,Normal,True,False,0.05460478
3913184,5078.0,Alanna Stephanie Kennedy,Manchester City WFC,1,19,48,114.1,34.8,7.9,Inside box,From Free Kick,Post,0,Open Play,Head,Normal,False,True,0.09410355
3913184,35693.0,Mary Boio Fowler,Manchester City WFC,1,20,56,112.0,32.2,11.2,Inside box,Regular Play,Goal,1,Open Play,Left Foot,Volley,False,False,0.13675058
3913184,19498.0,Jessica Park,Manchester City WFC,1,24,27,110.5,52.7,15.9,Inside box,From Counter,Saved,0,Open Play,Right Foot,Normal,False,False,0.10966343
3913184,15555.0,Lauren Hemp,Manchester City WFC,1,29,55,110.8,33.5,11.3,Inside box,Regular Play,Blocked,0,Open Play,Right Foot,Normal,True,False,0.30057573
3913184,33675.0,Laura Madison Blindkilde Brown,Manchester City WFC,1,37,47,109.4,38.8,10.7,Inside box,Regular Play,Post,0,Open Play,Right Foot,Half Volley,True,False,0.27778286
3913184,10252.0,Alex Greenwood,Manchester City WFC,1,39,25,108.2,37.2,12.1,Inside box,From Corner,Wayward,0,Open Play,Head,Normal,False,False,0.045044493
3913184,15421.0,Kenza Dali,Aston Villa W,1,44,47,103.5,51.7,20.2,Inside box,From Throw In,Off T,0,Open Play,Right Foot,Normal,False,False,0.03320439
3913184,5078.0,Alanna Stephanie Kennedy,Manchester City WFC,1,46,34,108.6,38.5,11.5,Inside box,From Free Kick,Off T,0,Open Play,Head,Normal,False,True,0.037769835
3913184,19498.0,Jessica Park,Manchester City WFC,1,48,6,108.9,37.0,11.5,Inside box,From Keeper,Saved,0,Open Play,Right Foot,Normal,True,False,0.24560067
3913184,32210.0,Laia Aleixandri López,Manchester City WFC,2,45,48,90.2,54.0,32.9,Outside box,From Throw In,Off T,0,Open Play,Right Foot,Normal,False,False,0.012102415
3913184,15570.0,Chloe Kelly,Manchester City WFC,2,46,32,95.0,39.1,25.0,Outside box,Regular Play,Off T,0,Open Play,Right Foot,Normal,False,False,0.03487485
3913184,5058.0,Rachel Daly,Aston Villa W,2,47,40,109.6,40.3,10.4,Inside box,Regular Play,Wayward,0,Open Play,Head,Normal,False,False,0.08068251
3913184,15555.0,Lauren Hemp,Manchester City WFC,2,48,51,101.2,50.0,21.3,Outside box,From Counter,Saved,0,Open Play,Left Foot,Normal,False,False,0.06574319
3913184,33675.0,Laura Madison Blindkilde Brown,Manchester City WFC,2,49,53,101.4,31.1,20.6,Outside box,From Corner,Saved,0,Open Play,Right Foot,Volley,True,True,0.045273505
3913184,15555.0,Lauren Hemp,Manchester City WFC,2,53,52,112.3,26.9,15.2,Inside box,Regular Play,Blocked,0,Open Play,Left Foot,Normal,False,False,0.058021024
3913184,33675.0,Laura Madison Blindkilde Brown,Manchester City WFC,2,64,39,109.8,39.3,10.2,Inside box,From Free Kick,Wayward,0,Open Play,Head,Normal,False,False,0.12902594
3913184,15555.0,Lauren Hemp,Manchester City WFC,2,64,46,105.5,45.9,15.7,Inside box,From Free Kick,Off T,0,Open Play,Left Foot,Normal,False,False,0.11594118
3913184,5058.0,Rachel Daly,Aston Villa W,2,67,19,111.3,29.6,13.6,Inside box,From Counter,Goal,1,Open Play,Right Foot,Normal,False,False,0.30794623
3913184,15555.0,Lauren Hemp,Manchester City WFC,2,69,31,111.6,40.4,8.4,Inside box,From Throw In,Off T,0,Open Play,Head,Normal,False,True,0.097260095
3913184,35693.0,Mary Boio Fowler,Manchester City WFC,2,70,20,113.5,47.0,9.6,Inside box,Regular Play,Off T,0,Open Play,Right Foot,Volley,True,False,0.08189724
3913184,15555.0,Lauren Hemp,Manchester City WFC,2,71,17,112.9,32.5,10.3,Inside box,Regular Play,Saved,0,Open Play,Left Foot,Normal,False,False,0.39482257
3913184,10185.0,Stephanie Houghton,Manchester City WFC,2,71,51,115.0,48.3,9.7,Inside box,From Corner,Blocked,0,Open Play,Head,Normal,False,False,0.05244385
3913184,19498.0,Jessica Park,Manchester City WFC,2,71,56,107.5,32.5,14.6,Inside box,From Corner,Wayward,0,Open Play,Right Foot,Normal,True,True,0.07199752
3913184,10252.0,Alex Greenwood,Manchester City WFC,2,71,58,115.0,49.1,10.4,Inside box,From Corner,Off T,0,Open Play,Head,Normal,False,False,0.07009678
3913184,33675.0,Laura Madison Blindkilde Brown,Manchester City WFC,2,73,40,112.4,34.4,9.4,Inside box,From Throw In,Saved,0,Open Play,Right Foot,Normal,True,False,0.19605508
3913184,15555.0,Lauren Hemp,Manchester City WFC,2,75,46,111.3,36.5,9.4,Inside box,Regular Play,Saved,0,Open Play,Left Foot,Volley,True,False,0.08287421
3913184,15555.0,Lauren Hemp,Manchester City WFC,2,76,13,114.8,37.2,5.9,Inside box,From Throw In,Goal,1,Open Play,Left Foot,Volley,True,False,0.3443735
3913184,10252.0,Alex Greenwood,Manchester City WFC,2,77,51,92.2,29.5,29.7,Outside box,From Throw In,Saved,0,Open Play,Left Foot,Normal,False,False,0.02265204
3913184,15570.0,Chloe Kelly,Manchester City WFC,2,85,20,91.2,43.3,29.0,Outside box,From Counter,Off T,0,Open Play,Right Foot,Normal,False,False,0.027587585
3913184,33010.0,Freya Gregory,Aston Villa W,2,86,28,110.5,24.7,18.0,Inside box,From Throw In,Saved,0,Open Play,Left Foot,Normal,False,False,0.05818728
3913184,5058.0,Rachel Daly,Aston Villa W,2,87,10,114.7,33.2,8.6,Inside box,From Corner,Saved,0,Open Play,Head,Normal,False,False,0.09614588
3913184,10185.0,Stephanie Houghton,Manchester City WFC,2,91,2,90.3,34.8,30.2,Outside box,From Free Kick,Blocked,0,Free Kick,Right Foot,Normal,False,False,0.041461173
3913184,10163.0,Leila Ouahabi El Ouahabi,Manchester City WFC,2,96,2,101.0,34.7,19.7,Outside box,Regular Play,Wayward,0,Open Play,Right Foot,Half Volley,False,False,0.06520495
3912594,16374.0,Aileen Whelan,Leicester City WFC,1,1,46,109.6,33.9,12.1,Inside box,From Free Kick,Wayward,0,Open Play,Right Foot,Half Volley,True,False,0.09221265
3912594,15720.0,Sophie Howard,Leicester City WFC,1,3,25,113.6,43.2,7.2,Inside box,From Corner,Off T,0,Open Play,Head,Normal,False,True,0.10273201
3912594,42836.0,Ella Powell,Bristol City WFC,1,15,53,90.9,46.0,29.7,Outside box,Regular Play,Saved,0,Open Play,Right Foot,Normal,False,False,0.025673928
3912594,15720.0,Sophie Howard,Leicester City WFC,1,23,47,89.7,36.2,30.5,Outside box,From Throw In,Off T,0,Open Play,Right Foot,Normal,True,False,0.018845085
3912594,10100.0,Janice Cayman,Leicester City WFC,1,26,43,105.8,44.2,14.8,Inside box,From Throw In,Off T,0,Open Play,Right Foot,Normal,True,False,0.124460265
3912594,84765.0,Carrie Jones,Bristol City WFC,1,32,11,100.6,30.6,21.6,Outside box,From Free Kick,Goal,1,Open Play,Right Foot,Normal,False,False,0.03456435
3912594,84765.0,Carrie Jones,Bristol City WFC,1,39,3,113.4,23.4,17.9,Inside box,From Throw In,Blocked,0,Open Play,Left Foot,Half Volley,True,False,0.021380512
3912594,135753.0,Samantha Tierney,Leicester City WFC,1,41,2,103.7,45.7,17.3,Inside box,From Throw In,Blocked,0,Open Play,Right Foot,Normal,True,False,0.11136181
3912594,135759.0,Shannon O’Brien,Leicester City WFC,1,41,7,111.1,24.3,18.0,Inside box,From Throw In,Off T,0,Open Play,Left Foot,Normal,False,False,0.03918015
3912594,10260.0,Lena Petermann,Leicester City WFC,1,46,4,109.7,40.9,10.3,Inside box,From Throw In,Blocked,0,Open Play,Right Foot,Normal,True,False,0.31986985
3912594,36801.0,Aimee Palmer,Leicester City WFC,1,46,8,99.5,32.4,21.9,Outside box,From Throw In,Goal,1,Open Play,Left Foot,Normal,False,False,0.043210037
3912594,16374.0,Aileen Whelan,Leicester City WFC,1,48,28,113.1,28.5,13.4,Inside box,From Throw In,Saved,0,Open Play,Right Foot,Normal,True,False,0.112971105
3912594,224822.0,Jutta Rantala,Leicester City WFC,2,46,47,99.0,21.8,27.8,Outside box,From Free Kick,Blocked,0,Free Kick,Right Foot,Normal,False,False,0.016712537
3912594,135753.0,Samantha Tierney,Leicester City WFC,2,46,52,115.1,34.2,7.6,Inside box,From Free Kick,Saved,0,Open Play,Right Foot,Normal,True,False,0.36144978
3912594,135759.0,Shannon O’Brien,Leicester City WFC,2,48,13,104.0,29.0,19.4,Inside box,From Throw In,Goal,1,Open Play,Right Foot,Normal,False,False,0.06702799
3912594,10260.0,Lena Petermann,Leicester City WFC,2,51,38,112.0,43.2,8.6,Inside box,From Corner,Goal,1,Open Play,Head,Normal,False,False,0.07912714
3912594,10100.0,Janice Cayman,Leicester City WFC,2,54,13,94.9,41.6,25.2,Outside box,Other,Saved,0,Open Play,Right Foot,Normal,False,True,0.033688765
3912594,16374.0,Aileen Whelan,Leicester City WFC,2,55,30,104.5,39.3,15.5,Inside box,From Corner,Off T,0,Open Play,Head,Normal,False,True,0.029918438
3912594,10260.0,Lena Petermann,Leicester City WFC,2,56,30,109.9,48.2,13.0,Inside box,Regular Play,Blocked,0,Open Play,Right Foot,Half Volley,True,True,0.05742309
3912594,84765.0,Carrie Jones,Bristol City WFC,2,58,42,92.0,43.3,28.2,Outside box,From Free Kick,Blocked,0,Open Play,Right Foot,Normal,False,False,0.025364367
3912594,15788.0,Amalie Grønbak Thestrup,Bristol City WFC,2,75,9,104.8,50.4,18.4,Inside box,Regular Play,Blocked,0,Open Play,Right Foot,Normal,True,False,0.063257754
3912594,46741.0,Naomi Layzell,Bristol City WFC,2,75,55,109.9,41.0,10.1,Inside box,From Corner,Wayward,0,Open Play,Right Foot,Half Volley,True,False,0.09575426
3912594,15629.0,Satara Murray,Bristol City WFC,2,78,3,107.2,42.1,13.0,Inside box,From Free Kick,Off T,0,Open Play,Right Foot,Half Volley,True,True,0.09271169
3912594,224822.0,Jutta Rantala,Leicester City WFC,2,81,38,110.5,34.9,10.8,Inside box,From Throw In,Wayward,0,Open Play,Left Foot,Half Volley,True,False,0.07039608
3912594,224822.0,Jutta Rantala,Leicester City WFC,2,82,17,108.6,44.3,12.2,Inside box,Regular Play,Goal,1,Open Play,Right Foot,Normal,True,True,0.19338362
3912594,15788.0,Amalie Grønbak Thestrup,Bristol City WFC,2,84,49,108.1,40.1,11.9,Inside box,Other,Goal,1,Penalty,Right Foot,Normal,False,False,0.7835
3912594,25601.0,Deanne Cynthia Rose,Leicester City WFC,2,94,23,105.3,34.9,15.6,Inside box,From Throw In,Saved,0,Open Play,Right Foot,Normal,False,False,0.15089296
3913103,31531.0,Lauren James,Chelsea FCW,1,1,10,106.9,41.2,13.2,Inside box,From Throw In,Goal,1,Open Play,Right Foot,Normal,False,True,0.47722688
3913103,31531.0,Lauren James,Chelsea FCW,1,4,2,110.3,30.0,13.9,Inside box,From Throw In,Saved,0,Open Play,Right Foot,Normal,False,False,0.10547861
3913103,224822.0,Jutta Rantala,Leicester City WFC,1,22,45,113.1,25.2,16.3,Inside box,From Corner,Blocked,0,Open Play,Right Foot,Normal,False,False,0.014875341
3913103,224822.0,Jutta Rantala,Leicester City WFC,1,25,27,105.7,30.2,17.3,Inside box,Regular Play,Goal,1,Open Play,Left Foot,Normal,False,False,0.14878504
3913103,62710.0,Johanna Rytting-Kaneryd,Chelsea FCW,1,33,41,102.6,47.8,19.1,Inside box,From Free Kick,Blocked,0,Open Play,Right Foot,Volley,True,True,0.040497303
3913103,224822.0,Jutta Rantala,Leicester City WFC,1,33,52,102.9,20.3,26.1,Inside box,From Counter,Wayward,0,Open Play,Left Foot,Normal,False,False,0.014651857
3913103,15631.0,Niamh Charles,Chelsea FCW,1,35,22,111.3,31.6,12.1,Inside box,From Corner,Off T,0,Open Play,Left Foot,Volley,True,True,0.059863623
3913103,31531.0,Lauren James,Chelsea FCW,1,38,47,112.8,44.7,8.6,Inside box,Regular Play,Wayward,0,Open Play,Head,Normal,False,True,0.13286474
3913103,4961.0,Samantha May Kerr,Chelsea FCW,1,39,32,113.1,36.3,7.8,Inside box,From Throw In,Goal,1,Open Play,Right Foot,Normal,True,False,0.56022745
3913103,15631.0,Niamh Charles,Chelsea FCW,1,41,32,110.1,31.0,13.4,Inside box,Regular Play,Blocked,0,Open Play,Left Foot,Normal,False,True,0.24825142
3913103,15631.0,Niamh Charles,Chelsea FCW,1,42,12,111.6,41.5,8.5,Inside box,From Corner,Blocked,0,Open Play,Left Foot,Volley,True,True,0.08681
3913103,36801.0,Aimee Palmer,Leicester City WFC,1,43,37,99.4,34.0,21.5,Outside box,From Free Kick,Saved,0,Free Kick,Right Foot,Normal,False,False,0.08840445
3913103,135753.0,Samantha Tierney,Leicester City WFC,1,43,39,117.3,43.5,4.4,Inside box,From Free Kick,Goal,1,Open Play,Right Foot,Half Volley,False,False,0.6735454
3913103,62710.0,Johanna Rytting-Kaneryd,Chelsea FCW,2,51,12,107.6,53.8,18.6,Inside box,Regular Play,Blocked,0,Open Play,Left Foot,Normal,False,False,0.05108809
3913103,4660.0,Erin Cuthbert,Chelsea FCW,2,52,49,95.2,51.0,27.1,Outside box,From Free Kick,Blocked,0,Open Play,Left Foot,Normal,False,True,0.02378122
3913103,31531.0,Lauren James,Chelsea FCW,2,57,12,103.0,46.2,18.1,Inside box,Regular Play,Goal,1,Open Play,Right Foot,Lob,False,False,0.17981988
3913103,4961.0,Samantha May Kerr,Chelsea FCW,2,62,12,99.7,39.3,20.3,Outside box,Regular Play,Saved,0,Open Play,Right Foot,Normal,False,True,0.13035434
3913103,4660.0,Erin Cuthbert,Chelsea FCW,2,67,32,103.2,45.6,17.7,Inside box,From Corner,Blocked,0,Open Play,Right Foot,Half Volley,False,False,0.070842125
3913103,31531.0,Lauren James,Chelsea FCW,2,67,34,103.9,36.0,16.6,Inside box,From Corner,Blocked,0,Open Play,Left Foot,Half Volley,False,False,0.029203527
3913103,10100.0,Janice Cayman,Leicester City WFC,2,74,25,89.8,46.7,30.9,Outside box,From Throw In,Saved,0,Open Play,Right Foot,Normal,False,False,0.02354438
3913103,15720.0,Sophie Howard,Leicester City WFC,2,78,7,111.1,32.2,11.8,Inside box,From Free Kick,Off T,0,Open Play,Head,Normal,False,True,0.05197474
3913103,16374.0,Aileen Whelan,Leicester City WFC,2,84,27,114.0,34.9,7.9,Inside box,From Corner,Saved,0,Open Play,Head,Normal,False,False,0.118102595
3913103,132033.0,Courtney Jade Nevin,Leicester City WFC,2,84,42,114.3,58.5,19.4,Inside box,From Corner,Saved,0,Open Play,Left Foot,Normal,False,False,0.0109390505
3913103,81580.0,Agnes Beever-Jones,Chelsea FCW,2,87,42,110.9,39.8,9.1,Inside box,Regular Play,Goal,1,Open Play,Head,Normal,False,False,0.14317332
3913103,135753.0,Samantha Tierney,Leicester City WFC,2,89,35,96.8,28.7,25.8,Outside box,Regular Play,Blocked,0,Open Play,Right Foot,Normal,True,False,0.027784929
3913103,135753.0,Samantha Tierney,Leicester City WFC,2,90,3,108.7,42.0,11.5,Inside box,From Corner,Wayward,0,Open Play,Left Foot,Half Volley,True,False,0.078426
3913103,47008.0,Sjoeke Nüsken,Chelsea FCW,2,93,12,110.6,43.0,9.9,Inside box,From Corner,Off T,0,Open Play,Right Foot,Overhead Kick,True,False,0.06445252
3913103,47008.0,Sjoeke Nüsken,Chelsea FCW,2,96,5,111.9,36.5,8.8,Inside box,From Corner,Off T,0,Open Play,Right Foot,Overhead Kick,True,False,0.083954595
3913113,47521.0,Alessia Russo,Arsenal WFC,1,5,20,105.9,37.0,14.4,Inside box,Regular Play,Saved Off Target,0,Open Play,Head,Normal,False,True,0.0393972
3913113,15550.0,Bethany England,Tottenham Hotspur Women,1,7,1,100.5,24.4,25.0,Outside box,Regular Play,Saved,0,Open Play,Left Foot,Normal,False,True,0.028782515
3913113,11338.0,Caitlin Jade Foord,Arsenal WFC,1,11,36,99.8,30.0,22.5,Outside box,From Throw In,Blocked,0,Open Play,Right Foot,Normal,False,False,0.026570406
3913113,47521.0,Alessia Russo,Arsenal WFC,1,12,10,115.3,42.0,5.1,Inside box,From Corner,Off T,0,Open Play,Head,Normal,False,True,0.32694343
3913113,49697.0,Carlotte Wubben-Moy,Arsenal WFC,1,14,20,111.7,36.6,9.0,Inside box,From Free Kick,Blocked,0,Open Play,Head,Normal,False,True,0.071779214
3913113,47521.0,Alessia Russo,Arsenal WFC,1,14,49,111.8,33.8,10.3,Inside box,From Corner,Blocked,0,Open Play,Left Foot,Volley,True,False,0.07204271
3913113,11338.0,Caitlin Jade Foord,Arsenal WFC,1,16,5,105.3,24.1,21.7,Inside box,Regular Play,Post,0,Open Play,Right Foot,Normal,False,False,0.03996753
3913113,31551.0,Kit Graham,Tottenham Hotspur Women,1,38,29,86.0,40.1,34.0,Outside box,From Throw In,Off T,0,Open Play,Left Foot,Half Volley,True,True,0.013761767
3913113,11338.0,Caitlin Jade Foord,Arsenal WFC,1,39,50,111.3,25.8,16.7,Inside box,From Throw In,Off T,0,Open Play,Left Foot,Normal,True,False,0.04722329
3913113,10516.0,Frida Maanum,Arsenal WFC,1,41,20,106.1,37.5,14.1,Inside box,Other,Wayward,0,Open Play,Head,Normal,False,True,0.044401962
3913113,10516.0,Frida Maanum,Arsenal WFC,1,41,55,103.9,28.9,19.6,Inside box,Regular Play,Saved,0,Open Play,Right Foot,Normal,False,False,0.04895242
3913113,63788.0,Victoria Pelova,Arsenal WFC,1,44,20,101.3,29.8,21.3,Outside box,From Corner,Saved,0,Open Play,Right Foot,Normal,False,False,0.056372315
3913113,11338.0,Caitlin Jade Foord,Arsenal WFC,1,46,35,106.5,25.6,19.7,Inside box,Regular Play,Off T,0,Open Play,Right Foot,Normal,False,False,0.042121027
3913113,10516.0,Frida Maanum,Arsenal WFC,2,48,0,103.1,24.4,23.0,Inside box,From Throw In,Saved,0,Open Play,Right Foot,Normal,False,False,0.029187126
3913113,15620.0,Katie McCabe,Arsenal WFC,2,48,34,93.8,36.6,26.4,Outside box,From Corner,Off T,0,Open Play,Left Foot,Normal,False,False,0.027789347
3913113,47521.0,Alessia Russo,Arsenal WFC,2,49,45,112.1,36.9,8.5,Inside box,Regular Play,Off T,0,Open Play,Head,Normal,False,False,0.20336632
3913113,10516.0,Frida Maanum,Arsenal WFC,2,51,44,94.7,39.3,25.3,Outside box,From Throw In,Saved,0,Open Play,Right Foot,Normal,False,False,0.04304348
3913113,15620.0,Katie McCabe,Arsenal WFC,2,53,28,94.5,54.1,29.1,Outside box,Regular Play,Saved,0,Open Play,Left Foot,Normal,False,False,0.021411808
3913113,10516.0,Frida Maanum,Arsenal WFC,2,54,18,102.2,51.4,21.1,Inside box,Regular Play,Saved,0,Open Play,Right Foot,Normal,False,False,0.07032944
3913113,15619.0,Bethany Mead,Arsenal WFC,2,55,27,112.7,51.2,13.4,Inside box,From Free Kick,Blocked,0,Open Play,Left Foot,Normal,False,False,0.0798653
3913113,10516.0,Frida Maanum,Arsenal WFC,2,55,46,107.3,18.3,25.1,Inside box,From Free Kick,Off T,0,Open Play,Right Foot,Normal,False,False,0.010696477
3913113,15619.0,Bethany Mead,Arsenal WFC,2,56,39,97.0,45.6,23.7,Outside box,Regular Play,Off T,0,Open Play,Right Foot,Volley,False,False,0.04748008
3913113,31558.0,Martha Thomas,Tottenham Hotspur Women,2,57,50,106.9,43.8,13.6,Inside box,From Goal Kick,Goal,1,Open Play,Left Foot,Normal,True,True,0.26705858
3913113,47521.0,Alessia Russo,Arsenal WFC,2,60,9,103.3,37.3,16.9,Inside box,From Corner,Saved,0,Open Play,Right Foot,Volley,True,False,0.058826987
3913113,10516.0,Frida Maanum,Arsenal WFC,2,62,18,99.4,45.9,21.4,Outside box,From Counter,Blocked,0,Open Play,Right Foot,Normal,False,False,0.049219612
3913113,4848.0,Ashleigh Neville,Tottenham Hotspur Women,2,63,42,95.4,29.4,26.8,Outside box,From Free Kick,Wayward,0,Open Play,Left Foot,Volley,True,False,0.021095907
3913113,131586.0,Kyra Lillee Cooney-Cross,Arsenal WFC,2,68,21,104.1,54.9,21.8,Inside box,From Free Kick,Off T,0,Open Play,Right Foot,Half Volley,False,False,0.024362352
3913113,5000.0,Stephanie-Elise Catley,Arsenal WFC,2,73,15,101.1,46.4,20.0,Outside box,From Throw In,Blocked,0,Open Play,Left Foot,Normal,False,False,0.056722555
3913113,26092.0,Amanda Ilestedt,Arsenal WFC,2,73,43,116.3,38.6,4.0,Inside box,From Corner,Off T,0,Open Play,Head,Normal,False,False,0.20795058
3913113,47521.0,Alessia Russo,Arsenal WFC,2,75,28,114.4,36.6,6.6,Inside box,From Corner,Off T,0,Open Play,Head,Normal,False,True,0.14676875
3913113,131586.0,Kyra Lillee Cooney-Cross,Arsenal WFC,2,77,8,108.0,56.8,20.6,Inside box,From Throw In,Saved,0,Open Play,Right Foot,Normal,False,False,0.04437835
3913113,10229.0,Emma Stina Blackstenius,Arsenal WFC,2,79,55,110.8,37.8,9.5,Inside box,From Corner,Blocked,0,Open Play,Head,Normal,False,True,0.05855243
3913113,26092.0,Amanda Ilestedt,Arsenal WFC,2,86,20,112.4,42.7,8.1,Inside box,From Corner,Off T,0,Open Play,Head,Normal,False,False,0.08587
3913113,15623.0,Vivianne Miedema,Arsenal WFC,2,90,55,111.6,40.6,8.4,Inside box,From Free Kick,Off T,0,Open Play,Right Foot,Volley,True,False,0.12366575
3913113,131586.0,Kyra Lillee Cooney-Cross,Arsenal WFC,2,98,10,102.0,45.1,18.7,Inside box,From Free Kick,Wayward,0,Open Play,Right Foot,Half Volley,True,False,0.04772961
3913113,21048.0,Rosella Ayane,Tottenham Hotspur Women,2,102,16,103.3,51.4,20.2,Inside box,From Counter,Blocked,0,Open Play,Right Foot,Normal,False,False,0.14298682
3913161,4654.0,Nikita Parris,Manchester United W,1,5,20,98.7,38.9,21.3,Outside box,Regular Play,Off T,0,Open Play,Right Foot,Normal,False,False,0.09947344
3913161,276443.0,Kathrine Møller Kühl,Everton LFC,1,6,10,100.4,47.5,21.0,Outside box,From Goal Kick,Off T,0,Open Play,Right Foot,Normal,False,True,0.041020527
3913161,31540.0,Katie Zelem,Manchester United W,1,7,30,101.3,42.6,18.9,Outside box,From Goal Kick,Off T,0,Open Play,Left Foot,Normal,True,True,0.10456219
3913161,46459.0,Katja Snoeijs,Everton LFC,1,9,20,111.7,33.1,10.8,Inside box,Regular Play,Goal,1,Open Play,Left Foot,Normal,False,False,0.5256559
3913161,31534.0,Ella Toone,Manchester United W,1,16,4,96.2,21.8,30.0,Outside box,Regular Play,Off T,0,Open Play,Right Foot,Normal,False,False,0.010943839
3913161,25543.0,Geyse da Silva Ferreira,Manchester United W,1,17,39,105.0,53.8,20.4,Inside box,Regular Play,Blocked,0,Open Play,Right Foot,Normal,False,True,0.051018182
3913161,276443.0,Kathrine Møller Kühl,Everton LFC,1,21,24,101.1,29.7,21.5,Outside box,From Free Kick,Off T,0,Open Play,Right Foot,Normal,False,False,0.07446951
3913161,4654.0,Nikita Parris,Manchester United W,1,30,22,112.5,56.6,18.2,Inside box,Regular Play,Blocked,0,Open Play,Right Foot,Normal,False,False,0.013359805
3913161,4654.0,Nikita Parris,Manchester United W,1,36,11,111.0,30.2,13.3,Inside box,From Counter,Blocked,0,Open Play,Left Foot,Normal,False,True,0.09293023
3913161,31536.0,Millie Turner,Manchester United W,1,36,41,111.8,40.1,8.2,Inside box,From Corner,Off T,0,Open Play,Head,Normal,False,True,0.07761639
3913161,25543.0,Geyse da Silva Ferreira,Manchester United W,1,41,35,113.6,52.2,13.8,Inside box,Regular Play,Saved,0,Open Play,Right Foot,Normal,False,False,0.10697239
3913161,17275.0,Hannah Jayne Blundell,Manchester United W,2,52,38,103.7,30.5,18.9,Inside box,From Corner,Blocked,0,Open Play,Left Foot,Half Volley,True,True,0.043977596
3913161,25543.0,Geyse da Silva Ferreira,Manchester United W,2,52,52,109.1,41.8,11.0,Inside box,From Corner,Blocked,0,Open Play,Right Foot,Normal,True,False,0.1054397
3913161,25513.0,Lucía García Córdoba,Manchester United W,2,53,46,111.7,35.8,9.3,Inside box,From Corner,Off T,0,Open Play,Head,Normal,False,True,0.109444074
3913161,386105.0,Lisa Fjeldstad Naalsund,Manchester United W,2,54,51,101.3,53.1,22.8,Outside box,From Throw In,Saved,0,Open Play,Right Foot,Normal,False,False,0.048066337
3913161,25513.0,Lucía García Córdoba,Manchester United W,2,55,45,96.8,26.9,26.6,Outside box,Regular Play,Blocked,0,Open Play,Right Foot,Normal,False,False,0.022004202
3913161,25543.0,Geyse da Silva Ferreira,Manchester United W,2,55,55,114.6,51.1,12.3,Inside box,Regular Play,Saved,0,Open Play,Right Foot,Normal,False,False,0.12227655
3913161,31536.0,Millie Turner,Manchester United W,2,56,26,114.2,32.8,9.2,Inside box,From Corner,Goal,1,Open Play,Head,Normal,False,True,0.052600678
3913161,31534.0,Ella Toone,Manchester United W,2,59,26,106.7,38.8,13.4,Inside box,From Throw In,Wayward,0,Open Play,Left Foot,Half Volley,True,False,0.06958381
3913161,31534.0,Ella Toone,Manchester United W,2,59,27,108.8,38.5,11.3,Inside box,From Throw In,Goal,1,Open Play,Right Foot,Half Volley,True,False,0.07657649
3913161,31534.0,Ella Toone,Manchester United W,2,64,49,112.4,40.9,7.7,Inside box,Regular Play,Goal,1,Open Play,Left Foot,Normal,True,False,0.6514185
3913161,386105.0,Lisa Fjeldstad Naalsund,Manchester United W,2,70,0,103.3,42.9,16.9,Inside box,From Throw In,Blocked,0,Open Play,Left Foot,Half Volley,True,False,0.06969154
3913161,4654.0,Nikita Parris,Manchester United W,2,70,2,103.7,40.9,16.3,Inside box,From Throw In,Blocked,0,Open Play,Right Foot,Half Volley,False,False,0.053709645
3913161,386105.0,Lisa Fjeldstad Naalsund,Manchester United W,2,73,15,105.4,48.0,16.6,Inside box,From Throw In,Off T,0,Open Play,Right Foot,Volley,True,False,0.045630597
3913161,25513.0,Lucía García Córdoba,Manchester United W,2,75,43,104.2,55.8,22.3,Inside box,Regular Play,Saved,0,Open Play,Right Foot,Normal,False,False,0.049340833
3913161,31534.0,Ella Toone,Manchester United W,2,86,18,100.7,37.5,19.5,Outside box,Regular Play,Off T,0,Open Play,Right Foot,Half Volley,True,False,0.067810334
3913161,32230.0,Karen Holmgaard,Everton LFC,2,88,5,109.9,40.2,10.1,Inside box,From Corner,Wayward,0,Open Play,Head,Normal,False,True,0.048336398
3913161,45737.0,Martina Piemonte,Everton LFC,2,88,9,109.8,46.3,12.0,Inside box,From Corner,Saved,0,Open Play,Left Foot,Half Volley,False,True,0.07306392
3913161,31539.0,Leah Galton,Manchester United W,2,89,36,107.9,33.5,13.7,Inside box,Regular Play,Goal,1,Open Play,Left Foot,Normal,False,True,0.18430747
3913161,10225.0,Aurora Galli,Everton LFC,2,94,47,97.2,44.2,23.2,Outside box,From Free Kick,Blocked,0,Free Kick,Right Foot,Normal,False,False,0.090755515
3913161,32230.0,Karen Holmgaard,Everton LFC,2,95,19,109.1,39.4,10.9,Inside box,From Corner,Off T,0,Open Play,Head,Normal,False,True,0.048781164
3913171,31614.0,Melvine Malard,Manchester United W,1,1,11,110.1,40.1,9.9,Inside box,Regular Play,Off T,0,Open Play,Head,Normal,False,True,0.077820286
3913171,401932.0,Hinata Miyazawa,Manchester United W,1,4,55,95.8,41.0,24.2,Outside box,From Throw In,Blocked,0,Open Play,Right Foot,Normal,False,True,0.020568969
3913171,25543.0,Geyse da Silva Ferreira,Manchester United W,1,7,16,107.8,43.5,12.7,Inside box,Regular Play,Blocked,0,Open Play,Right Foot,Normal,False,False,0.08358694
3913171,10260.0,Lena Petermann,Leicester City WFC,1,11,40,103.2,18.7,27.1,Inside box,From Throw In,Blocked,0,Open Play,Right Foot,Normal,False,False,0.008861512
3913171,224822.0,Jutta Rantala,Leicester City WFC,1,12,9,104.1,59.3,25.0,Inside box,From Throw In,Off T,0,Open Play,Left Foot,Normal,False,False,0.009183991
3913171,25543.0,Geyse da Silva Ferreira,Manchester United W,1,19,40,98.9,46.9,22.2,Outside box,From Throw In,Saved,0,Open Play,Left Foot,Normal,False,False,0.045033276
3913171,31539.0,Leah Galton,Manchester United W,1,20,7,114.8,38.4,5.4,Inside box,From Corner,Saved,0,Open Play,Left Foot,Backheel,True,True,0.23406461
3913171,10100.0,Janice Cayman,Leicester City WFC,1,20,46,101.4,35.3,19.2,Outside box,From Keeper,Off T,0,Open Play,Right Foot,Half Volley,True,False,0.07056879
3913171,31614.0,Melvine Malard,Manchester United W,1,28,43,113.1,45.1,8.6,Inside box,Regular Play,Saved,0,Open Play,Right Foot,Overhead Kick,True,True,0.07255882
3913171,31614.0,Melvine Malard,Manchester United W,1,32,35,104.1,48.8,18.2,Inside box,From Counter,Saved,0,Open Play,Left Foot,Normal,False,True,0.06967535
3913171,224822.0,Jutta Rantala,Leicester City WFC,1,35,34,102.8,51.6,20.7,Inside box,From Goal Kick,Off T,0,Open Play,Left Foot,Normal,False,False,0.09107488
3913171,22337.0,Maya Le Tissier,Manchester United W,1,39,30,84.5,41.8,35.5,Outside box,Regular Play,Off T,0,Open Play,Right Foot,Normal,False,False,0.015224304
3913171,31539.0,Leah Galton,Manchester United W,1,44,6,111.7,32.5,11.2,Inside box,Regular Play,Saved,0,Open Play,Left Foot,Half Volley,True,True,0.1963213
3913171,31614.0,Melvine Malard,Manchester United W,1,46,27,109.4,46.9,12.6,Inside box,From Counter,Blocked,0,Open Play,Left Foot,Normal,False,True,0.054889113
3913171,401932.0,Hinata Miyazawa,Manchester United W,2,45,23,101.3,43.4,19.0,Outside box,From Counter,Blocked,0,Open Play,Right Foot,Normal,True,False,0.11236742
3913171,401932.0,Hinata Miyazawa,Manchester United W,2,47,44,94.8,29.5,27.3,Outside box,From Throw In,Off T,0,Open Play,Right Foot,Normal,False,False,0.030171163
3913171,112522.0,Missy Goodwin,Leicester City WFC,2,53,36,113.2,41.4,6.9,Inside box,From Throw In,Off T,0,Open Play,Head,Normal,False,True,0.19628108
3913171,31614.0,Melvine Malard,Manchester United W,2,55,46,107.1,37.7,13.1,Inside box,From Throw In,Off T,0,Open Play,Head,Normal,False,False,0.045266777
3913171,22337.0,Maya Le Tissier,Manchester United W,2,57,54,91.6,50.4,30.2,Outside box,Regular Play,Off T,0,Open Play,Right Foot,Normal,False,False,0.02380401
3913171,25543.0,Geyse da Silva Ferreira,Manchester United W,2,60,14,111.2,50.1,13.4,Inside box,Regular Play,Saved,0,Open Play,Right Foot,Normal,False,True,0.083315045
3913171,401932.0,Hinata Miyazawa,Manchester United W,2,60,41,104.5,42.8,15.8,Inside box,Regular Play,Saved,0,Open Play,Right Foot,Normal,False,True,0.09206074
3913171,26520.0,Yuka Momiki,Leicester City WFC,2,63,10,117.1,46.0,6.7,Inside box,From Goal Kick,Post,0,Open Play,Left Foot,Volley,True,False,0.35948664
3913171,25601.0,Deanne Cynthia Rose,Leicester City WFC,2,76,50,114.8,25.4,15.5,Inside box,From Counter,Blocked,0,Open Play,Right Foot,Normal,False,True,0.012539653
3913171,26520.0,Yuka Momiki,Leicester City WFC,2,78,51,110.3,40.3,9.7,Inside box,From Throw In,Saved,0,Open Play,Left Foot,Half Volley,True,False,0.2381025
3913171,17275.0,Hannah Jayne Blundell,Manchester United W,2,81,49,115.4,49.2,10.3,Inside box,From Throw In,Wayward,0,Open Play,Right Foot,Normal,True,False,0.17741278
3913171,31534.0,Ella Toone,Manchester United W,2,82,4,92.5,35.5,27.9,Outside box,From Throw In,Goal,1,Open Play,Right Foot,Normal,False,False,0.030275369
3913171,25513.0,Lucía García Córdoba,Manchester United W,2,83,58,104.9,51.3,18.9,Inside box,Regular Play,Saved,0,Open Play,Right Foot,Normal,False,False,0.08096569
3913171,135753.0,Samantha Tierney,Leicester City WFC,2,89,14,109.6,42.5,10.7,Inside box,From Corner,Saved,0,Open Play,Head,Normal,False,False,0.062438563
3913171,25513.0,Lucía García Córdoba,Manchester United W,2,90,50,108.3,43.3,12.2,Inside box,From Goal Kick,Blocked,0,Open Play,Right Foot,Normal,True,True,0.08836757
3913171,25604.0,Saori Takarada,Leicester City WFC,2,95,30,104.3,50.9,19.1,Inside box,From Corner,Saved,0,Open Play,Right Foot,Normal,False,False,0.048727646
3913171,25662.0,Catherine Joan Bott,Leicester City WFC,2,96,27,103.7,56.4,23.1,Inside box,From Throw In,Saved,0,Open Play,Right Foot,Half Volley,False,False,0.02061411
3913171,10100.0,Janice Cayman,Leicester City WFC,2,98,34,106.2,28.5,18.0,Inside box,From Free Kick,Saved,0,Open Play,Right Foot,Normal,True,True,0.075321525
3913185,388473.0,Jorelyn Andrea Daniela Carabalí Martínez,Brighton & Hove Albion WFC,1,4,9,107.9,52.0,17.0,Inside box,From Throw In,Off T,0,Open Play,Right Foot,Normal,False,True,0.114155844
3913185,47521.0,Alessia Russo,Arsenal WFC,1,7,19,110.4,34.9,10.9,Inside box,From Goal Kick,Blocked,0,Open Play,Right Foot,Normal,False,True,0.219464
3913185,11338.0,Caitlin Jade Foord,Arsenal WFC,1,11,55,100.8,24.1,24.9,Outside box,Regular Play,Off T,0,Open Play,Right Foot,Normal,False,False,0.02689105
3913185,47521.0,Alessia Russo,Arsenal WFC,1,16,49,103.9,39.4,16.1,Inside box,From Throw In,Goal,1,Open Play,Right Foot,Normal,True,True,0.08857108
3913185,276301.0,Elisabeth Terland,Brighton & Hove Albion WFC,1,19,1,104.3,44.7,16.4,Inside box,From Free Kick,Off T,0,Open Play,Head,Normal,False,False,0.021241533
3913185,276301.0,Elisabeth Terland,Brighton & Hove Albion WFC,1,19,52,100.3,47.0,20.9,Outside box,Regular Play,Post,0,Open Play,Right Foot,Normal,False,False,0.07557851
3913185,47521.0,Alessia Russo,Arsenal WFC,1,23,40,114.2,47.2,9.2,Inside box,Regular Play,Goal,1,Open Play,Right Foot,Normal,False,False,0.69413495
3913185,47521.0,Alessia Russo,Arsenal WFC,1,32,4,109.4,28.0,16.0,Inside box,From Keeper,Off T,0,Open Play,Right Foot,Normal,False,False,0.1385852
3913185,5000.0,Stephanie-Elise Catley,Arsenal WFC,1,35,5,113.2,35.9,7.9,Inside box,From Corner,Off T,0,Open Play,Head,Normal,False,True,0.11697069
3913185,15620.0,Katie McCabe,Arsenal WFC,1,36,39,102.9,25.7,22.3,Inside box,From Goal Kick,Blocked,0,Open Play,Left Foot,Normal,True,False,0.032959204
3913185,15620.0,Katie McCabe,Arsenal WFC,1,40,10,88.8,46.3,31.8,Outside box,From Free Kick,Saved,0,Free Kick,Left Foot,Normal,False,False,0.033564083
3913185,276301.0,Elisabeth Terland,Brighton & Hove Albion WFC,1,45,27,96.8,47.3,24.3,Outside box,From Throw In,Saved,0,Open Play,Right Foot,Normal,False,False,0.04318619
3913185,47521.0,Alessia Russo,Arsenal WFC,2,51,5,110.1,49.0,13.4,Inside box,From Throw In,Blocked,0,Open Play,Right Foot,Normal,False,False,0.33299154
3913185,276301.0,Elisabeth Terland,Brighton & Hove Albion WFC,2,52,45,103.4,44.1,17.1,Inside box,Regular Play,Saved,0,Open Play,Right Foot,Normal,False,False,0.13397224
3913185,15616.0,Kim Little,Arsenal WFC,2,55,53,108.0,40.0,12.0,Inside box,Other,Post,0,Penalty,Right Foot,Normal,False,False,0.7835
3913185,15623.0,Vivianne Miedema,Arsenal WFC,2,63,20,108.5,46.6,13.3,Inside box,Regular Play,Goal,1,Open Play,Right Foot,Normal,True,True,0.25303864
3913185,15623.0,Vivianne Miedema,Arsenal WFC,2,66,5,112.6,34.3,9.3,Inside box,Regular Play,Blocked,0,Open Play,Left Foot,Normal,False,False,0.082660675
3913185,32694.0,Laia Codina Panedas,Arsenal WFC,2,66,44,114.1,45.1,7.8,Inside box,From Corner,Blocked,0,Open Play,Head,Normal,False,True,0.097324796
3913185,46973.0,Laura Wienroither,Arsenal WFC,2,75,48,104.1,53.5,20.9,Inside box,From Free Kick,Saved,0,Open Play,Left Foot,Normal,False,True,0.053880364
3913185,105102.0,Veatriki Sarri,Brighton & Hove Albion WFC,2,77,48,107.0,36.8,13.4,Inside box,Regular Play,Saved,0,Open Play,Left Foot,Normal,False,False,0.5388581
3913185,10158.0,María Victoria Losada Gómez,Brighton & Hove Albion WFC,2,78,31,95.6,55.4,28.9,Outside box,From Corner,Off T,0,Open Play,Right Foot,Half Volley,False,False,0.014045357
3913185,10516.0,Frida Maanum,Arsenal WFC,2,87,58,103.3,40.2,16.7,Inside box,From Counter,Goal,1,Open Play,Right Foot,Normal,False,False,0.4691886
3912595,11338.0,Caitlin Jade Foord,Arsenal WFC,1,0,31,104.5,45.9,16.6,Inside box,Regular Play,Blocked,0,Open Play,Right Foot,Normal,True,False,0.041708965
3912595,10516.0,Frida Maanum,Arsenal WFC,1,2,21,111.6,40.3,8.4,Inside box,From Corner,Wayward,0,Open Play,Head,Normal,False,True,0.08160879
3912595,10516.0,Frida Maanum,Arsenal WFC,1,5,34,109.3,35.7,11.5,Inside box,From Free Kick,Wayward,0,Open Play,Left Foot,Half Volley,True,True,0.052067354
3912595,10516.0,Frida Maanum,Arsenal WFC,1,15,42,95.2,36.5,25.0,Outside box,Regular Play,Blocked,0,Open Play,Left Foot,Normal,False,False,0.039317667
3912595,322359.0,Ceri Holland,Liverpool WFC,1,18,23,107.7,55.3,19.6,Inside box,Regular Play,Saved,0,Open Play,Right Foot,Volley,True,False,0.04204125
3912595,11338.0,Caitlin Jade Foord,Arsenal WFC,1,19,9,104.6,26.9,20.2,Inside box,From Keeper,Blocked,0,Open Play,Right Foot,Normal,False,False,0.033147648
3912595,49697.0,Carlotte Wubben-Moy,Arsenal WFC,1,19,45,114.8,42.7,5.9,Inside box,From Corner,Saved,0,Open Play,Head,Normal,False,True,0.1499391
3912595,19687.0,Taylor Hinds,Liverpool WFC,1,29,16,111.3,35.3,9.9,Inside box,From Throw In,Blocked,0,Open Play,Right Foot,Normal,True,True,0.12792963
3912595,32403.0,Emma Wilhelmina Koivisto,Liverpool WFC,1,29,21,107.6,38.3,12.5,Inside box,From Throw In,Saved Off Target,0,Open Play,Right Foot,Overhead Kick,True,False,0.053820755
3912595,24237.0,Missy Bo Kearns,Liverpool WFC,1,32,24,92.4,32.2,28.7,Outside box,From Free Kick,Off T,0,Free Kick,Right Foot,Normal,False,False,0.04681119
3912595,10516.0,Frida Maanum,Arsenal WFC,1,35,41,105.1,49.7,17.8,Inside box,From Corner,Saved,0,Open Play,Left Foot,Half Volley,False,True,0.047748856
3912595,11338.0,Caitlin Jade Foord,Arsenal WFC,1,39,14,103.9,28.6,19.7,Inside box,Regular Play,Blocked,0,Open Play,Right Foot,Normal,False,False,0.06316743
3912595,15616.0,Kim Little,Arsenal WFC,1,42,19,96.8,40.7,23.2,Outside box,Regular Play,Saved,0,Open Play,Left Foot,Normal,False,False,0.0712532
3912595,299860.0,Fuka Nagano,Liverpool WFC,1,46,57,91.2,34.8,29.3,Outside box,From Throw In,Wayward,0,Open Play,Right Foot,Half Volley,True,False,0.017380785
3912595,225576.0,Miriael Taylor,Liverpool WFC,2,47,8,109.6,35.0,11.5,Inside box,Regular Play,Goal,1,Open Play,Left Foot,Normal,True,False,0.46216738
3912595,47521.0,Alessia Russo,Arsenal WFC,2,61,21,113.9,38.3,6.3,Inside box,From Corner,Blocked,0,Open Play,Right Foot,Half Volley,True,False,0.1545524
3912595,62906.0,Cloé Zoé Eyja Lacasse,Arsenal WFC,2,61,44,111.9,57.6,19.4,Inside box,From Corner,Blocked,0,Open Play,Left Foot,Normal,False,False,0.009612339
3912595,62906.0,Cloé Zoé Eyja Lacasse,Arsenal WFC,2,62,4,117.8,48.4,8.7,Inside box,From Corner,Off T,0,Open Play,Head,Normal,False,False,0.047022276
3912595,17524.0,Jennifer Patricia Beattie,Arsenal WFC,2,64,49,112.2,40.8,7.8,Inside box,From Corner,Blocked,0,Open Play,Right Foot,Half Volley,True,False,0.13681437
3912595,25697.0,Lina Mona Andréa Hurtig,Arsenal WFC,2,64,51,111.8,36.9,8.8,Inside box,From Corner,Blocked,0,Open Play,Right Foot,Normal,False,True,0.11403371
3912595,25697.0,Lina Mona Andréa Hurtig,Arsenal WFC,2,65,39,117.4,44.7,5.4,Inside box,From Corner,Off T,0,Open Play,Head,Normal,False,True,0.17626643
3912595,10229.0,Emma Stina Blackstenius,Arsenal WFC,2,75,34,113.7,40.6,6.3,Inside box,From Throw In,Wayward,0,Open Play,Left Foot,Half Volley,True,False,0.5017807
3912595,135758.0,Natasha Jane Flint,Liverpool WFC,2,81,30,103.4,47.4,18.2,Inside box,Regular Play,Blocked,0,Open Play,Left Foot,Normal,False,False,0.06599647
3912595,11338.0,Caitlin Jade Foord,Arsenal WFC,2,82,58,114.5,32.2,9.5,Inside box,From Free Kick,Post,0,Open Play,Head,Normal,False,False,0.06278646
3912595,11338.0,Caitlin Jade Foord,Arsenal WFC,2,93,16,103.7,43.5,16.7,Inside box,From Corner,Blocked,0,Open Play,Right Foot,Normal,False,False,0.07905174
3912595,329372.0,Mia Enderby,Liverpool WFC,2,97,20,109.7,52.2,16.0,Inside box,From Counter,Blocked,0,Open Play,Right Foot,Normal,False,False,0.036043894
3912595,63788.0,Victoria Pelova,Arsenal WFC,2,98,52,107.9,52.5,17.4,Inside box,Regular Play,Blocked,0,Open Play,Left Foot,Normal,False,True,0.061969355
3913178,322322.0,Jessica Ziu,West Ham United LFC,1,4,38,107.3,49.4,15.8,Inside box,Regular Play,Saved,0,Open Play,Right Foot,Normal,False,False,0.18769442
3913178,401930.0,Riko Ueki,West Ham United LFC,1,12,25,109.1,50.9,15.4,Inside box,Regular Play,Goal,1,Open Play,Right Foot,Normal,False,True,0.2059071
3913178,224822.0,Jutta Rantala,Leicester City WFC,1,21,12,102.0,17.1,29.1,Outside box,From Free Kick,Saved,0,Free Kick,Right Foot,Normal,False,False,0.008398979
3913178,25834.0,Viviane Asseyi,West Ham United LFC,1,26,24,108.8,39.4,11.2,Inside box,From Throw In,Saved,0,Open Play,Right Foot,Half Volley,True,False,0.13687874
3913178,25834.0,Viviane Asseyi,West Ham United LFC,1,26,43,108.2,27.9,16.9,Inside box,From Counter,Off T,0,Open Play,Right Foot,Normal,False,False,0.10215349
3913178,224822.0,Jutta Rantala,Leicester City WFC,1,33,23,99.5,37.7,20.6,Outside box,Regular Play,Off T,0,Open Play,Left Foot,Normal,False,False,0.08443768
3913178,112522.0,Missy Goodwin,Leicester City WFC,1,34,9,107.3,26.5,18.5,Inside box,Regular Play,Saved,0,Open Play,Left Foot,Normal,False,False,0.0932264
3913178,15720.0,Sophie Howard,Leicester City WFC,1,35,56,116.2,35.0,6.3,Inside box,From Corner,Goal,1,Open Play,Head,Normal,False,True,0.14221051
3913178,401930.0,Riko Ueki,West Ham United LFC,1,39,18,110.3,51.3,14.9,Inside box,From Free Kick,Off T,0,Open Play,Head,Normal,False,True,0.031616043
3913178,15720.0,Sophie Howard,Leicester City WFC,1,42,40,112.1,34.7,9.5,Inside box,From Corner,Off T,0,Open Play,Head,Normal,False,True,0.071432754
3913178,401930.0,Riko Ueki,West Ham United LFC,1,44,55,107.3,29.9,16.2,Inside box,Regular Play,Blocked,0,Open Play,Right Foot,Normal,False,True,0.11090284
3913178,401930.0,Riko Ueki,West Ham United LFC,1,45,4,111.8,31.0,12.2,Inside box,Regular Play,Blocked,0,Open Play,Head,Normal,False,True,0.036811076
3913178,25834.0,Viviane Asseyi,West Ham United LFC,2,48,41,117.0,34.3,6.4,Inside box,From Corner,Off T,0,Open Play,Head,Normal,False,True,0.16792576
3913178,10196.0,Kirsty Smith,West Ham United LFC,2,53,12,105.4,23.2,22.3,Inside box,From Throw In,Off T,0,Open Play,Right Foot,Normal,False,False,0.034545243
3913178,25604.0,Saori Takarada,Leicester City WFC,2,56,36,96.6,28.5,26.1,Outside box,Regular Play,Blocked,0,Open Play,Right Foot,Normal,False,False,0.030772023
3913178,224822.0,Jutta Rantala,Leicester City WFC,2,58,25,101.9,47.5,19.6,Outside box,Regular Play,Blocked,0,Open Play,Left Foot,Normal,False,True,0.060838662
3913178,112522.0,Missy Goodwin,Leicester City WFC,2,61,12,104.5,37.3,15.7,Inside box,From Throw In,Wayward,0,Open Play,Right Foot,Volley,True,False,0.044171955
3913178,25604.0,Saori Takarada,Leicester City WFC,2,61,14,108.7,47.2,13.4,Inside box,From Throw In,Saved,0,Open Play,Right Foot,Half Volley,True,False,0.15277949
3913178,26520.0,Yuka Momiki,Leicester City WFC,2,65,16,109.7,30.5,14.0,Inside box,From Counter,Saved,0,Open Play,Left Foot,Normal,True,False,0.24726604
3913178,26520.0,Yuka Momiki,Leicester City WFC,2,70,47,109.8,37.5,10.5,Inside box,From Throw In,Saved,0,Open Play,Left Foot,Normal,True,False,0.26842195
3913178,25834.0,Viviane Asseyi,West Ham United LFC,2,76,53,88.3,31.6,32.8,Outside box,From Free Kick,Blocked,0,Free Kick,Right Foot,Normal,False,False,0.02908127
3913178,10196.0,Kirsty Smith,West Ham United LFC,2,77,7,98.3,25.1,26.3,Outside box,From Free Kick,Saved,0,Open Play,Right Foot,Normal,True,False,0.020169476
3913178,224822.0,Jutta Rantala,Leicester City WFC,2,82,31,93.2,45.0,27.3,Outside box,Regular Play,Blocked,0,Open Play,Left Foot,Normal,False,False,0.031850502
3913178,224866.0,Anna Marika Bergman Lundin,West Ham United LFC,2,84,2,110.8,50.4,13.9,Inside box,Regular Play,Blocked,0,Open Play,Right Foot,Normal,True,False,0.037814926
3913178,25834.0,Viviane Asseyi,West Ham United LFC,2,91,50,99.7,42.3,20.4,Outside box,Regular Play,Blocked,0,Open Play,Left Foot,Normal,False,True,0.040887535
3913168,10163.0,Leila Ouahabi El Ouahabi,Manchester City WFC,1,0,25,108.8,40.4,11.2,Inside box,From Kick Off,Goal,1,Open Play,Left Foot,Normal,True,False,0.23166376
3913168,25554.0,Khadija Monifa Shaw,Manchester City WFC,1,2,54,109.7,38.1,10.5,Inside box,From Throw In,Goal,1,Open Play,Left Foot,Half Volley,False,True,0.06641676
3913168,25554.0,Khadija Monifa Shaw,Manchester City WFC,1,8,10,100.2,43.6,20.1,Outside box,Regular Play,Saved,0,Open Play,Right Foot,Normal,False,True,0.16098163
3913168,25632.0,Yui Hasegawa,Manchester City WFC,1,12,41,94.6,36.1,25.7,Outside box,From Corner,Saved,0,Open Play,Right Foot,Half Volley,False,True,0.026097892
3913168,19498.0,Jessica Park,Manchester City WFC,1,18,48,99.0,27.5,24.4,Outside box,From Free Kick,Off T,0,Open Play,Right Foot,Normal,False,False,0.024966486
3913168,25554.0,Khadija Monifa Shaw,Manchester City WFC,1,23,43,112.8,41.8,7.4,Inside box,Regular Play,Goal,1,Open Play,Head,Diving Header,False,True,0.4031817
3913168,401930.0,Riko Ueki,West Ham United LFC,1,25,31,99.3,46.1,21.6,Outside box,Regular Play,Blocked,0,Open Play,Left Foot,Normal,False,False,0.06715985
3913168,25834.0,Viviane Asseyi,West Ham United LFC,1,25,38,114.5,36.2,6.7,Inside box,From Counter,Saved,0,Open Play,Left Foot,Half Volley,True,False,0.4393643
3913168,35693.0,Mary Boio Fowler,Manchester City WFC,1,37,19,94.0,44.0,26.3,Outside box,Regular Play,Wayward,0,Open Play,Left Foot,Normal,False,False,0.04146854
3913168,25834.0,Viviane Asseyi,West Ham United LFC,1,39,28,85.0,23.4,38.7,Outside box,Regular Play,Off T,0,Open Play,Left Foot,Normal,True,False,0.008714585
3913168,19416.0,Laura Coombs,Manchester City WFC,1,40,7,107.7,49.4,15.5,Inside box,From Goal Kick,Saved,0,Open Play,Right Foot,Normal,True,False,0.18000564
3913168,322322.0,Jessica Ziu,West Ham United LFC,1,41,54,109.6,41.7,10.5,Inside box,Regular Play,Off T,0,Open Play,Head,Normal,False,False,0.10135526
3913168,401930.0,Riko Ueki,West Ham United LFC,1,46,10,107.1,35.1,13.8,Inside box,From Free Kick,Blocked,0,Open Play,Left Foot,Normal,False,False,0.08593284
3913168,10196.0,Kirsty Smith,West Ham United LFC,1,46,12,108.2,23.7,20.1,Inside box,From Free Kick,Blocked,0,Open Play,Left Foot,Normal,True,False,0.030626971
3913168,322322.0,Jessica Ziu,West Ham United LFC,1,46,17,106.4,52.1,18.2,Inside box,From Free Kick,Blocked,0,Open Play,Right Foot,Normal,True,False,0.083443835
3913168,19498.0,Jessica Park,Manchester City WFC,1,46,57,99.7,46.7,21.4,Outside box,Regular Play,Saved,0,Open Play,Right Foot,Normal,False,False,0.06802801
3913168,25834.0,Viviane Asseyi,West Ham United LFC,2,50,43,99.4,44.3,21.0,Outside box,Regular Play,Post,0,Open Play,Left Foot,Normal,False,False,0.07988032
3913168,401930.0,Riko Ueki,West Ham United LFC,2,51,15,98.1,56.1,27.2,Outside box,Regular Play,Post,0,Open Play,Right Foot,Normal,False,False,0.03659365
3913168,19416.0,Laura Coombs,Manchester City WFC,2,61,59,112.0,45.3,9.6,Inside box,Regular Play,Off T,0,Open Play,Right Foot,Normal,True,False,0.12241774
3913168,401930.0,Riko Ueki,West Ham United LFC,2,62,36,106.0,46.4,15.4,Inside box,From Goal Kick,Saved,0,Open Play,Right Foot,Normal,False,False,0.2505826
3913168,5078.0,Alanna Stephanie Kennedy,Manchester City WFC,2,77,46,91.2,37.5,28.9,Outside box,From Free Kick,Saved,0,Free Kick,Right Foot,Normal,False,False,0.047075864
3913168,15555.0,Lauren Hemp,Manchester City WFC,2,78,9,110.0,29.2,14.7,Inside box,Regular Play,Off T,0,Open Play,Left Foot,Normal,True,False,0.095492095
3913168,35693.0,Mary Boio Fowler,Manchester City WFC,2,79,2,109.1,55.6,19.0,Inside box,Regular Play,Saved,0,Open Play,Left Foot,Normal,False,True,0.041233778
3913168,33675.0,Laura Madison Blindkilde Brown,Manchester City WFC,2,80,51,112.3,39.8,7.7,Inside box,Regular Play,Goal,1,Open Play,Left Foot,Normal,True,False,0.29086336
3913168,19498.0,Jessica Park,Manchester City WFC,2,85,57,100.4,43.1,19.8,Outside box,Regular Play,Goal,1,Open Play,Right Foot,Normal,False,False,0.13365728
3913168,25834.0,Viviane Asseyi,West Ham United LFC,2,87,22,100.2,45.6,20.6,Outside box,Regular Play,Blocked,0,Open Play,Right Foot,Normal,False,False,0.054815527
3913168,19498.0,Jessica Park,Manchester City WFC,2,89,34,111.7,45.3,9.8,Inside box,From Free Kick,Saved,0,Open Play,Left Foot,Normal,False,False,0.5586195
3913168,15570.0,Chloe Kelly,Manchester City WFC,2,92,27,110.3,57.4,19.9,Inside box,From Throw In,Saved,0,Open Play,Right Foot,Normal,False,True,0.029879062
3913168,32210.0,Laia Aleixandri López,Manchester City WFC,2,93,2,110.5,40.7,9.5,Inside box,From Corner,Off T,0,Open Play,Left Foot,Half Volley,True,True,0.120152965
3913072,25554.0,Khadija Monifa Shaw,Manchester City WFC,1,8,5,114.7,45.9,7.9,Inside box,From Throw In,Post,0,Open Play,Left Foot,Half Volley,True,False,0.114261955
3913072,10650.0,Jill Roord,Manchester City WFC,1,8,6,119.1,36.6,3.5,Inside box,From Throw In,Goal,1,Open Play,Head,Normal,False,False,0.59789264
3913072,15570.0,Chloe Kelly,Manchester City WFC,1,12,2,105.9,51.1,17.9,Inside box,Regular Play,Blocked,0,Open Play,Left Foot,Half Volley,False,False,0.075445525
3913072,15570.0,Chloe Kelly,Manchester City WFC,1,15,20,107.2,56.6,21.0,Inside box,Regular Play,Saved,0,Open Play,Right Foot,Normal,False,False,0.02660367
3913072,15706.0,Rachel Furness,Bristol City WFC,1,28,58,106.6,22.5,22.0,Inside box,From Goal Kick,Wayward,0,Open Play,Left Foot,Half Volley,True,False,0.020050148
3913072,15570.0,Chloe Kelly,Manchester City WFC,1,30,22,104.6,44.9,16.2,Inside box,Regular Play,Blocked,0,Open Play,Right Foot,Normal,False,True,0.07005039
3913072,32210.0,Laia Aleixandri López,Manchester City WFC,1,32,53,112.9,37.0,7.7,Inside box,From Free Kick,Goal,1,Open Play,Head,Normal,False,False,0.15407231
3913072,62666.0,Ingrid Filippa Angeldal,Manchester City WFC,1,36,10,93.0,46.0,27.7,Outside box,Regular Play,Saved,0,Open Play,Right Foot,Normal,False,True,0.029809313
3913072,25554.0,Khadija Monifa Shaw,Manchester City WFC,1,37,20,111.9,42.1,8.4,Inside box,From Throw In,Goal,1,Open Play,Head,Normal,False,True,0.14347929
3913072,25554.0,Khadija Monifa Shaw,Manchester City WFC,1,40,55,107.0,49.3,16.0,Inside box,From Counter,Saved,0,Open Play,Right Foot,Normal,False,True,0.1825573
3913072,25554.0,Khadija Monifa Shaw,Manchester City WFC,1,41,53,112.1,54.6,16.6,Inside box,From Corner,Saved,0,Open Play,Right Foot,Normal,True,True,0.043981
3913072,25632.0,Yui Hasegawa,Manchester City WFC,1,44,9,100.3,36.6,20.0,Outside box,From Throw In,Saved,0,Open Play,Right Foot,Normal,True,False,0.064540036
3913072,10650.0,Jill Roord,Manchester City WFC,1,46,24,116.2,38.9,4.0,Inside box,From Corner,Goal,1,Open Play,Head,Normal,False,True,0.23961383
3913072,25554.0,Khadija Monifa Shaw,Manchester City WFC,1,50,44,111.8,41.3,8.3,Inside box,Regular Play,Goal,1,Open Play,Head,Normal,False,False,0.12580827
3913072,5078.0,Alanna Stephanie Kennedy,Manchester City WFC,2,47,44,111.7,47.3,11.1,Inside box,From Free Kick,Off T,0,Open Play,Other,Normal,False,False,0.056236055
3913072,185543.0,Ffion Morgan,Bristol City WFC,2,55,36,102.9,32.1,18.8,Inside box,From Throw In,Saved,0,Open Play,Right Foot,Half Volley,True,False,0.06685441
3913072,25554.0,Khadija Monifa Shaw,Manchester City WFC,2,56,57,110.9,45.2,10.5,Inside box,From Throw In,Off T,0,Open Play,Left Foot,Half Volley,True,True,0.15113328
3913072,35693.0,Mary Boio Fowler,Manchester City WFC,2,60,27,108.0,28.6,16.6,Inside box,Regular Play,Blocked,0,Open Play,Right Foot,Normal,False,True,0.038753342
3913072,10650.0,Jill Roord,Manchester City WFC,2,65,0,98.6,39.0,21.4,Outside box,From Throw In,Blocked,0,Open Play,Right Foot,Normal,False,True,0.048537176
3913072,15570.0,Chloe Kelly,Manchester City WFC,2,75,12,102.6,22.8,24.5,Inside box,Regular Play,Blocked,0,Open Play,Left Foot,Normal,False,True,0.026600156
3913072,25632.0,Yui Hasegawa,Manchester City WFC,2,79,45,112.7,33.3,9.9,Inside box,From Free Kick,Off T,0,Open Play,Left Foot,Half Volley,True,False,0.08485554
3913072,10650.0,Jill Roord,Manchester City WFC,2,80,18,101.2,36.1,19.2,Outside box,Regular Play,Blocked,0,Open Play,Left Foot,Normal,False,True,0.08457684
3913072,15570.0,Chloe Kelly,Manchester City WFC,2,81,36,94.0,20.7,32.4,Outside box,From Throw In,Saved,0,Open Play,Right Foot,Normal,False,False,0.008381813
3913072,15570.0,Chloe Kelly,Manchester City WFC,2,86,19,102.2,52.7,21.9,Inside box,From Corner,Off T,0,Open Play,Left Foot,Normal,True,True,0.05079562
3913072,25554.0,Khadija Monifa Shaw,Manchester City WFC,2,88,35,114.2,40.9,5.9,Inside box,From Corner,Wayward,0,Open Play,Head,Normal,False,True,0.1576026
3913072,19416.0,Laura Coombs,Manchester City WFC,2,91,22,107.6,29.3,16.4,Inside box,From Corner,Blocked,0,Open Play,Right Foot,Normal,False,True,0.09198725
3913072,25554.0,Khadija Monifa Shaw,Manchester City WFC,2,94,48,116.0,32.6,8.4,Inside box,From Throw In,Saved,0,Open Play,Left Foot,Normal,False,False,0.39540273
3913147,31527.0,Ebony Salmon,Aston Villa W,1,2,40,107.0,52.5,18.0,Inside box,From Throw In,Blocked,0,Open Play,Right Foot,Normal,False,False,0.03959286
3913147,34499.0,Hanna Ulrika Bennison,Everton LFC,1,7,41,96.1,51.6,26.6,Outside box,From Throw In,Saved Off Target,0,Open Play,Right Foot,Normal,False,False,0.03476216
3913147,224149.0,Elise Isolde Stenevik,Everton LFC,1,12,22,87.0,40.0,33.0,Outside box,From Free Kick,Blocked,0,Free Kick,Left Foot,Normal,False,False,0.02227438
3913147,10225.0,Aurora Galli,Everton LFC,1,13,37,85.5,48.1,35.4,Outside box,From Throw In,Blocked,0,Open Play,Right Foot,Normal,False,False,0.010892485
3913147,8297.0,Adriana Kristina Leon,Aston Villa W,1,27,30,108.0,46.3,13.6,Inside box,From Throw In,Saved,0,Open Play,Right Foot,Volley,True,True,0.088323705
3913147,45737.0,Martina Piemonte,Everton LFC,1,46,50,100.8,40.6,19.2,Outside box,Regular Play,Blocked,0,Open Play,Right Foot,Normal,False,False,0.062498435
3913147,31527.0,Ebony Salmon,Aston Villa W,2,46,29,103.6,25.5,21.9,Inside box,From Throw In,Blocked,0,Open Play,Right Foot,Normal,False,False,0.02504654
3913147,46459.0,Katja Snoeijs,Everton LFC,2,50,15,94.0,32.3,27.1,Outside box,From Free Kick,Blocked,0,Open Play,Right Foot,Normal,False,False,0.032853603
3913147,15421.0,Kenza Dali,Aston Villa W,2,54,1,98.7,44.0,21.7,Outside box,Regular Play,Goal,1,Open Play,Right Foot,Normal,True,False,0.059683524
3913147,34499.0,Hanna Ulrika Bennison,Everton LFC,2,57,6,102.8,44.0,17.7,Inside box,Regular Play,Blocked,0,Open Play,Left Foot,Normal,False,True,0.057638843
3913147,16386.0,Lucy Hope,Everton LFC,2,57,7,99.0,38.6,21.0,Outside box,Regular Play,Off T,0,Open Play,Left Foot,Half Volley,True,False,0.056029372
3913147,31527.0,Ebony Salmon,Aston Villa W,2,59,50,115.6,44.1,6.0,Inside box,From Corner,Goal,1,Open Play,Head,Normal,False,False,0.3843626
3913147,45737.0,Martina Piemonte,Everton LFC,2,64,48,104.0,48.5,18.1,Inside box,From Free Kick,Blocked,0,Open Play,Left Foot,Normal,False,False,0.031447873
3913147,16386.0,Lucy Hope,Everton LFC,2,66,47,115.1,42.1,5.3,Inside box,From Goal Kick,Wayward,0,Open Play,Right Foot,Half Volley,True,False,0.44032142
3913147,224149.0,Elise Isolde Stenevik,Everton LFC,2,84,2,111.9,44.9,9.5,Inside box,From Free Kick,Goal,1,Open Play,Head,Normal,False,True,0.09056076
3913147,225576.0,Miriael Taylor,Aston Villa W,2,86,24,110.6,25.7,17.1,Inside box,From Throw In,Saved,0,Open Play,Left Foot,Normal,False,False,0.044933166
3913147,337745.0,Georgia Mullett,Aston Villa W,2,86,53,99.4,44.9,21.2,Outside box,From Counter,Blocked,0,Open Play,Right Foot,Normal,False,False,0.042753916
3913147,15571.0,Danielle Turner,Aston Villa W,2,87,43,112.5,45.5,9.3,Inside box,From Corner,Blocked,0,Open Play,Head,Normal,False,True,0.059464227
3913157,16374.0,Aileen Whelan,Leicester City WFC,1,2,47,104.9,56.5,22.4,Inside box,Regular Play,Saved,0,Open Play,Right Foot,Normal,False,True,0.03352097
3913157,276301.0,Elisabeth Terland,Brighton & Hove Albion WFC,1,10,56,110.4,50.5,14.2,Inside box,From Throw In,Blocked,0,Open Play,Right Foot,Half Volley,False,True,0.043117095
3913157,105102.0,Veatriki Sarri,Brighton & Hove Albion WFC,1,10,58,113.2,36.6,7.6,Inside box,From Throw In,Off T,0,Open Play,Left Foot,Half Volley,True,False,0.46133408
3913157,224822.0,Jutta Rantala,Leicester City WFC,1,12,20,103.7,52.2,20.4,Inside box,Regular Play,Saved,0,Open Play,Left Foot,Normal,False,False,0.08223516
3913157,135753.0,Samantha Tierney,Leicester City WFC,1,20,10,105.7,41.0,14.3,Inside box,Regular Play,Blocked,0,Open Play,Right Foot,Half Volley,True,False,0.052883003
3913157,105102.0,Veatriki Sarri,Brighton & Hove Albion WFC,1,23,6,109.4,30.2,14.4,Inside box,From Counter,Saved,0,Open Play,Right Foot,Normal,False,False,0.19308136
3913157,10158.0,María Victoria Losada Gómez,Brighton & Hove Albion WFC,1,25,39,93.1,34.4,27.5,Outside box,From Free Kick,Saved,0,Open Play,Right Foot,Normal,True,False,0.024134105
3913157,16374.0,Aileen Whelan,Leicester City WFC,1,31,16,109.6,42.2,10.6,Inside box,From Free Kick,Saved,0,Open Play,Head,Normal,False,True,0.06314547
3913157,105102.0,Veatriki Sarri,Brighton & Hove Albion WFC,1,35,9,96.3,42.5,23.8,Outside box,From Free Kick,Blocked,0,Open Play,Left Foot,Normal,False,True,0.025658134
3913157,388473.0,Jorelyn Andrea Daniela Carabalí Martínez,Brighton & Hove Albion WFC,1,39,7,82.9,41.0,37.1,Outside box,From Free Kick,Saved,0,Free Kick,Right Foot,Normal,False,False,0.006772881
3913157,25601.0,Deanne Cynthia Rose,Leicester City WFC,1,42,38,101.1,24.2,24.6,Outside box,Regular Play,Blocked,0,Open Play,Right Foot,Normal,True,True,0.014756277
3913157,224822.0,Jutta Rantala,Leicester City WFC,1,42,47,103.8,55.0,22.1,Inside box,Regular Play,Saved,0,Open Play,Left Foot,Normal,False,False,0.047011223
3913157,25601.0,Deanne Cynthia Rose,Leicester City WFC,1,45,50,113.8,28.1,13.4,Inside box,From Free Kick,Blocked,0,Open Play,Left Foot,Normal,True,True,0.045440663
3913157,225180.0,Emilia Pelgander,Leicester City WFC,2,46,22,95.9,49.1,25.8,Outside box,From Throw In,Off T,0,Open Play,Right Foot,Normal,True,False,0.029144332
3913157,26520.0,Yuka Momiki,Leicester City WFC,2,49,1,98.8,40.0,21.2,Outside box,From Goal Kick,Saved,0,Open Play,Left Foot,Normal,True,False,0.06928356
3913157,224822.0,Jutta Rantala,Leicester City WFC,2,50,32,103.5,53.3,21.2,Inside box,Regular Play,Blocked,0,Open Play,Left Foot,Normal,False,False,0.034837723
3913157,225180.0,Emilia Pelgander,Leicester City WFC,2,53,11,103.3,53.7,21.6,Inside box,From Corner,Off T,0,Open Play,Right Foot,Half Volley,True,False,0.026537662
3913157,224822.0,Jutta Rantala,Leicester City WFC,2,53,54,112.6,51.1,13.3,Inside box,Regular Play,Goal,1,Open Play,Right Foot,Normal,False,False,0.10864324
3913157,276304.0,Guro Bergsvand,Brighton & Hove Albion WFC,2,57,26,110.6,41.5,9.5,Inside box,From Corner,Blocked,0,Open Play,Right Foot,Half Volley,False,True,0.08906635
3913157,405188.0,Madison Haley,Brighton & Hove Albion WFC,2,61,13,118.1,41.2,2.2,Inside box,From Corner,Goal,1,Open Play,Other,Normal,False,False,0.46637216
3913157,21059.0,Katie Robinson,Brighton & Hove Albion WFC,2,67,24,112.4,53.8,15.8,Inside box,From Counter,Goal,1,Open Play,Right Foot,Normal,False,False,0.61217666
3913157,25604.0,Saori Takarada,Leicester City WFC,2,74,58,102.7,38.2,17.4,Inside box,From Corner,Blocked,0,Open Play,Left Foot,Half Volley,True,False,0.052051447
3913157,112522.0,Missy Goodwin,Leicester City WFC,2,77,4,106.8,25.6,19.5,Inside box,From Free Kick,Blocked,0,Open Play,Right Foot,Normal,False,False,0.0422234
3913157,10100.0,Janice Cayman,Leicester City WFC,2,78,45,101.6,36.6,18.7,Outside box,From Throw In,Off T,0,Open Play,Right Foot,Normal,False,False,0.06030706
3913157,112522.0,Missy Goodwin,Leicester City WFC,2,82,32,117.3,32.5,8.0,Inside box,Regular Play,Off T,0,Open Play,Right Foot,Volley,True,False,0.19052619
3913157,10260.0,Lena Petermann,Leicester City WFC,2,83,49,110.3,46.2,11.5,Inside box,Regular Play,Goal,1,Open Play,Right Foot,Normal,False,False,0.3339747
3913157,276301.0,Elisabeth Terland,Brighton & Hove Albion WFC,2,84,52,105.4,34.9,15.5,Inside box,From Kick Off,Goal,1,Open Play,Right Foot,Volley,True,True,0.09253085
3913157,276301.0,Elisabeth Terland,Brighton & Hove Albion WFC,2,88,40,102.7,45.5,18.2,Inside box,From Counter,Blocked,0,Open Play,Right Foot,Normal,False,True,0.08935127
3913157,405188.0,Madison Haley,Brighton & Hove Albion WFC,2,92,17,105.4,46.0,15.8,Inside box,Regular Play,Saved,0,Open Play,Right Foot,Normal,True,False,0.20677842
3913157,224822.0,Jutta Rantala,Leicester City WFC,2,95,23,112.4,51.5,13.8,Inside box,Regular Play,Saved,0,Open Play,Right Foot,Normal,False,True,0.15047987
3913157,26520.0,Yuka Momiki,Leicester City WFC,2,95,51,115.5,33.3,8.1,Inside box,From Corner,Blocked,0,Open Play,Right Foot,Half Volley,True,False,0.11778156
3913086,401930.0,Riko Ueki,West Ham United LFC,1,8,32,108.4,41.3,11.7,Inside box,From Throw In,Blocked,0,Open Play,Right Foot,Normal,False,False,0.19879733
3913086,131653.0,Honoka Hayashi,West Ham United LFC,1,16,37,97.6,36.9,22.6,Outside box,From Free Kick,Off T,0,Open Play,Right Foot,Half Volley,True,False,0.033200067
3913086,19417.0,Amy Rodgers,Bristol City WFC,1,17,16,103.4,47.4,18.2,Inside box,From Goal Kick,Blocked,0,Open Play,Right Foot,Normal,False,False,0.06438854
3913086,337744.0,Isibeal Atkinson,West Ham United LFC,1,25,43,105.1,48.7,17.3,Inside box,From Corner,Blocked,0,Open Play,Right Foot,Normal,True,False,0.07153926
3913086,25834.0,Viviane Asseyi,West Ham United LFC,1,26,47,108.1,40.0,11.9,Inside box,Other,Goal,1,Penalty,Right Foot,Normal,False,False,0.7835
3913086,337744.0,Isibeal Atkinson,West Ham United LFC,1,28,46,108.6,21.2,22.0,Inside box,Regular Play,Off T,0,Open Play,Left Foot,Normal,False,False,0.015925212
3913086,15788.0,Amalie Grønbak Thestrup,Bristol City WFC,1,31,16,111.9,39.5,8.1,Inside box,Regular Play,Goal,1,Open Play,Head,Normal,False,True,0.089393586
3913086,15788.0,Amalie Grønbak Thestrup,Bristol City WFC,1,36,3,113.0,36.4,7.9,Inside box,Regular Play,Saved,0,Open Play,Right Foot,Volley,True,False,0.12639982
3913086,42836.0,Ella Powell,Bristol City WFC,1,36,5,114.4,44.9,7.4,Inside box,Regular Play,Goal,1,Open Play,Right Foot,Normal,True,False,0.38297254
3913086,15706.0,Rachel Furness,Bristol City WFC,1,42,25,94.5,22.1,31.2,Outside box,From Goal Kick,Saved,0,Open Play,Left Foot,Normal,False,False,0.0105828885
3913086,10179.0,Lisa Evans,West Ham United LFC,1,46,37,103.3,56.4,23.4,Inside box,From Throw In,Wayward,0,Open Play,Right Foot,Half Volley,True,False,0.025202647
3913086,401930.0,Riko Ueki,West Ham United LFC,1,46,47,106.2,38.1,13.9,Inside box,From Throw In,Saved,0,Open Play,Left Foot,Normal,True,False,0.07263611
3913086,401930.0,Riko Ueki,West Ham United LFC,1,47,29,104.1,34.9,16.7,Inside box,Regular Play,Goal,1,Open Play,Left Foot,Half Volley,True,False,0.10278976
3913086,25624.0,Risa Shimizu,West Ham United LFC,2,49,41,100.5,21.6,26.8,Outside box,Regular Play,Off T,0,Open Play,Right Foot,Normal,False,False,0.013438302
3913086,185545.0,Brooke Aspin,Bristol City WFC,2,54,24,109.9,39.2,10.1,Inside box,From Free Kick,Goal,1,Open Play,Head,Normal,False,True,0.09858632
3913086,25834.0,Viviane Asseyi,West Ham United LFC,2,57,28,107.5,46.7,14.2,Inside box,Regular Play,Blocked,0,Open Play,Right Foot,Normal,True,False,0.093016624
3913086,50193.0,Anouk Denton,West Ham United LFC,2,72,51,88.9,52.3,33.4,Outside box,Regular Play,Saved,0,Open Play,Right Foot,Normal,False,False,0.012112362
3913086,84765.0,Carrie Jones,Bristol City WFC,2,77,55,106.5,29.6,17.0,Inside box,From Goal Kick,Blocked,0,Open Play,Right Foot,Normal,True,True,0.14276452
3913086,23320.0,Melisa Filis,West Ham United LFC,2,81,9,95.1,46.9,25.8,Outside box,From Throw In,Blocked,0,Open Play,Right Foot,Half Volley,True,False,0.023719238
3913086,185545.0,Brooke Aspin,Bristol City WFC,2,82,27,112.3,46.4,10.0,Inside box,From Free Kick,Off T,0,Open Play,Right Foot,Half Volley,True,False,0.103685245
3913086,15788.0,Amalie Grønbak Thestrup,Bristol City WFC,2,89,36,109.6,46.7,12.4,Inside box,Regular Play,Saved,0,Open Play,Right Foot,Normal,True,False,0.2872645
3913086,23320.0,Melisa Filis,West Ham United LFC,2,93,33,100.8,50.0,21.6,Outside box,Other,Saved,0,Open Play,Right Foot,Half Volley,True,False,0.02973354
3913086,25834.0,Viviane Asseyi,West Ham United LFC,2,94,57,107.9,45.3,13.2,Inside box,Regular Play,Off T,0,Open Play,Head,Normal,False,False,0.0517127
3913096,401930.0,Riko Ueki,West Ham United LFC,1,4,44,97.7,28.6,25.0,Outside box,From Counter,Off T,0,Open Play,Left Foot,Normal,True,False,0.052449606
3913096,401930.0,Riko Ueki,West Ham United LFC,1,15,30,113.9,34.9,8.0,Inside box,Regular Play,Saved,0,Open Play,Head,Normal,False,False,0.14414231
3913096,15571.0,Danielle Turner,Aston Villa W,1,22,52,110.8,44.8,10.4,Inside box,From Corner,Off T,0,Open Play,Head,Normal,False,True,0.054125544
3913096,25834.0,Viviane Asseyi,West Ham United LFC,1,26,7,108.0,40.0,12.0,Inside box,Other,Goal,1,Penalty,Right Foot,Normal,False,False,0.7835
3913096,5058.0,Rachel Daly,Aston Villa W,1,30,29,112.1,46.5,10.2,Inside box,From Corner,Blocked,0,Open Play,Head,Normal,False,True,0.05018256
3913096,78072.0,Anna Patten,Aston Villa W,1,30,31,115.7,36.5,5.5,Inside box,From Corner,Goal,1,Open Play,Head,Normal,False,False,0.3349304
3913096,5058.0,Rachel Daly,Aston Villa W,1,33,52,111.6,46.2,10.4,Inside box,From Corner,Saved,0,Open Play,Head,Normal,False,True,0.055546384
3913096,401930.0,Riko Ueki,West Ham United LFC,1,36,27,111.9,34.2,10.0,Inside box,From Free Kick,Blocked,0,Open Play,Head,Normal,False,True,0.05943214
3913096,8297.0,Adriana Kristina Leon,Aston Villa W,1,39,11,109.5,45.7,11.9,Inside box,From Throw In,Saved,0,Open Play,Right Foot,Volley,True,False,0.1301759
3913096,8297.0,Adriana Kristina Leon,Aston Villa W,1,39,13,119.4,47.5,7.5,Inside box,From Throw In,Wayward,0,Open Play,Right Foot,Half Volley,True,False,0.01824828
3913096,5058.0,Rachel Daly,Aston Villa W,1,42,59,114.2,43.5,6.8,Inside box,From Corner,Off T,0,Open Play,Head,Normal,False,False,0.15622258
3913096,370018.0,Shannon Cooke,West Ham United LFC,1,44,53,108.2,46.7,13.6,Inside box,Regular Play,Off T,0,Open Play,Right Foot,Normal,True,False,0.13279426
3913096,8297.0,Adriana Kristina Leon,Aston Villa W,2,49,25,111.4,46.3,10.7,Inside box,From Free Kick,Goal,1,Open Play,Left Foot,Half Volley,True,False,0.07326609
3913096,25834.0,Viviane Asseyi,West Ham United LFC,2,53,33,99.9,36.6,20.4,Outside box,Regular Play,Saved,0,Open Play,Left Foot,Normal,False,False,0.07540629
3913096,15573.0,Abbey-Leigh Stringer,West Ham United LFC,2,54,53,108.3,37.4,12.0,Inside box,From Corner,Post,0,Open Play,Head,Normal,False,False,0.045688063
3913096,10179.0,Lisa Evans,West Ham United LFC,2,79,0,101.4,27.0,22.7,Outside box,From Corner,Goal,1,Open Play,Left Foot,Half Volley,True,False,0.031289704
3913096,31527.0,Ebony Salmon,Aston Villa W,2,85,13,107.2,22.0,22.1,Inside box,From Free Kick,Off T,0,Open Play,Right Foot,Normal,False,False,0.013342243
3913096,5058.0,Rachel Daly,Aston Villa W,2,91,49,104.0,37.6,16.2,Inside box,From Free Kick,Goal,1,Open Play,Left Foot,Half Volley,True,True,0.11125007
3913096,370018.0,Shannon Cooke,West Ham United LFC,2,93,53,86.6,52.1,35.5,Outside box,Regular Play,Off T,0,Open Play,Right Foot,Normal,False,False,0.0069561563
3913096,401930.0,Riko Ueki,West Ham United LFC,2,96,20,113.4,43.5,7.5,Inside box,From Corner,Blocked,0,Open Play,Head,Normal,False,True,0.1114782
3913125,15623.0,Vivianne Miedema,Arsenal WFC,1,14,45,111.9,44.6,9.3,Inside box,From Corner,Blocked,0,Open Play,Head,Normal,False,True,0.059554726
3913125,49697.0,Carlotte Wubben-Moy,Arsenal WFC,1,14,52,109.6,43.4,10.9,Inside box,From Corner,Wayward,0,Open Play,Head,Normal,False,False,0.074703716
3913125,49697.0,Carlotte Wubben-Moy,Arsenal WFC,1,21,3,110.2,38.5,9.9,Inside box,From Corner,Off T,0,Open Play,Head,Normal,False,True,0.04956294
3913125,63788.0,Victoria Pelova,Arsenal WFC,1,22,29,99.5,48.2,22.1,Outside box,Regular Play,Saved,0,Open Play,Right Foot,Normal,False,True,0.047125004
3913125,15623.0,Vivianne Miedema,Arsenal WFC,1,31,43,106.8,25.8,19.4,Inside box,From Corner,Wayward,0,Open Play,Right Foot,Half Volley,False,True,0.031926714
3913125,47521.0,Alessia Russo,Arsenal WFC,1,31,49,105.8,46.8,15.7,Inside box,From Corner,Blocked,0,Open Play,Right Foot,Normal,True,False,0.06489823
3913125,10648.0,Shanice van de Sanden,Liverpool WFC,1,38,49,104.6,35.7,16.0,Inside box,From Free Kick,Off T,0,Open Play,Head,Normal,False,True,0.027660625
3913125,49697.0,Carlotte Wubben-Moy,Arsenal WFC,1,43,56,113.7,37.7,6.7,Inside box,From Corner,Saved,0,Open Play,Head,Normal,False,True,0.12080177
3913125,10093.0,Yana Daniëls,Liverpool WFC,1,45,52,110.7,36.7,9.9,Inside box,Regular Play,Off T,0,Open Play,Left Foot,Half Volley,True,True,0.24677742
3913125,11338.0,Caitlin Jade Foord,Arsenal WFC,2,50,46,111.1,37.0,9.4,Inside box,From Corner,Saved,0,Open Play,Head,Normal,False,False,0.10032871
3913125,15623.0,Vivianne Miedema,Arsenal WFC,2,59,37,96.6,51.3,26.0,Outside box,Regular Play,Goal,1,Open Play,Right Foot,Normal,False,False,0.030290246
3913125,11338.0,Caitlin Jade Foord,Arsenal WFC,2,63,59,111.6,28.3,14.4,Inside box,Regular Play,Saved,0,Open Play,Right Foot,Normal,False,False,0.18240179
3913125,11338.0,Caitlin Jade Foord,Arsenal WFC,2,68,35,113.2,40.2,6.8,Inside box,Regular Play,Goal,1,Open Play,Left Foot,Normal,True,True,0.6638827
3913125,10229.0,Emma Stina Blackstenius,Arsenal WFC,2,81,35,108.3,46.6,13.4,Inside box,From Counter,Off T,0,Open Play,Right Foot,Lob,False,False,0.3279095
3913125,10229.0,Emma Stina Blackstenius,Arsenal WFC,2,84,56,106.6,43.6,13.9,Inside box,From Throw In,Saved,0,Open Play,Right Foot,Half Volley,True,True,0.12697595
3913125,322359.0,Ceri Holland,Liverpool WFC,2,90,37,100.2,45.2,20.5,Outside box,From Throw In,Blocked,0,Open Play,Right Foot,Volley,True,False,0.050659012
3913125,322359.0,Ceri Holland,Liverpool WFC,2,90,39,101.4,44.3,19.1,Outside box,From Throw In,Blocked,0,Open Play,Right Foot,Half Volley,False,False,0.04846921
3913125,329372.0,Mia Enderby,Liverpool WFC,2,93,5,105.7,50.4,17.7,Inside box,Regular Play,Saved,0,Open Play,Right Foot,Normal,False,False,0.30652004
3913125,10229.0,Emma Stina Blackstenius,Arsenal WFC,2,95,4,106.6,44.1,14.0,Inside box,Regular Play,Post,0,Open Play,Right Foot,Normal,True,False,0.26916683
3913135,10229.0,Emma Stina Blackstenius,Arsenal WFC,1,7,54,107.2,35.6,13.5,Inside box,From Corner,Blocked,0,Open Play,Right Foot,Volley,True,False,0.053938694
3913135,15619.0,Bethany Mead,Arsenal WFC,1,16,25,107.6,50.0,15.9,Inside box,Regular Play,Blocked,0,Open Play,Left Foot,Normal,False,False,0.068251565
3913135,10229.0,Emma Stina Blackstenius,Arsenal WFC,1,21,22,103.2,35.6,17.4,Inside box,Regular Play,Blocked,0,Open Play,Right Foot,Normal,False,False,0.10881113
3913135,15619.0,Bethany Mead,Arsenal WFC,1,26,43,95.7,29.7,26.4,Outside box,From Free Kick,Off T,0,Free Kick,Right Foot,Normal,False,False,0.057652872
3913135,31534.0,Ella Toone,Manchester United W,1,27,53,98.0,48.7,23.7,Outside box,Regular Play,Blocked,0,Open Play,Right Foot,Normal,False,False,0.039213564
3913135,386105.0,Lisa Fjeldstad Naalsund,Manchester United W,1,28,27,99.4,33.1,21.7,Outside box,From Corner,Wayward,0,Open Play,Right Foot,Half Volley,True,True,0.033060383
3913135,31534.0,Ella Toone,Manchester United W,1,32,19,101.4,48.9,20.6,Outside box,From Free Kick,Blocked,0,Open Play,Right Foot,Volley,True,False,0.039952382
3913135,62906.0,Cloé Zoé Eyja Lacasse,Arsenal WFC,1,34,11,114.2,34.6,7.9,Inside box,From Free Kick,Goal,1,Open Play,Head,Normal,False,False,0.5249771
3913135,15616.0,Kim Little,Arsenal WFC,1,43,38,108.0,40.0,12.0,Inside box,Other,Goal,1,Penalty,Right Foot,Normal,False,False,0.7835
3913135,5000.0,Stephanie-Elise Catley,Arsenal WFC,1,48,46,114.9,48.1,9.6,Inside box,From Throw In,Blocked,0,Open Play,Right Foot,Normal,False,False,0.104665905
3913135,15619.0,Bethany Mead,Arsenal WFC,1,48,48,112.9,52.5,14.4,Inside box,From Throw In,Blocked,0,Open Play,Left Foot,Normal,True,False,0.061818995
3913135,4654.0,Nikita Parris,Manchester United W,2,52,29,109.0,36.8,11.5,Inside box,Regular Play,Off T,0,Open Play,Head,Normal,False,True,0.06297452
3913135,25543.0,Geyse da Silva Ferreira,Manchester United W,2,55,2,107.0,55.2,20.0,Inside box,From Counter,Blocked,0,Open Play,Right Foot,Normal,False,True,0.05754923
3913135,10229.0,Emma Stina Blackstenius,Arsenal WFC,2,60,35,107.7,26.1,18.6,Inside box,From Free Kick,Saved,0,Open Play,Right Foot,Normal,True,False,0.17757262
3913135,15620.0,Katie McCabe,Arsenal WFC,2,60,44,103.9,51.4,19.7,Inside box,From Counter,Blocked,0,Open Play,Left Foot,Normal,False,False,0.051399622
3913135,15619.0,Bethany Mead,Arsenal WFC,2,60,52,109.7,52.1,15.9,Inside box,From Counter,Post,0,Open Play,Right Foot,Normal,False,False,0.114210464
3913135,15619.0,Bethany Mead,Arsenal WFC,2,64,54,106.7,49.2,16.2,Inside box,Regular Play,Post,0,Open Play,Left Foot,Normal,False,False,0.11449986
3913135,15619.0,Bethany Mead,Arsenal WFC,2,64,59,106.9,45.5,14.2,Inside box,Regular Play,Blocked,0,Open Play,Right Foot,Volley,True,False,0.05332476
3913135,62906.0,Cloé Zoé Eyja Lacasse,Arsenal WFC,2,67,50,114.2,29.7,11.8,Inside box,From Goal Kick,Saved,0,Open Play,Right Foot,Normal,False,False,0.27592355
3913135,4654.0,Nikita Parris,Manchester United W,2,70,5,116.2,52.6,13.2,Inside box,From Counter,Saved,0,Open Play,Right Foot,Normal,False,False,0.031789534
3913135,4654.0,Nikita Parris,Manchester United W,2,71,21,97.0,31.3,24.6,Outside box,Regular Play,Blocked,0,Open Play,Right Foot,Normal,False,False,0.02612341
3913135,15620.0,Katie McCabe,Arsenal WFC,2,72,40,111.9,50.9,13.6,Inside box,From Free Kick,Saved,0,Open Play,Left Foot,Normal,False,False,0.1588623
3913135,15620.0,Katie McCabe,Arsenal WFC,2,77,54,92.1,52.0,30.4,Outside box,From Throw In,Off T,0,Open Play,Left Foot,Half Volley,True,False,0.015810167
3913135,31563.0,Rachel Williams,Manchester United W,2,78,33,116.4,30.2,10.4,Inside box,From Goal Kick,Saved,0,Open Play,Left Foot,Normal,False,True,0.1306088
3913135,25513.0,Lucía García Córdoba,Manchester United W,2,95,19,114.6,42.5,6.0,Inside box,From Corner,Goal,1,Open Play,Right Foot,Volley,True,False,0.50954044
3913173,15554.0,Gemma Bonner,Liverpool WFC,1,6,10,94.4,47.1,26.6,Outside box,Regular Play,Off T,0,Open Play,Right Foot,Half Volley,True,True,0.03317174
3913173,47008.0,Sjoeke Nüsken,Chelsea FCW,1,7,53,98.9,46.3,22.0,Outside box,Regular Play,Blocked,0,Open Play,Right Foot,Normal,True,False,0.04483664
3913173,84901.0,Catarina Cantanhede Melônio Macário,Chelsea FCW,1,8,6,114.2,52.6,13.9,Inside box,Regular Play,Blocked,0,Open Play,Right Foot,Normal,False,False,0.05149608
3913173,81580.0,Agnes Beever-Jones,Chelsea FCW,1,8,38,115.3,39.5,4.7,Inside box,From Corner,Goal,1,Open Play,Head,Normal,False,True,0.1765229
3913173,47008.0,Sjoeke Nüsken,Chelsea FCW,1,10,22,109.4,31.2,13.8,Inside box,From Throw In,Saved,0,Open Play,Right Foot,Half Volley,False,False,0.1454434
3913173,15631.0,Niamh Charles,Chelsea FCW,1,19,39,112.3,48.5,11.5,Inside box,From Corner,Off T,0,Open Play,Head,Normal,False,True,0.04930412
3913173,24706.0,Sophie Roman Haug,Liverpool WFC,1,21,24,106.3,42.2,13.9,Inside box,From Throw In,Blocked,0,Open Play,Right Foot,Normal,False,True,0.069124684
3913173,322359.0,Ceri Holland,Liverpool WFC,1,36,25,89.6,42.1,30.5,Outside box,Regular Play,Saved,0,Open Play,Right Foot,Normal,True,False,0.024103342
3913173,24706.0,Sophie Roman Haug,Liverpool WFC,1,40,42,110.4,45.7,11.2,Inside box,From Free Kick,Off T,0,Open Play,Left Foot,Volley,True,False,0.15430474
3913173,32403.0,Emma Wilhelmina Koivisto,Liverpool WFC,1,43,58,94.2,48.1,27.0,Outside box,From Keeper,Saved,0,Open Play,Left Foot,Half Volley,False,True,0.025351662
3913173,19687.0,Taylor Hinds,Liverpool WFC,1,49,25,106.2,39.2,13.8,Inside box,From Throw In,Blocked,0,Open Play,Left Foot,Normal,False,True,0.07220942
3913173,24706.0,Sophie Roman Haug,Liverpool WFC,1,52,50,105.7,42.1,14.5,Inside box,From Free Kick,Off T,0,Open Play,Head,Normal,False,True,0.04585574
3913173,24706.0,Sophie Roman Haug,Liverpool WFC,2,50,46,114.1,43.3,6.8,Inside box,From Corner,Goal,1,Open Play,Head,Normal,False,True,0.13549978
3913173,24706.0,Sophie Roman Haug,Liverpool WFC,2,62,20,94.4,23.6,30.4,Outside box,Regular Play,Blocked,0,Open Play,Right Foot,Normal,True,True,0.009460612
3913173,329372.0,Mia Enderby,Liverpool WFC,2,62,27,109.0,30.4,14.6,Inside box,Regular Play,Saved,0,Open Play,Left Foot,Normal,False,True,0.26054996
3913173,84901.0,Catarina Cantanhede Melônio Macário,Chelsea FCW,2,63,35,111.6,45.6,10.1,Inside box,Regular Play,Blocked,0,Open Play,Right Foot,Normal,False,False,0.07487295
3913173,15554.0,Gemma Bonner,Liverpool WFC,2,65,10,115.3,33.9,7.7,Inside box,From Corner,Goal,1,Open Play,Head,Normal,False,True,0.112659335
3913173,84901.0,Catarina Cantanhede Melônio Macário,Chelsea FCW,2,67,25,107.9,32.8,14.1,Inside box,Regular Play,Blocked,0,Open Play,Right Foot,Normal,True,False,0.102146946
3913173,4660.0,Erin Cuthbert,Chelsea FCW,2,69,46,105.2,47.0,16.4,Inside box,Regular Play,Blocked,0,Open Play,Right Foot,Normal,True,False,0.07525199
3913173,32074.0,Jenna Clark,Liverpool WFC,2,76,48,109.3,47.0,12.8,Inside box,From Free Kick,Saved,0,Open Play,Head,Normal,False,True,0.023452548
3913173,81580.0,Agnes Beever-Jones,Chelsea FCW,2,77,17,112.4,43.4,8.3,Inside box,From Keeper,Blocked,0,Open Play,Head,Normal,False,False,0.14213869
3913173,15631.0,Niamh Charles,Chelsea FCW,2,77,46,113.4,40.6,6.6,Inside box,From Corner,Off T,0,Open Play,Head,Normal,False,True,0.10365835
3913173,389365.0,Maika Hamano,Chelsea FCW,2,78,32,103.0,52.1,20.9,Inside box,Regular Play,Saved,0,Open Play,Right Foot,Normal,False,True,0.103020005
3913173,81580.0,Agnes Beever-Jones,Chelsea FCW,2,79,28,111.7,37.3,8.7,Inside box,From Throw In,Goal,1,Open Play,Right Foot,Half Volley,True,False,0.32367748
3913173,18146.0,Leanne Kiernan,Liverpool WFC,2,80,29,106.7,40.6,13.3,Inside box,From Kick Off,Goal,1,Open Play,Right Foot,Normal,True,False,0.63455844
3913173,84901.0,Catarina Cantanhede Melônio Macário,Chelsea FCW,2,82,34,107.4,45.5,13.7,Inside box,From Kick Off,Blocked,0,Open Play,Right Foot,Normal,True,False,0.12227162
3913173,15554.0,Gemma Bonner,Liverpool WFC,2,91,26,112.2,43.5,8.5,Inside box,From Corner,Goal,1,Open Play,Head,Normal,False,False,0.083311096
3913173,4660.0,Erin Cuthbert,Chelsea FCW,2,93,44,105.9,42.0,14.2,Inside box,From Free Kick,Blocked,0,Open Play,Right Foot,Half Volley,False,True,0.06327867
3913173,84901.0,Catarina Cantanhede Melônio Macário,Chelsea FCW,2,95,38,108.6,34.3,12.7,Inside box,From Free Kick,Off T,0,Open Play,Head,Normal,False,False,0.088617325
3913173,84901.0,Catarina Cantanhede Melônio Macário,Chelsea FCW,2,96,51,111.6,36.7,9.0,Inside box,From Free Kick,Blocked,0,Open Play,Head,Normal,False,True,0.09070245
3913173,81580.0,Agnes Beever-Jones,Chelsea FCW,2,96,52,103.8,45.8,17.2,Inside box,From Free Kick,Saved,0,Open Play,Right Foot,Volley,True,True,0.08281197
3913163,84901.0,Catarina Cantanhede Melônio Macário,Chelsea FCW,1,1,49,93.7,52.1,28.9,Outside box,Regular Play,Saved,0,Open Play,Right Foot,Normal,False,False,0.021939268
3913163,81580.0,Agnes Beever-Jones,Chelsea FCW,1,4,23,107.0,28.6,17.3,Inside box,From Throw In,Saved,0,Open Play,Left Foot,Normal,True,True,0.04608018
3913163,389365.0,Maika Hamano,Chelsea FCW,1,7,31,107.9,53.5,18.1,Inside box,Regular Play,Blocked,0,Open Play,Right Foot,Half Volley,False,True,0.048226185
3913163,389365.0,Maika Hamano,Chelsea FCW,1,13,21,110.3,45.7,11.3,Inside box,Regular Play,Off T,0,Open Play,Head,Diving Header,False,False,0.15739107
3913163,61467.0,Jessica Naz,Tottenham Hotspur Women,1,14,56,93.9,34.4,26.7,Outside box,From Counter,Saved,0,Open Play,Left Foot,Normal,False,True,0.044716492
3913163,4660.0,Erin Cuthbert,Chelsea FCW,1,17,12,92.7,40.3,27.3,Outside box,From Throw In,Saved,0,Open Play,Left Foot,Normal,False,True,0.03660258
3913163,10514.0,Guro Reiten,Chelsea FCW,1,18,26,105.3,26.1,20.2,Inside box,From Throw In,Off T,0,Open Play,Left Foot,Normal,False,True,0.061724365
3913163,10514.0,Guro Reiten,Chelsea FCW,1,20,20,113.9,30.2,11.5,Inside box,Regular Play,Blocked,0,Open Play,Left Foot,Normal,True,False,0.2187214
3913163,46740.0,Grace Clinton,Tottenham Hotspur Women,1,22,5,95.3,31.4,26.2,Outside box,Regular Play,Off T,0,Open Play,Right Foot,Normal,False,False,0.030982127
3913163,81580.0,Agnes Beever-Jones,Chelsea FCW,1,29,30,110.7,36.9,9.8,Inside box,Regular Play,Blocked,0,Open Play,Head,Normal,False,True,0.07381239
3913163,84901.0,Catarina Cantanhede Melônio Macário,Chelsea FCW,1,33,55,102.5,27.5,21.5,Inside box,Regular Play,Saved,0,Open Play,Right Foot,Normal,False,False,0.05479089
3913163,389365.0,Maika Hamano,Chelsea FCW,1,36,45,114.0,44.4,7.4,Inside box,Regular Play,Goal,1,Open Play,Right Foot,Half Volley,True,True,0.32189998
3913163,46740.0,Grace Clinton,Tottenham Hotspur Women,1,49,15,100.8,43.7,19.6,Outside box,Regular Play,Off T,0,Open Play,Right Foot,Normal,True,False,0.0837794
3913163,4638.0,Drew Spence,Tottenham Hotspur Women,2,51,26,112.7,22.4,19.1,Inside box,From Corner,Blocked,0,Open Play,Right Foot,Normal,True,False,0.012132331
3913163,46972.0,Luana Bühler,Tottenham Hotspur Women,2,52,37,112.4,35.5,8.8,Inside box,From Corner,Blocked,0,Open Play,Left Foot,Half Volley,False,False,0.107112706
3913163,4848.0,Ashleigh Neville,Tottenham Hotspur Women,2,52,38,114.9,40.7,5.1,Inside box,From Corner,Off T,0,Open Play,Left Foot,Half Volley,True,False,0.24334617
3913163,81580.0,Agnes Beever-Jones,Chelsea FCW,2,60,36,111.9,45.3,9.7,Inside box,From Free Kick,Off T,0,Open Play,Right Foot,Backheel,True,True,0.10745841
3913163,81580.0,Agnes Beever-Jones,Chelsea FCW,2,75,9,108.3,35.4,12.6,Inside box,From Corner,Off T,0,Open Play,Left Foot,Volley,True,False,0.08028793
3913163,4641.0,Francesca Kirby,Chelsea FCW,2,84,14,109.0,40.0,11.0,Inside box,From Free Kick,Off T,0,Open Play,Right Foot,Half Volley,True,False,0.16133784
3913163,46740.0,Grace Clinton,Tottenham Hotspur Women,2,87,5,97.5,51.6,25.3,Outside box,From Throw In,Off T,0,Open Play,Right Foot,Normal,False,False,0.036702495
3913163,4660.0,Erin Cuthbert,Chelsea FCW,2,88,34,99.1,47.1,22.1,Outside box,Regular Play,Blocked,0,Open Play,Left Foot,Normal,True,False,0.042246193
3913069,4961.0,Samantha May Kerr,Chelsea FCW,1,2,36,112.6,46.9,10.1,Inside box,From Corner,Wayward,0,Open Play,Head,Normal,False,True,0.063927405
3913069,15648.0,Melanie Leupolz,Chelsea FCW,1,5,41,90.8,41.8,29.3,Outside box,Regular Play,Saved,0,Open Play,Right Foot,Normal,False,True,0.024175856
3913069,46635.0,Emma Harries,West Ham United LFC,1,6,58,112.7,41.3,7.4,Inside box,From Free Kick,Wayward,0,Open Play,Right Foot,Half Volley,False,True,0.2860139
3913069,46635.0,Emma Harries,West Ham United LFC,1,8,4,105.1,28.4,18.9,Inside box,Regular Play,Off T,0,Open Play,Right Foot,Normal,False,False,0.03982808
3913069,15549.0,Sophie Louise Ingle,Chelsea FCW,1,11,54,105.1,40.9,14.9,Inside box,Regular Play,Blocked,0,Open Play,Right Foot,Normal,False,False,0.08823528
3913069,10179.0,Lisa Evans,West Ham United LFC,1,14,19,103.9,56.7,23.2,Inside box,Regular Play,Saved,0,Open Play,Right Foot,Normal,False,False,0.03955805
3913069,401930.0,Riko Ueki,West Ham United LFC,1,15,47,110.5,51.7,15.1,Inside box,From Counter,Off T,0,Open Play,Right Foot,Normal,True,False,0.04266305
3913069,31531.0,Lauren James,Chelsea FCW,1,19,17,103.4,36.3,17.0,Inside box,From Free Kick,Blocked,0,Open Play,Left Foot,Half Volley,True,False,0.08858056
3913069,401930.0,Riko Ueki,West Ham United LFC,1,23,42,108.9,27.2,16.9,Inside box,Regular Play,Blocked,0,Open Play,Left Foot,Normal,False,True,0.060522694
3913069,4642.0,Millie Bright,Chelsea FCW,1,25,33,111.1,39.7,8.9,Inside box,From Corner,Blocked,0,Open Play,Head,Normal,False,True,0.07437826
3913069,4961.0,Samantha May Kerr,Chelsea FCW,1,30,39,112.2,40.0,7.8,Inside box,Regular Play,Off T,0,Open Play,Head,Diving Header,False,False,0.3833249
3913069,4642.0,Millie Bright,Chelsea FCW,1,34,4,118.7,47.9,8.0,Inside box,From Free Kick,Off T,0,Open Play,Head,Normal,False,False,0.02420328
3913069,4961.0,Samantha May Kerr,Chelsea FCW,1,35,50,114.1,46.6,8.9,Inside box,Regular Play,Goal,1,Open Play,Head,Normal,False,False,0.119356014
3913069,370018.0,Shannon Cooke,West Ham United LFC,1,37,58,71.2,19.2,53.0,Outside box,Regular Play,Blocked,0,Open Play,Right Foot,Normal,False,True,0.0032438582
3913069,25834.0,Viviane Asseyi,West Ham United LFC,1,38,5,111.1,39.9,8.9,Inside box,From Counter,Off T,0,Open Play,Head,Normal,False,True,0.10844154
3913069,4961.0,Samantha May Kerr,Chelsea FCW,1,39,31,115.7,55.1,15.7,Inside box,From Goal Kick,Blocked,0,Open Play,Right Foot,Normal,True,False,0.011794799
3913069,4641.0,Francesca Kirby,Chelsea FCW,1,40,20,109.9,38.7,10.2,Inside box,From Throw In,Wayward,0,Open Play,Right Foot,Half Volley,True,True,0.141442
3913069,31531.0,Lauren James,Chelsea FCW,1,42,42,113.4,46.9,9.5,Inside box,From Throw In,Saved,0,Open Play,Right Foot,Normal,False,False,0.36960265
3913069,401930.0,Riko Ueki,West Ham United LFC,1,44,22,100.4,38.1,19.7,Outside box,From Goal Kick,Blocked,0,Open Play,Right Foot,Volley,False,True,0.037094045
3913069,401930.0,Riko Ueki,West Ham United LFC,2,48,53,113.7,49.5,11.4,Inside box,From Throw In,Blocked,0,Open Play,Right Foot,Normal,False,True,0.063326396
3913069,10196.0,Kirsty Smith,West Ham United LFC,2,49,57,101.3,56.1,24.7,Outside box,From Corner,Blocked,0,Open Play,Right Foot,Half Volley,False,False,0.017320551
3913069,10196.0,Kirsty Smith,West Ham United LFC,2,50,40,110.5,33.5,11.5,Inside box,From Corner,Saved,0,Open Play,Right Foot,Volley,True,True,0.062081933
3913069,131653.0,Honoka Hayashi,West Ham United LFC,2,54,55,109.6,36.2,11.1,Inside box,Regular Play,Blocked,0,Open Play,Right Foot,Normal,False,True,0.06339882
3913069,401930.0,Riko Ueki,West Ham United LFC,2,57,18,99.5,54.3,25.0,Outside box,Regular Play,Off T,0,Open Play,Right Foot,Normal,False,False,0.03533934
3913069,31531.0,Lauren James,Chelsea FCW,2,64,20,110.9,50.6,14.0,Inside box,From Corner,Off T,0,Open Play,Right Foot,Normal,True,True,0.14004296
3913069,47008.0,Sjoeke Nüsken,Chelsea FCW,2,66,36,102.7,39.1,17.3,Inside box,From Corner,Off T,0,Open Play,Left Foot,Volley,True,False,0.06869917
3913069,4660.0,Erin Cuthbert,Chelsea FCW,2,69,58,92.1,24.9,31.7,Outside box,From Free Kick,Saved,0,Free Kick,Right Foot,Normal,False,False,0.016148038
3913069,10395.0,Maren Nævdal Mjelde,Chelsea FCW,2,78,13,98.2,32.3,23.1,Outside box,From Free Kick,Blocked,0,Free Kick,Right Foot,Normal,False,False,0.09074399
3913069,4660.0,Erin Cuthbert,Chelsea FCW,2,78,39,92.7,33.1,28.2,Outside box,From Free Kick,Off T,0,Open Play,Right Foot,Normal,True,False,0.022535965
3913069,15648.0,Melanie Leupolz,Chelsea FCW,2,87,3,94.1,39.9,25.9,Outside box,From Counter,Saved,0,Open Play,Left Foot,Normal,False,False,0.051757623
3913069,4660.0,Erin Cuthbert,Chelsea FCW,2,89,58,111.4,39.0,8.7,Inside box,From Throw In,Goal,1,Open Play,Right Foot,Normal,False,False,0.5738215
3913069,81580.0,Agnes Beever-Jones,Chelsea FCW,2,92,15,96.9,22.6,28.9,Outside box,Regular Play,Saved,0,Open Play,Right Foot,Normal,False,False,0.01721389
3913069,4642.0,Millie Bright,Chelsea FCW,2,92,54,112.9,50.0,12.3,Inside box,From Corner,Blocked,0,Open Play,Right Foot,Backheel,True,True,0.043900196
3913111,31539.0,Leah Galton,Manchester United W,1,2,14,108.9,34.0,12.6,Inside box,From Free Kick,Post,0,Open Play,Left Foot,Normal,False,True,0.10081178
3913111,31534.0,Ella Toone,Manchester United W,1,2,19,111.1,42.3,9.2,Inside box,From Free Kick,Goal,1,Open Play,Right Foot,Half Volley,True,False,0.123802476
3913111,31614.0,Melvine Malard,Manchester United W,1,4,36,115.6,27.5,13.3,Inside box,From Throw In,Off T,0,Open Play,Left Foot,Normal,False,False,0.20225823
3913111,19687.0,Taylor Hinds,Liverpool WFC,1,9,20,107.0,23.6,20.9,Inside box,Regular Play,Blocked,0,Open Play,Right Foot,Normal,False,False,0.03518203
3913111,34232.0,Grace Fisk,Liverpool WFC,1,10,9,113.1,43.7,7.8,Inside box,From Corner,Blocked,0,Open Play,Head,Normal,False,True,0.07626205
3913111,19687.0,Taylor Hinds,Liverpool WFC,1,12,59,85.7,28.3,36.2,Outside box,Regular Play,Off T,0,Open Play,Right Foot,Normal,False,False,0.0074200765
3913111,24237.0,Missy Bo Kearns,Liverpool WFC,1,15,42,97.1,73.0,40.2,Outside box,Regular Play,Off T,0,Open Play,Right Foot,Normal,False,False,0.006987449
3913111,31534.0,Ella Toone,Manchester United W,1,19,34,111.6,46.3,10.5,Inside box,Regular Play,Off T,0,Open Play,Head,Normal,False,False,0.09991058
3913111,31614.0,Melvine Malard,Manchester United W,1,20,37,111.6,27.0,15.5,Inside box,From Counter,Off T,0,Open Play,Left Foot,Normal,False,True,0.0905048
3913111,31536.0,Millie Turner,Manchester United W,1,26,23,113.2,42.8,7.4,Inside box,From Corner,Post,0,Open Play,Head,Normal,False,True,0.096500866
3913111,32074.0,Jenna Clark,Liverpool WFC,1,28,50,109.4,44.1,11.4,Inside box,From Free Kick,Wayward,0,Open Play,Head,Normal,False,False,0.051365767
3913111,24237.0,Missy Bo Kearns,Liverpool WFC,1,38,26,114.1,41.9,6.2,Inside box,From Throw In,Saved,0,Open Play,Right Foot,Volley,True,False,0.21362948
3913111,4654.0,Nikita Parris,Manchester United W,1,44,12,104.9,41.3,15.2,Inside box,Regular Play,Wayward,0,Open Play,Head,Normal,False,False,0.032812312
3913111,322359.0,Ceri Holland,Liverpool WFC,2,60,45,112.9,30.6,11.8,Inside box,Regular Play,Blocked,0,Open Play,Left Foot,Normal,False,False,0.06909701
3913111,19687.0,Taylor Hinds,Liverpool WFC,2,67,44,116.4,39.9,3.6,Inside box,From Corner,Goal,1,Open Play,Right Foot,Volley,True,False,0.23260121
3913111,24706.0,Sophie Roman Haug,Liverpool WFC,2,70,27,108.1,36.7,12.3,Inside box,From Free Kick,Off T,0,Open Play,Head,Normal,False,False,0.08486189
3913111,31563.0,Rachel Williams,Manchester United W,2,74,14,114.4,35.2,7.4,Inside box,From Corner,Blocked,0,Open Play,Head,Normal,False,True,0.09118116
3913111,31536.0,Millie Turner,Manchester United W,2,76,13,111.2,36.1,9.6,Inside box,From Free Kick,Wayward,0,Open Play,Head,Normal,False,True,0.058225524
3913111,25543.0,Geyse da Silva Ferreira,Manchester United W,2,76,14,114.4,45.8,8.1,Inside box,From Free Kick,Off T,0,Open Play,Head,Normal,False,False,0.11466783
3913111,17275.0,Hannah Jayne Blundell,Manchester United W,2,87,28,108.2,32.1,14.2,Inside box,Regular Play,Saved,0,Open Play,Left Foot,Normal,True,False,0.20363636
3913111,18146.0,Leanne Kiernan,Liverpool WFC,2,101,13,115.5,36.0,6.0,Inside box,Regular Play,Saved,0,Open Play,Right Foot,Half Volley,True,False,0.5231762
3913079,11338.0,Caitlin Jade Foord,Arsenal WFC,1,3,31,114.9,24.5,16.3,Inside box,From Throw In,Post,0,Open Play,Right Foot,Normal,False,False,0.010625894
3913079,11338.0,Caitlin Jade Foord,Arsenal WFC,1,4,43,102.8,25.6,22.4,Inside box,From Throw In,Off T,0,Open Play,Right Foot,Normal,False,False,0.03408275
3913079,15620.0,Katie McCabe,Arsenal WFC,1,6,51,93.3,31.7,28.0,Outside box,From Corner,Goal,1,Open Play,Left Foot,Normal,False,False,0.02204926
3913079,15620.0,Katie McCabe,Arsenal WFC,1,12,23,104.5,52.4,19.8,Inside box,From Counter,Blocked,0,Open Play,Left Foot,Normal,True,False,0.042243905
3913079,49697.0,Carlotte Wubben-Moy,Arsenal WFC,1,13,3,116.1,44.5,6.0,Inside box,From Corner,Off T,0,Open Play,Head,Normal,False,True,0.15833583
3913079,11338.0,Caitlin Jade Foord,Arsenal WFC,1,14,27,104.8,25.2,21.2,Inside box,From Throw In,Saved,0,Open Play,Right Foot,Normal,False,False,0.041786987
3913079,15706.0,Rachel Furness,Bristol City WFC,1,15,53,110.5,39.0,9.6,Inside box,From Free Kick,Goal,1,Open Play,Head,Normal,False,True,0.10825147
3913079,47521.0,Alessia Russo,Arsenal WFC,1,23,38,99.3,48.7,22.5,Outside box,Regular Play,Off T,0,Open Play,Right Foot,Volley,True,False,0.034241993
3913079,15616.0,Kim Little,Arsenal WFC,1,28,15,99.5,38.5,20.6,Outside box,From Throw In,Blocked,0,Open Play,Left Foot,Normal,False,False,0.06566183
3913079,15620.0,Katie McCabe,Arsenal WFC,1,42,20,116.3,51.3,11.9,Inside box,Regular Play,Saved,0,Open Play,Right Foot,Normal,True,True,0.09044089
3913079,32694.0,Laia Codina Panedas,Arsenal WFC,1,43,32,109.2,36.9,11.2,Inside box,From Free Kick,Blocked,0,Open Play,Head,Normal,False,True,0.06823719
3913079,15616.0,Kim Little,Arsenal WFC,1,43,34,102.6,35.2,18.0,Inside box,From Free Kick,Blocked,0,Open Play,Right Foot,Normal,True,True,0.06361855
3913079,15616.0,Kim Little,Arsenal WFC,2,50,9,103.4,33.1,18.0,Inside box,From Throw In,Blocked,0,Open Play,Left Foot,Normal,False,False,0.06387276
3913079,63788.0,Victoria Pelova,Arsenal WFC,2,53,26,97.8,38.3,22.3,Outside box,Regular Play,Saved,0,Open Play,Left Foot,Normal,False,False,0.06184358
3913079,15620.0,Katie McCabe,Arsenal WFC,2,53,30,113.8,41.8,6.5,Inside box,From Counter,Blocked,0,Open Play,Left Foot,Half Volley,True,False,0.37740394
3913079,11338.0,Caitlin Jade Foord,Arsenal WFC,2,53,37,105.8,23.8,21.5,Inside box,Regular Play,Blocked,0,Open Play,Right Foot,Normal,True,False,0.03529926
3913079,15620.0,Katie McCabe,Arsenal WFC,2,57,47,94.8,55.5,29.6,Outside box,From Throw In,Saved,0,Open Play,Left Foot,Normal,False,False,0.02189514
3913079,15620.0,Katie McCabe,Arsenal WFC,2,58,24,105.5,40.9,14.5,Inside box,From Corner,Goal,1,Open Play,Right Foot,Half Volley,False,False,0.06584269
3913079,5000.0,Stephanie-Elise Catley,Arsenal WFC,2,67,6,99.7,48.4,22.0,Outside box,From Free Kick,Off T,0,Free Kick,Left Foot,Normal,False,False,0.085453235
3913079,10516.0,Frida Maanum,Arsenal WFC,2,69,29,107.4,33.1,14.4,Inside box,Regular Play,Blocked,0,Open Play,Right Foot,Half Volley,True,False,0.08505718
3913079,15619.0,Bethany Mead,Arsenal WFC,2,69,37,111.6,41.6,8.6,Inside box,Regular Play,Off T,0,Open Play,Head,Normal,False,True,0.15331088
3913079,10516.0,Frida Maanum,Arsenal WFC,2,74,5,116.8,28.3,12.1,Inside box,From Free Kick,Saved,0,Open Play,Right Foot,Normal,False,False,0.03188959
3913079,15619.0,Bethany Mead,Arsenal WFC,2,74,17,111.0,44.8,10.2,Inside box,From Free Kick,Saved,0,Open Play,Left Foot,Half Volley,True,True,0.1233962
3913079,10516.0,Frida Maanum,Arsenal WFC,2,84,10,101.7,56.3,24.5,Outside box,From Corner,Blocked,0,Open Play,Right Foot,Normal,True,False,0.023386061
3913079,10405.0,Lia Wälti,Arsenal WFC,2,93,26,100.0,30.6,22.1,Outside box,From Free Kick,Blocked,0,Open Play,Left Foot,Normal,False,False,0.043077853
3913079,11338.0,Caitlin Jade Foord,Arsenal WFC,2,97,39,115.4,32.5,8.8,Inside box,Regular Play,Blocked,0,Open Play,Left Foot,Normal,True,False,0.426941
3913101,11338.0,Caitlin Jade Foord,Arsenal WFC,1,1,33,110.4,32.5,12.2,Inside box,From Corner,Blocked,0,Open Play,Right Foot,Half Volley,True,False,0.0801112
3913101,10516.0,Frida Maanum,Arsenal WFC,1,1,40,100.5,60.1,28.0,Outside box,From Corner,Goal,1,Open Play,Right Foot,Normal,False,True,0.011073451
3913101,25624.0,Risa Shimizu,West Ham United LFC,1,3,40,92.9,49.9,28.9,Outside box,From Throw In,Saved,0,Open Play,Right Foot,Half Volley,True,False,0.018024715
3913101,25834.0,Viviane Asseyi,West Ham United LFC,1,4,21,111.6,44.4,9.5,Inside box,From Counter,Post,0,Open Play,Head,Normal,False,True,0.118427895
3913101,11338.0,Caitlin Jade Foord,Arsenal WFC,1,8,52,103.3,26.1,21.7,Inside box,Regular Play,Saved,0,Open Play,Right Foot,Normal,False,False,0.031466592
3913101,26092.0,Amanda Ilestedt,Arsenal WFC,1,9,29,112.5,41.7,7.7,Inside box,From Corner,Off T,0,Open Play,Head,Normal,False,True,0.08298154
3913101,401930.0,Riko Ueki,West Ham United LFC,1,12,17,112.4,29.6,12.9,Inside box,From Throw In,Wayward,0,Open Play,Head,Normal,False,True,0.02431034
3913101,47521.0,Alessia Russo,Arsenal WFC,1,12,40,99.0,26.6,24.9,Outside box,From Keeper,Saved,0,Open Play,Right Foot,Normal,False,True,0.027451761
3913101,15619.0,Bethany Mead,Arsenal WFC,1,17,15,104.9,50.8,18.6,Inside box,From Free Kick,Goal,1,Open Play,Left Foot,Normal,False,False,0.12140751
3913101,25834.0,Viviane Asseyi,West Ham United LFC,1,24,35,104.2,32.9,17.3,Inside box,From Free Kick,Blocked,0,Open Play,Right Foot,Volley,True,False,0.063664354
3913101,25834.0,Viviane Asseyi,West Ham United LFC,1,28,39,86.3,44.6,34.0,Outside box,From Free Kick,Off T,0,Free Kick,Right Foot,Normal,False,False,0.020912828
3913101,15619.0,Bethany Mead,Arsenal WFC,1,40,9,115.0,43.8,6.3,Inside box,Regular Play,Goal,1,Open Play,Right Foot,Half Volley,False,False,0.5406387
3913101,11338.0,Caitlin Jade Foord,Arsenal WFC,1,41,39,101.3,20.5,27.0,Outside box,Regular Play,Saved,0,Open Play,Right Foot,Normal,False,False,0.0128646735
3913101,25834.0,Viviane Asseyi,West Ham United LFC,2,45,58,98.3,27.0,25.3,Outside box,From Goal Kick,Post,0,Open Play,Right Foot,Normal,False,False,0.037305124
3913101,10516.0,Frida Maanum,Arsenal WFC,2,48,37,110.6,27.8,15.4,Inside box,From Throw In,Blocked,0,Open Play,Right Foot,Normal,False,False,0.07485158
3913101,131653.0,Honoka Hayashi,West Ham United LFC,2,66,48,103.4,33.3,17.9,Inside box,Regular Play,Blocked,0,Open Play,Left Foot,Normal,True,False,0.06473892
3913101,47521.0,Alessia Russo,Arsenal WFC,2,73,15,112.4,36.3,8.5,Inside box,Regular Play,Off T,0,Open Play,Head,Normal,False,False,0.18939771
3913101,10405.0,Lia Wälti,Arsenal WFC,2,79,23,93.6,29.0,28.6,Outside box,Regular Play,Off T,0,Open Play,Right Foot,Normal,False,False,0.02263526
3913101,401930.0,Riko Ueki,West Ham United LFC,2,85,21,105.3,58.1,23.3,Inside box,Regular Play,Blocked,0,Open Play,Right Foot,Normal,False,False,0.014781407
3913101,401930.0,Riko Ueki,West Ham United LFC,2,85,57,112.5,41.3,7.6,Inside box,From Corner,Blocked,0,Open Play,Head,Normal,False,True,0.08445884
3913101,31157.0,Hawa Cissoko,West Ham United LFC,2,85,58,116.3,39.8,3.7,Inside box,From Corner,Saved,0,Open Play,Left Foot,Backheel,True,False,0.19513744
3913101,15623.0,Vivianne Miedema,Arsenal WFC,2,87,47,110.3,41.6,9.8,Inside box,Regular Play,Off T,0,Open Play,Head,Normal,False,False,0.15057372
3913101,10179.0,Lisa Evans,West Ham United LFC,2,88,24,103.8,43.5,16.6,Inside box,From Goal Kick,Blocked,0,Open Play,Right Foot,Normal,False,False,0.11402215
3913101,337744.0,Isibeal Atkinson,West Ham United LFC,2,88,26,106.1,33.9,15.2,Inside box,From Goal Kick,Saved,0,Open Play,Right Foot,Normal,True,False,0.16030382
3913101,337744.0,Isibeal Atkinson,West Ham United LFC,2,88,27,105.7,36.1,14.8,Inside box,From Goal Kick,Off T,0,Open Play,Left Foot,Half Volley,True,False,0.09209546
3913101,15623.0,Vivianne Miedema,Arsenal WFC,2,92,57,111.9,33.3,10.5,Inside box,From Free Kick,Wayward,0,Open Play,Left Foot,Half Volley,True,False,0.0851299
3913101,15623.0,Vivianne Miedema,Arsenal WFC,2,93,30,111.1,55.3,17.7,Inside box,From Free Kick,Blocked,0,Open Play,Right Foot,Normal,True,False,0.026373334
3912597,31531.0,Lauren James,Chelsea FCW,1,4,47,92.7,44.1,27.6,Outside box,Regular Play,Saved,0,Open Play,Left Foot,Normal,False,True,0.032221284
3912597,19422.0,Jessica Carter,Chelsea FCW,1,5,30,116.1,44.3,5.8,Inside box,From Corner,Blocked,0,Open Play,Head,Normal,False,True,0.15764181
3912597,31558.0,Martha Thomas,Tottenham Hotspur Women,1,8,36,97.7,46.2,23.1,Outside box,Regular Play,Saved,0,Open Play,Right Foot,Normal,False,False,0.081377186
3912597,31531.0,Lauren James,Chelsea FCW,1,9,12,100.7,29.9,21.8,Outside box,From Keeper,Off T,0,Open Play,Right Foot,Normal,False,False,0.037867244
3912597,46740.0,Grace Clinton,Tottenham Hotspur Women,1,14,49,111.8,42.1,8.5,Inside box,From Free Kick,Blocked,0,Open Play,Right Foot,Volley,True,False,0.1004094
3912597,47008.0,Sjoeke Nüsken,Chelsea FCW,1,23,8,110.4,41.4,9.7,Inside box,From Corner,Saved,0,Open Play,Head,Normal,False,True,0.05129522
3912597,361311.0,Mia Renee Fishel,Chelsea FCW,1,27,51,110.9,36.9,9.6,Inside box,From Throw In,Goal,1,Open Play,Head,Normal,False,False,0.0847477
3912597,31558.0,Martha Thomas,Tottenham Hotspur Women,1,32,24,98.5,34.6,22.2,Outside box,Regular Play,Saved,0,Open Play,Right Foot,Normal,False,False,0.051395692
3912597,10395.0,Maren Nævdal Mjelde,Chelsea FCW,1,35,12,101.6,23.0,25.1,Outside box,From Corner,Saved,0,Open Play,Right Foot,Normal,True,False,0.025975622
3912597,31531.0,Lauren James,Chelsea FCW,1,39,32,108.9,26.0,17.9,Inside box,From Counter,Off T,0,Open Play,Left Foot,Normal,False,True,0.0640568
3912597,31558.0,Martha Thomas,Tottenham Hotspur Women,1,47,36,106.7,49.0,16.1,Inside box,From Counter,Saved,0,Open Play,Right Foot,Normal,True,False,0.33189872
3912597,31558.0,Martha Thomas,Tottenham Hotspur Women,1,47,38,118.9,48.5,8.6,Inside box,From Counter,Blocked,0,Open Play,Head,Normal,False,False,0.020508671
3912597,31531.0,Lauren James,Chelsea FCW,2,46,1,102.7,40.0,17.3,Inside box,From Throw In,Off T,0,Open Play,Right Foot,Half Volley,True,True,0.043138
3912597,15631.0,Niamh Charles,Chelsea FCW,2,46,54,113.1,24.3,17.1,Inside box,Regular Play,Saved,0,Open Play,Right Foot,Normal,False,False,0.015427434
3912597,31531.0,Lauren James,Chelsea FCW,2,48,38,107.2,31.2,15.5,Inside box,From Throw In,Post,0,Open Play,Right Foot,Normal,True,False,0.080290616
3912597,10514.0,Guro Reiten,Chelsea FCW,2,50,11,113.1,34.5,8.8,Inside box,Regular Play,Saved,0,Open Play,Left Foot,Normal,False,False,0.4529887
3912597,361311.0,Mia Renee Fishel,Chelsea FCW,2,50,31,113.4,54.5,15.9,Inside box,Regular Play,Saved,0,Open Play,Right Foot,Normal,False,True,0.025309952
3912597,62710.0,Johanna Rytting-Kaneryd,Chelsea FCW,2,50,33,113.4,47.2,9.8,Inside box,Regular Play,Wayward,0,Open Play,Head,Normal,False,True,0.15999769
3912597,10514.0,Guro Reiten,Chelsea FCW,2,50,35,115.0,40.6,5.0,Inside box,Regular Play,Blocked,0,Open Play,Right Foot,Half Volley,True,True,0.1694402
3912597,31531.0,Lauren James,Chelsea FCW,2,50,44,116.0,40.3,4.0,Inside box,Regular Play,Goal,1,Open Play,Right Foot,Volley,True,True,0.4481775
3912597,46740.0,Grace Clinton,Tottenham Hotspur Women,2,55,4,93.1,26.3,30.2,Outside box,Regular Play,Saved,0,Open Play,Right Foot,Normal,False,False,0.018877916
3912597,4848.0,Ashleigh Neville,Tottenham Hotspur Women,2,55,11,107.2,35.0,13.7,Inside box,Regular Play,Saved,0,Open Play,Right Foot,Half Volley,False,True,0.07520317
3912597,31531.0,Lauren James,Chelsea FCW,2,56,4,105.7,44.4,15.0,Inside box,From Keeper,Saved,0,Open Play,Right Foot,Normal,True,True,0.13984331
3912597,361311.0,Mia Renee Fishel,Chelsea FCW,2,60,5,112.6,36.1,8.4,Inside box,From Free Kick,Blocked,0,Open Play,Head,Normal,False,True,0.08974092
3912597,15648.0,Melanie Leupolz,Chelsea FCW,2,60,8,105.1,26.3,20.2,Inside box,From Free Kick,Off T,0,Open Play,Left Foot,Half Volley,True,True,0.029979732
3912597,31531.0,Lauren James,Chelsea FCW,2,63,54,101.1,54.0,23.5,Outside box,Regular Play,Blocked,0,Open Play,Left Foot,Normal,False,False,0.03212941
3912597,31558.0,Martha Thomas,Tottenham Hotspur Women,2,68,44,108.7,39.0,11.3,Inside box,Regular Play,Post,0,Open Play,Left Foot,Normal,False,False,0.12421259
3912597,46740.0,Grace Clinton,Tottenham Hotspur Women,2,69,52,91.8,35.4,28.6,Outside box,Regular Play,Saved,0,Open Play,Right Foot,Normal,False,False,0.041718848
3912597,61467.0,Jessica Naz,Tottenham Hotspur Women,2,71,5,101.7,29.0,21.4,Outside box,From Throw In,Blocked,0,Open Play,Right Foot,Normal,False,True,0.02325257
3912597,46740.0,Grace Clinton,Tottenham Hotspur Women,2,75,25,99.9,49.2,22.1,Outside box,Regular Play,Saved,0,Open Play,Left Foot,Normal,False,False,0.059414845
3912597,31558.0,Martha Thomas,Tottenham Hotspur Women,2,75,27,115.9,38.4,4.4,Inside box,Regular Play,Goal,1,Open Play,Left Foot,Normal,True,False,0.67593986
3912597,31558.0,Martha Thomas,Tottenham Hotspur Women,2,80,10,106.8,22.3,22.1,Inside box,From Counter,Off T,0,Open Play,Right Foot,Half Volley,False,True,0.013126817
3912597,61467.0,Jessica Naz,Tottenham Hotspur Women,2,81,9,108.9,33.0,13.1,Inside box,From Throw In,Saved,0,Open Play,Right Foot,Half Volley,False,False,0.13571262
3912597,15577.0,Angharad James,Tottenham Hotspur Women,2,81,52,99.9,46.8,21.2,Outside box,From Corner,Saved,0,Open Play,Right Foot,Normal,True,False,0.046714235
3912597,15648.0,Melanie Leupolz,Chelsea FCW,2,85,20,110.0,33.1,12.1,Inside box,From Throw In,Off T,0,Open Play,Right Foot,Volley,True,True,0.078286834
3912597,361311.0,Mia Renee Fishel,Chelsea FCW,2,89,36,101.2,40.3,18.8,Outside box,Regular Play,Off T,0,Open Play,Right Foot,Normal,True,True,0.06399041
3913187,53188.0,Mayra Tatiana Ramírez Ramírez,Chelsea FCW,1,1,32,116.2,43.4,5.1,Inside box,Regular Play,Goal,1,Open Play,Head,Normal,False,False,0.24987316
3913187,62710.0,Johanna Rytting-Kaneryd,Chelsea FCW,1,7,33,108.5,46.9,13.4,Inside box,From Counter,Goal,1,Open Play,Right Foot,Normal,False,True,0.26572162
3913187,22337.0,Maya Le Tissier,Manchester United W,1,18,45,114.2,47.2,9.2,Inside box,From Corner,Post,0,Open Play,Head,Normal,False,True,0.06495361
3913187,31563.0,Rachel Williams,Manchester United W,1,25,59,109.5,41.2,10.6,Inside box,Regular Play,Wayward,0,Open Play,Head,Normal,False,True,0.08705756
3913187,4660.0,Erin Cuthbert,Chelsea FCW,1,34,19,96.4,51.2,26.1,Outside box,From Throw In,Blocked,0,Open Play,Right Foot,Half Volley,False,False,0.021082977
3913187,47008.0,Sjoeke Nüsken,Chelsea FCW,1,43,14,115.4,36.8,5.6,Inside box,From Throw In,Goal,1,Open Play,Right Foot,Normal,True,False,0.8899241
3913187,53188.0,Mayra Tatiana Ramírez Ramírez,Chelsea FCW,1,46,34,114.3,50.8,12.2,Inside box,Regular Play,Goal,1,Open Play,Right Foot,Normal,False,False,0.17575811
3913187,62710.0,Johanna Rytting-Kaneryd,Chelsea FCW,2,46,22,111.3,41.1,8.8,Inside box,Regular Play,Saved,0,Open Play,Right Foot,Normal,False,False,0.56971556
3913187,15648.0,Melanie Leupolz,Chelsea FCW,2,46,29,110.9,37.5,9.4,Inside box,Regular Play,Goal,1,Open Play,Right Foot,Half Volley,True,False,0.30497122
3913187,10514.0,Guro Reiten,Chelsea FCW,2,54,47,93.1,45.1,27.4,Outside box,From Free Kick,Blocked,0,Free Kick,Left Foot,Normal,False,False,0.060208634
3913187,4660.0,Erin Cuthbert,Chelsea FCW,2,59,10,100.2,32.1,21.3,Outside box,From Free Kick,Off T,0,Free Kick,Right Foot,Normal,False,False,0.10348351
3913187,10514.0,Guro Reiten,Chelsea FCW,2,67,33,99.6,36.5,20.7,Outside box,From Free Kick,Blocked,0,Free Kick,Left Foot,Normal,False,False,0.11370491
3913187,4641.0,Francesca Kirby,Chelsea FCW,2,84,22,109.6,31.9,13.2,Inside box,From Goal Kick,Goal,1,Open Play,Right Foot,Normal,False,False,0.39510095
3913187,25543.0,Geyse da Silva Ferreira,Manchester United W,2,86,3,114.1,58.2,19.1,Inside box,From Kick Off,Blocked,0,Open Play,Right Foot,Normal,False,True,0.008430219
3913187,25513.0,Lucía García Córdoba,Manchester United W,2,87,12,113.1,32.6,10.1,Inside box,From Corner,Off T,0,Open Play,Right Foot,Half Volley,False,False,0.20504485
3913187,81580.0,Agnes Beever-Jones,Chelsea FCW,2,91,8,114.1,35.3,7.5,Inside box,From Corner,Saved,0,Open Play,Head,Normal,False,False,0.13215251
3913187,81580.0,Agnes Beever-Jones,Chelsea FCW,2,94,27,116.9,51.8,12.2,Inside box,From Counter,Saved,0,Open Play,Right Foot,Normal,False,False,0.020183664
3913070,322359.0,Ceri Holland,Liverpool WFC,1,5,56,105.3,28.1,18.9,Inside box,From Free Kick,Saved to Post,0,Open Play,Left Foot,Normal,False,False,0.10275973
3913070,24706.0,Sophie Roman Haug,Liverpool WFC,1,5,59,116.7,46.4,7.2,Inside box,From Free Kick,Off T,0,Open Play,Right Foot,Half Volley,True,False,0.29142326
3913070,34232.0,Grace Fisk,Liverpool WFC,1,10,41,110.8,44.3,10.2,Inside box,From Free Kick,Off T,0,Open Play,Right Foot,Volley,True,True,0.07934176
3913070,10274.0,Nicoline Sørensen,Everton LFC,1,13,58,93.9,24.3,30.5,Outside box,Regular Play,Blocked,0,Open Play,Right Foot,Normal,False,False,0.016942505
3913070,46738.0,Emma Bissell,Everton LFC,1,14,51,89.2,41.8,30.9,Outside box,Regular Play,Blocked,0,Open Play,Right Foot,Normal,False,False,0.018533459
3913070,10274.0,Nicoline Sørensen,Everton LFC,1,30,14,112.5,54.0,15.9,Inside box,From Throw In,Blocked,0,Open Play,Left Foot,Normal,False,False,0.054837815
3913070,18254.0,Megan Finnigan,Everton LFC,1,30,58,115.0,35.8,6.5,Inside box,From Corner,Goal,1,Open Play,Head,Normal,False,False,0.17650793
3913070,15554.0,Gemma Bonner,Liverpool WFC,1,43,5,116.1,31.3,9.5,Inside box,From Corner,Blocked,0,Open Play,Right Foot,Volley,True,True,0.0738407
3913070,322359.0,Ceri Holland,Liverpool WFC,1,43,8,105.0,49.0,17.5,Inside box,From Corner,Blocked,0,Open Play,Right Foot,Normal,True,False,0.09105125
3913070,15554.0,Gemma Bonner,Liverpool WFC,1,43,9,115.1,31.6,9.7,Inside box,From Corner,Blocked,0,Open Play,Right Foot,Volley,True,False,0.088030435
3913070,46738.0,Emma Bissell,Everton LFC,1,46,48,102.7,37.6,17.5,Inside box,Regular Play,Blocked,0,Open Play,Right Foot,Normal,False,True,0.041437358
3913070,46974.0,Marie Therese Höbinger,Liverpool WFC,1,49,17,98.9,48.7,22.8,Outside box,From Throw In,Saved,0,Open Play,Right Foot,Normal,True,False,0.03569776
3913070,63308.0,Justine Vanhaevermaet,Everton LFC,2,54,50,114.7,37.5,5.9,Inside box,From Corner,Off T,0,Open Play,Head,Normal,False,False,0.14908102
3913070,24237.0,Missy Bo Kearns,Liverpool WFC,2,58,22,100.0,26.3,24.2,Outside box,From Throw In,Off T,0,Open Play,Right Foot,Half Volley,True,False,0.04058746
3913070,10225.0,Aurora Galli,Everton LFC,2,61,34,94.5,58.6,31.6,Outside box,Regular Play,Blocked,0,Open Play,Right Foot,Normal,False,True,0.008840697
3913070,329372.0,Mia Enderby,Liverpool WFC,2,69,53,103.9,52.9,20.6,Inside box,Regular Play,Saved,0,Open Play,Left Foot,Normal,False,False,0.03997127
3913070,32074.0,Jenna Clark,Liverpool WFC,2,81,16,111.7,42.0,8.5,Inside box,From Corner,Off T,0,Open Play,Head,Normal,False,True,0.06767661
3913070,46459.0,Katja Snoeijs,Everton LFC,2,82,0,109.3,24.5,18.8,Inside box,From Goal Kick,Saved,0,Open Play,Left Foot,Normal,False,True,0.05510725
3913070,46459.0,Katja Snoeijs,Everton LFC,2,83,20,105.0,48.2,17.1,Inside box,From Corner,Post,0,Open Play,Left Foot,Normal,False,False,0.10462582
3913070,338059.0,Clare Wheeler,Everton LFC,2,87,3,100.8,25.7,23.9,Outside box,Regular Play,Off T,0,Open Play,Right Foot,Normal,False,False,0.038156357
3913070,32222.0,Sofie Lundgaard,Liverpool WFC,2,88,40,101.9,37.5,18.3,Outside box,From Free Kick,Blocked,0,Open Play,Right Foot,Volley,True,False,0.05691717
3913070,135758.0,Natasha Jane Flint,Liverpool WFC,2,88,42,107.9,30.8,15.2,Inside box,From Free Kick,Off T,0,Open Play,Left Foot,Half Volley,True,True,0.06878955
3913070,32222.0,Sofie Lundgaard,Liverpool WFC,2,89,55,111.8,38.6,8.3,Inside box,Regular Play,Off T,0,Open Play,Right Foot,Volley,True,True,0.12283166
3913070,15547.0,Melissa Lawley,Liverpool WFC,2,92,7,105.1,24.1,21.8,Inside box,Regular Play,Off T,0,Open Play,Left Foot,Volley,True,False,0.02769051
3913070,135758.0,Natasha Jane Flint,Liverpool WFC,2,94,26,104.1,22.4,23.7,Inside box,From Throw In,Off T,0,Open Play,Left Foot,Normal,True,False,0.0294719
3913070,34232.0,Grace Fisk,Liverpool WFC,2,97,18,112.2,45.6,9.6,Inside box,From Corner,Off T,0,Open Play,Head,Normal,False,False,0.070754856
3913108,19687.0,Taylor Hinds,Liverpool WFC,1,4,45,91.1,24.2,32.9,Outside box,From Keeper,Off T,0,Open Play,Right Foot,Normal,True,False,0.00777171
3913108,10648.0,Shanice van de Sanden,Liverpool WFC,1,5,40,100.1,45.2,20.6,Outside box,Regular Play,Blocked,0,Open Play,Left Foot,Normal,False,False,0.04557607
3913108,24706.0,Sophie Roman Haug,Liverpool WFC,1,25,46,115.1,32.0,9.4,Inside box,From Keeper,Blocked,0,Open Play,Left Foot,Normal,False,False,0.058586285
3913108,46741.0,Naomi Layzell,Bristol City WFC,1,28,9,114.4,51.3,12.6,Inside box,From Corner,Off T,0,Open Play,Right Foot,Half Volley,True,False,0.03169618
3913108,15788.0,Amalie Grønbak Thestrup,Bristol City WFC,1,30,45,98.8,25.3,25.8,Outside box,From Throw In,Saved,0,Open Play,Right Foot,Half Volley,True,False,0.018594947
3913108,32074.0,Jenna Clark,Liverpool WFC,1,37,40,103.3,42.0,16.8,Inside box,From Free Kick,Off T,0,Open Play,Head,Normal,False,True,0.02347886
3913108,24706.0,Sophie Roman Haug,Liverpool WFC,1,41,22,107.6,44.0,13.0,Inside box,Regular Play,Saved,0,Open Play,Head,Normal,False,True,0.042392444
3913108,23412.0,Abigail Harrison,Bristol City WFC,2,49,9,112.9,50.9,13.0,Inside box,From Throw In,Blocked,0,Open Play,Right Foot,Volley,True,False,0.03203576
3913108,46741.0,Naomi Layzell,Bristol City WFC,2,49,45,108.3,41.2,11.8,Inside box,From Corner,Blocked,0,Open Play,Left Foot,Half Volley,True,False,0.09359029
3913108,23412.0,Abigail Harrison,Bristol City WFC,2,49,56,107.8,49.4,15.4,Inside box,From Corner,Wayward,0,Open Play,Right Foot,Half Volley,True,False,0.06433173
3913108,15788.0,Amalie Grønbak Thestrup,Bristol City WFC,2,49,57,114.7,38.7,5.5,Inside box,From Corner,Goal,1,Open Play,Right Foot,Backheel,True,False,0.36624408
3913108,19417.0,Amy Rodgers,Bristol City WFC,2,53,38,98.3,34.5,22.4,Outside box,From Throw In,Blocked,0,Open Play,Right Foot,Normal,False,True,0.025658587
3913108,10648.0,Shanice van de Sanden,Liverpool WFC,2,55,33,102.0,44.4,18.5,Inside box,Regular Play,Off T,0,Open Play,Right Foot,Half Volley,True,False,0.054976396
3913108,24706.0,Sophie Roman Haug,Liverpool WFC,2,56,7,116.8,38.7,3.5,Inside box,Regular Play,Goal,1,Open Play,Head,Normal,False,False,0.36616763
3913108,32074.0,Jenna Clark,Liverpool WFC,2,61,28,113.8,40.7,6.2,Inside box,From Corner,Blocked,0,Open Play,Head,Normal,False,True,0.114945136
3913108,32074.0,Jenna Clark,Liverpool WFC,2,61,59,113.5,40.9,6.6,Inside box,From Corner,Off T,0,Open Play,Head,Normal,False,True,0.10233493
3913108,23412.0,Abigail Harrison,Bristol City WFC,2,66,34,113.9,45.0,7.9,Inside box,From Throw In,Saved,0,Open Play,Right Foot,Half Volley,True,False,0.32392564
3913108,326618.0,Chloe Mustaki,Bristol City WFC,2,67,18,109.6,41.5,10.5,Inside box,From Corner,Blocked,0,Open Play,Left Foot,Backheel,True,False,0.04759753
3913108,345061.0,Mari Ward,Bristol City WFC,2,87,7,110.6,23.8,18.7,Inside box,Regular Play,Off T,0,Open Play,Left Foot,Normal,False,False,0.029215839
3913108,24237.0,Missy Bo Kearns,Liverpool WFC,2,94,12,93.4,27.2,29.5,Outside box,From Corner,Saved,0,Open Play,Right Foot,Normal,False,True,0.014745092
3913108,15554.0,Gemma Bonner,Liverpool WFC,2,94,41,116.9,48.0,8.6,Inside box,From Corner,Blocked,0,Open Play,Right Foot,Volley,True,True,0.08431685
3913118,32227.0,Emma Snerle,West Ham United LFC,1,1,4,91.4,39.0,28.6,Outside box,Regular Play,Blocked,0,Open Play,Right Foot,Normal,False,False,0.03181671
3913118,229194.0,Olga Ahtinen,Tottenham Hotspur Women,1,2,38,101.1,35.4,19.5,Outside box,From Free Kick,Blocked,0,Open Play,Left Foot,Normal,False,True,0.056429148
3913118,46740.0,Grace Clinton,Tottenham Hotspur Women,1,5,38,102.5,35.6,18.0,Inside box,From Throw In,Goal,1,Open Play,Left Foot,Normal,False,False,0.067266956
3913118,401930.0,Riko Ueki,West Ham United LFC,1,9,8,98.5,34.7,22.1,Outside box,From Throw In,Blocked,0,Open Play,Left Foot,Normal,False,True,0.048769023
3913118,25834.0,Viviane Asseyi,West Ham United LFC,1,9,45,115.8,37.2,5.0,Inside box,From Corner,Off T,0,Open Play,Head,Normal,False,True,0.27396852
3913118,15550.0,Bethany England,Tottenham Hotspur Women,1,15,57,101.6,47.7,19.9,Outside box,Regular Play,Saved,0,Open Play,Left Foot,Normal,False,False,0.08204869
3913118,46740.0,Grace Clinton,Tottenham Hotspur Women,1,24,28,97.3,27.7,25.8,Outside box,Regular Play,Saved,0,Open Play,Left Foot,Normal,False,False,0.03481884
3913118,25834.0,Viviane Asseyi,West Ham United LFC,1,25,16,98.5,28.9,24.2,Outside box,From Keeper,Saved,0,Open Play,Right Foot,Normal,False,False,0.03242985
3913118,25834.0,Viviane Asseyi,West Ham United LFC,1,34,31,112.9,31.4,11.2,Inside box,From Throw In,Blocked,0,Open Play,Right Foot,Normal,True,True,0.06341212
3913118,25624.0,Risa Shimizu,West Ham United LFC,1,34,32,112.7,34.8,9.0,Inside box,From Throw In,Goal,1,Open Play,Right Foot,Normal,True,False,0.21160774
3913118,4979.0,Katrina Gorry,West Ham United LFC,1,36,19,91.4,36.5,28.8,Outside box,Regular Play,Saved,0,Open Play,Right Foot,Normal,False,False,0.028256807
3913118,15550.0,Bethany England,Tottenham Hotspur Women,1,39,14,111.6,41.6,8.6,Inside box,Regular Play,Off T,0,Open Play,Head,Normal,False,True,0.07920012
3913118,31558.0,Martha Thomas,Tottenham Hotspur Women,1,40,1,104.3,26.1,21.0,Inside box,From Counter,Saved,0,Open Play,Left Foot,Normal,True,False,0.05233315
3913118,87194.0,Celin Bizet Ildhusøy,Tottenham Hotspur Women,1,42,16,107.6,44.2,13.1,Inside box,From Throw In,Goal,1,Open Play,Right Foot,Normal,True,True,0.25984344
3913118,15550.0,Bethany England,Tottenham Hotspur Women,1,48,2,112.9,41.5,7.3,Inside box,From Corner,Off T,0,Open Play,Right Foot,Volley,True,False,0.36091113
3913118,87194.0,Celin Bizet Ildhusøy,Tottenham Hotspur Women,2,46,27,116.2,49.5,10.2,Inside box,Regular Play,Saved,0,Open Play,Right Foot,Normal,True,False,0.16110104
3913118,46740.0,Grace Clinton,Tottenham Hotspur Women,2,47,10,97.1,43.7,23.2,Outside box,From Corner,Goal,1,Open Play,Right Foot,Normal,True,False,0.037014574
3913118,25834.0,Viviane Asseyi,West Ham United LFC,2,51,53,109.9,50.0,14.2,Inside box,From Throw In,Wayward,0,Open Play,Right Foot,Normal,False,False,0.04176929
3913118,229194.0,Olga Ahtinen,Tottenham Hotspur Women,2,57,39,90.0,35.7,30.3,Outside box,Regular Play,Blocked,0,Open Play,Right Foot,Normal,False,False,0.017620644
3913118,25834.0,Viviane Asseyi,West Ham United LFC,2,61,53,119.2,40.9,1.2,Inside box,From Throw In,Goal,1,Open Play,Right Foot,Volley,True,True,0.91494006
3913118,31936.0,Kristie Mewis,West Ham United LFC,2,65,29,101.2,50.1,21.3,Outside box,From Throw In,Blocked,0,Open Play,Right Foot,Normal,False,False,0.03661619
3913118,276907.0,Amber Tysiak,West Ham United LFC,2,69,52,108.5,42.6,11.8,Inside box,From Free Kick,Goal,1,Open Play,Head,Normal,False,True,0.041136205
3913118,322322.0,Jessica Ziu,West Ham United LFC,2,70,55,106.8,48.4,15.6,Inside box,Regular Play,Wayward,0,Open Play,Left Foot,Half Volley,True,True,0.13148502
3913118,46740.0,Grace Clinton,Tottenham Hotspur Women,2,71,43,104.3,35.2,16.4,Inside box,From Keeper,Blocked,0,Open Play,Right Foot,Half Volley,True,False,0.06312408
3913118,46533.0,Ramona Petzelberger,Tottenham Hotspur Women,2,72,23,103.2,39.0,16.8,Inside box,From Corner,Blocked,0,Open Play,Left Foot,Half Volley,True,True,0.060902975
3913118,46740.0,Grace Clinton,Tottenham Hotspur Women,2,72,26,94.2,46.0,26.5,Outside box,From Corner,Off T,0,Open Play,Right Foot,Normal,True,False,0.026106473
3913118,15550.0,Bethany England,Tottenham Hotspur Women,2,74,26,110.5,36.0,10.3,Inside box,From Throw In,Blocked,0,Open Play,Left Foot,Normal,True,False,0.107145205
3913118,61467.0,Jessica Naz,Tottenham Hotspur Women,2,74,28,102.9,33.8,18.2,Inside box,From Throw In,Goal,1,Open Play,Right Foot,Normal,True,False,0.120652705
3913118,4979.0,Katrina Gorry,West Ham United LFC,2,77,55,97.3,43.3,22.9,Outside box,Regular Play,Post,0,Open Play,Right Foot,Normal,False,False,0.04686567
3913118,31936.0,Kristie Mewis,West Ham United LFC,2,84,30,91.6,43.2,28.6,Outside box,From Free Kick,Off T,0,Free Kick,Left Foot,Normal,False,False,0.050276518
3913118,401930.0,Riko Ueki,West Ham United LFC,2,87,37,102.7,23.7,23.8,Inside box,From Counter,Blocked,0,Open Play,Right Foot,Normal,False,True,0.029571408
3913118,4979.0,Katrina Gorry,West Ham United LFC,2,89,40,100.9,41.9,19.2,Outside box,From Corner,Wayward,0,Open Play,Right Foot,Volley,False,False,0.04860712
3913137,24706.0,Sophie Roman Haug,Liverpool WFC,1,0,38,113.8,39.6,6.2,Inside box,From Corner,Saved,0,Open Play,Head,Normal,False,True,0.17434974
3913137,17274.0,Poppy Pattinson,Brighton & Hove Albion WFC,1,1,16,97.7,33.6,23.2,Outside box,From Keeper,Blocked,0,Open Play,Left Foot,Normal,False,False,0.034519542
3913137,24706.0,Sophie Roman Haug,Liverpool WFC,1,6,7,114.2,38.0,6.1,Inside box,From Corner,Off T,0,Open Play,Head,Normal,False,True,0.13854162
3913137,46974.0,Marie Therese Höbinger,Liverpool WFC,1,8,13,94.3,42.5,25.8,Outside box,From Free Kick,Blocked,0,Free Kick,Right Foot,Normal,False,False,0.065071784
3913137,276301.0,Elisabeth Terland,Brighton & Hove Albion WFC,1,11,48,91.1,45.3,29.4,Outside box,From Corner,Off T,0,Open Play,Right Foot,Normal,False,False,0.025155563
3913137,46974.0,Marie Therese Höbinger,Liverpool WFC,1,15,8,111.7,36.9,8.9,Inside box,Regular Play,Blocked,0,Open Play,Left Foot,Volley,True,False,0.21965104
3913137,24706.0,Sophie Roman Haug,Liverpool WFC,1,35,22,111.8,39.7,8.2,Inside box,From Throw In,Saved,0,Open Play,Head,Normal,False,True,0.116386846
3913137,24706.0,Sophie Roman Haug,Liverpool WFC,1,44,28,115.6,41.0,4.5,Inside box,From Corner,Off T,0,Open Play,Head,Normal,False,True,0.15184288
3913137,105102.0,Veatriki Sarri,Brighton & Hove Albion WFC,1,45,26,106.1,27.9,18.4,Inside box,From Throw In,Blocked,0,Open Play,Left Foot,Normal,False,False,0.043977864
3913137,17274.0,Poppy Pattinson,Brighton & Hove Albion WFC,1,45,28,113.1,24.0,17.4,Inside box,From Throw In,Post,0,Open Play,Left Foot,Normal,True,False,0.016966578
3913137,10167.0,Tatiana Vanessa Ferreira Pinto,Brighton & Hove Albion WFC,1,46,56,116.5,58.6,18.9,Inside box,From Corner,Saved,0,Open Play,Right Foot,Normal,True,False,0.0106713725
3913137,46974.0,Marie Therese Höbinger,Liverpool WFC,2,45,59,97.1,44.1,23.3,Outside box,Regular Play,Saved,0,Open Play,Right Foot,Normal,True,False,0.040946703
3913137,322359.0,Ceri Holland,Liverpool WFC,2,52,6,105.3,37.1,15.0,Inside box,Other,Goal,1,Open Play,Right Foot,Normal,False,False,0.23379387
3913137,276301.0,Elisabeth Terland,Brighton & Hove Albion WFC,2,68,34,107.7,42.6,12.6,Inside box,From Free Kick,Wayward,0,Open Play,Head,Normal,False,True,0.054776046
3913137,276301.0,Elisabeth Terland,Brighton & Hove Albion WFC,2,71,36,107.4,55.6,20.1,Inside box,From Counter,Off T,0,Open Play,Right Foot,Normal,True,False,0.052195072
3913137,26094.0,Julia Zigiotti-Olme,Brighton & Hove Albion WFC,2,82,10,95.3,25.8,28.5,Outside box,Regular Play,Saved,0,Open Play,Right Foot,Normal,False,False,0.0218165
3913137,20725.0,Pauline Bremer,Brighton & Hove Albion WFC,2,86,5,114.3,49.6,11.2,Inside box,From Corner,Blocked,0,Open Play,Right Foot,Volley,True,False,0.041772526
3913137,32403.0,Emma Wilhelmina Koivisto,Liverpool WFC,2,90,24,115.1,43.4,6.0,Inside box,Regular Play,Off T,0,Open Play,Right Foot,Half Volley,True,False,0.3575135
3913137,17274.0,Poppy Pattinson,Brighton & Hove Albion WFC,2,93,39,94.1,54.5,29.7,Outside box,From Free Kick,Saved,0,Free Kick,Left Foot,Normal,False,False,0.0368445
3913127,5058.0,Rachel Daly,Aston Villa W,1,3,8,110.8,42.9,9.6,Inside box,Regular Play,Off T,0,Open Play,Left Foot,Volley,True,True,0.121221274
3913127,4654.0,Nikita Parris,Manchester United W,1,6,57,108.5,33.7,13.1,Inside box,From Throw In,Goal,1,Open Play,Head,Normal,False,False,0.073005535
3913127,17275.0,Hannah Jayne Blundell,Manchester United W,1,13,6,104.9,26.7,20.1,Inside box,Regular Play,Saved,0,Open Play,Right Foot,Normal,False,False,0.039372496
3913127,31534.0,Ella Toone,Manchester United W,1,17,11,106.9,43.9,13.7,Inside box,From Free Kick,Off T,0,Open Play,Right Foot,Normal,True,False,0.11761647
3913127,25513.0,Lucía García Córdoba,Manchester United W,1,32,3,102.7,25.4,22.6,Inside box,Regular Play,Saved to Post,0,Open Play,Right Foot,Normal,False,True,0.035328783
3913127,4654.0,Nikita Parris,Manchester United W,1,32,6,113.7,47.2,9.6,Inside box,Regular Play,Goal,1,Open Play,Right Foot,Half Volley,True,False,0.14939176
3913127,25513.0,Lucía García Córdoba,Manchester United W,1,34,26,101.7,36.9,18.6,Outside box,From Throw In,Blocked,0,Open Play,Right Foot,Normal,False,False,0.058176216
3913127,4654.0,Nikita Parris,Manchester United W,1,34,49,109.6,39.9,10.4,Inside box,From Throw In,Saved,0,Open Play,Head,Normal,False,True,0.21281144
3913127,25543.0,Geyse da Silva Ferreira,Manchester United W,1,36,48,114.1,52.7,14.0,Inside box,Regular Play,Saved,0,Open Play,Right Foot,Normal,True,False,0.07261579
3913127,31534.0,Ella Toone,Manchester United W,1,39,39,108.8,46.5,12.9,Inside box,From Throw In,Blocked,0,Open Play,Right Foot,Half Volley,True,False,0.07982027
3913127,25543.0,Geyse da Silva Ferreira,Manchester United W,1,41,45,119.0,52.6,12.6,Inside box,From Throw In,Saved to Post,0,Open Play,Right Foot,Normal,False,True,0.016137201
3913127,22337.0,Maya Le Tissier,Manchester United W,1,42,27,111.5,47.5,11.3,Inside box,From Corner,Off T,0,Open Play,Right Foot,Half Volley,True,True,0.06476737
3913127,25543.0,Geyse da Silva Ferreira,Manchester United W,1,46,29,103.1,30.6,19.3,Inside box,From Counter,Wayward,0,Open Play,Right Foot,Normal,False,True,0.0515962
3913127,4654.0,Nikita Parris,Manchester United W,2,46,21,109.9,50.3,14.4,Inside box,From Counter,Saved,0,Open Play,Right Foot,Normal,False,False,0.2215926
3913127,31532.0,Kirsty Hanson,Aston Villa W,2,53,54,107.8,35.7,12.9,Inside box,From Keeper,Blocked,0,Open Play,Right Foot,Half Volley,False,False,0.086521596
3913127,10192.0,Jordan Nobbs,Aston Villa W,2,54,0,92.9,44.4,27.5,Outside box,From Keeper,Saved,0,Open Play,Right Foot,Normal,False,False,0.02644744
3913127,15421.0,Kenza Dali,Aston Villa W,2,55,11,106.5,38.5,13.6,Inside box,From Corner,Blocked,0,Open Play,Right Foot,Normal,False,False,0.08440434
3913127,10404.0,Noelle Maritz,Aston Villa W,2,55,17,92.7,35.4,27.7,Outside box,From Corner,Off T,0,Open Play,Right Foot,Normal,True,False,0.030759176
3913127,5058.0,Rachel Daly,Aston Villa W,2,59,14,108.0,40.0,12.0,Inside box,Other,Goal,1,Penalty,Right Foot,Normal,False,False,0.7835
3913127,25543.0,Geyse da Silva Ferreira,Manchester United W,2,67,27,109.2,56.0,19.3,Inside box,From Throw In,Wayward,0,Open Play,Right Foot,Normal,False,False,0.02806693
3913127,15421.0,Kenza Dali,Aston Villa W,2,74,35,94.6,38.3,25.5,Outside box,Regular Play,Off T,0,Open Play,Right Foot,Normal,False,False,0.037153795
3913127,31532.0,Kirsty Hanson,Aston Villa W,2,79,20,109.6,24.3,18.8,Inside box,From Throw In,Saved,0,Open Play,Left Foot,Normal,False,False,0.042711873
3913127,31563.0,Rachel Williams,Manchester United W,2,85,40,108.4,37.1,12.0,Inside box,Regular Play,Off T,0,Open Play,Head,Normal,False,False,0.061059356
3913127,31614.0,Melvine Malard,Manchester United W,2,88,37,112.8,59.4,20.7,Inside box,Other,Saved,0,Open Play,Left Foot,Normal,False,False,0.010223978
3913127,386105.0,Lisa Fjeldstad Naalsund,Manchester United W,2,95,57,88.2,44.7,32.1,Outside box,Regular Play,Saved,0,Open Play,Right Foot,Normal,False,False,0.018602604
3913155,22337.0,Maya Le Tissier,Manchester United W,1,1,3,118.0,35.4,5.0,Inside box,From Corner,Wayward,0,Open Play,Head,Normal,False,False,0.22095151
3913155,4654.0,Nikita Parris,Manchester United W,1,12,6,110.0,49.9,14.1,Inside box,From Throw In,Saved,0,Open Play,Right Foot,Normal,False,False,0.12654297
3913155,25513.0,Lucía García Córdoba,Manchester United W,1,14,8,104.0,31.9,17.9,Inside box,Regular Play,Blocked,0,Open Play,Right Foot,Normal,False,True,0.057407156
3913155,25543.0,Geyse da Silva Ferreira,Manchester United W,1,14,19,108.7,50.2,15.2,Inside box,Regular Play,Blocked,0,Open Play,Left Foot,Normal,False,False,0.08459993
3913155,25543.0,Geyse da Silva Ferreira,Manchester United W,1,14,23,109.5,47.3,12.8,Inside box,Regular Play,Off T,0,Open Play,Right Foot,Half Volley,True,False,0.12104585
3913155,19498.0,Jessica Park,Manchester City WFC,1,26,27,87.9,40.7,32.1,Outside box,Regular Play,Saved,0,Open Play,Right Foot,Normal,False,True,0.023848267
3913155,25513.0,Lucía García Córdoba,Manchester United W,1,33,4,105.5,41.7,14.6,Inside box,Regular Play,Saved,0,Open Play,Left Foot,Normal,True,True,0.07302212
3913155,19498.0,Jessica Park,Manchester City WFC,1,34,37,99.0,44.8,21.5,Outside box,Regular Play,Off T,0,Open Play,Left Foot,Normal,True,True,0.08219375
3913155,25632.0,Yui Hasegawa,Manchester City WFC,1,35,18,88.2,40.5,31.8,Outside box,Regular Play,Off T,0,Open Play,Right Foot,Normal,True,False,0.018514134
3913155,19498.0,Jessica Park,Manchester City WFC,1,36,20,108.3,42.8,12.0,Inside box,Regular Play,Goal,1,Open Play,Right Foot,Volley,True,False,0.167993
3913155,19416.0,Laura Coombs,Manchester City WFC,1,37,54,101.6,45.1,19.1,Outside box,Regular Play,Blocked,0,Open Play,Right Foot,Normal,True,True,0.0992819
3913155,25543.0,Geyse da Silva Ferreira,Manchester United W,1,39,39,109.7,60.8,23.2,Inside box,From Throw In,Saved,0,Open Play,Right Foot,Normal,False,False,0.009307194
3913155,22337.0,Maya Le Tissier,Manchester United W,1,40,18,114.6,42.6,6.0,Inside box,From Corner,Off T,0,Open Play,Head,Normal,False,True,0.13089511
3913155,5078.0,Alanna Stephanie Kennedy,Manchester City WFC,1,44,19,109.4,35.1,11.7,Inside box,From Corner,Wayward,0,Open Play,Head,Normal,False,True,0.047324397
3913155,19498.0,Jessica Park,Manchester City WFC,1,44,20,115.8,43.8,5.7,Inside box,From Corner,Goal,1,Open Play,Right Foot,Volley,True,True,0.482326
3913155,25554.0,Khadija Monifa Shaw,Manchester City WFC,2,45,34,112.0,35.6,9.1,Inside box,From Counter,Goal,1,Open Play,Right Foot,Normal,False,False,0.5311057
3913155,25554.0,Khadija Monifa Shaw,Manchester City WFC,2,49,29,112.2,46.8,10.3,Inside box,From Corner,Blocked,0,Open Play,Head,Normal,False,True,0.045761015
3913155,15555.0,Lauren Hemp,Manchester City WFC,2,49,30,113.7,48.9,10.9,Inside box,From Corner,Blocked,0,Open Play,Left Foot,Half Volley,False,True,0.053178925
3913155,25554.0,Khadija Monifa Shaw,Manchester City WFC,2,59,24,116.2,44.4,5.8,Inside box,From Keeper,Off T,0,Open Play,Head,Normal,False,False,0.20426254
3913155,19416.0,Laura Coombs,Manchester City WFC,2,65,13,104.2,43.1,16.1,Inside box,From Throw In,Blocked,0,Open Play,Right Foot,Normal,False,False,0.0829722
3913155,25513.0,Lucía García Córdoba,Manchester United W,2,68,44,102.9,39.2,17.1,Inside box,Regular Play,Blocked,0,Open Play,Right Foot,Normal,False,False,0.07278834
3913155,25513.0,Lucía García Córdoba,Manchester United W,2,68,45,100.6,39.1,19.4,Outside box,Regular Play,Blocked,0,Open Play,Right Foot,Volley,True,False,0.044474125
3913155,35693.0,Mary Boio Fowler,Manchester City WFC,2,69,1,99.9,50.2,22.5,Outside box,From Counter,Saved,0,Open Play,Left Foot,Normal,False,False,0.06364551
3913155,25554.0,Khadija Monifa Shaw,Manchester City WFC,2,74,22,112.9,25.3,16.3,Inside box,From Throw In,Off T,0,Open Play,Right Foot,Half Volley,False,False,0.04035999
3913155,25543.0,Geyse da Silva Ferreira,Manchester United W,2,75,11,109.5,63.1,25.4,Outside box,From Goal Kick,Blocked,0,Open Play,Right Foot,Normal,False,False,0.006215935
3913155,25543.0,Geyse da Silva Ferreira,Manchester United W,2,75,49,103.7,51.5,19.9,Inside box,From Corner,Blocked,0,Open Play,Right Foot,Normal,False,False,0.049965553
3913155,31534.0,Ella Toone,Manchester United W,2,76,18,101.3,45.7,19.5,Outside box,From Corner,Blocked,0,Open Play,Right Foot,Volley,True,False,0.041822955
3913155,31534.0,Ella Toone,Manchester United W,2,84,24,100.6,31.3,21.3,Outside box,From Throw In,Off T,0,Open Play,Right Foot,Normal,False,False,0.053996976
3913155,31536.0,Millie Turner,Manchester United W,2,93,10,106.9,40.4,13.1,Inside box,From Throw In,Saved,0,Open Play,Head,Normal,False,True,0.040796265
3913155,25554.0,Khadija Monifa Shaw,Manchester City WFC,2,98,7,108.2,41.9,12.0,Inside box,Regular Play,Wayward,0,Open Play,Right Foot,Half Volley,True,False,0.18264301
3913145,10514.0,Guro Reiten,Chelsea FCW,1,0,12,116.2,33.0,8.0,Inside box,From Kick Off,Saved,0,Open Play,Left Foot,Half Volley,False,False,0.07813545
3913145,47008.0,Sjoeke Nüsken,Chelsea FCW,1,0,42,109.5,40.3,10.5,Inside box,From Corner,Wayward,0,Open Play,Head,Normal,False,True,0.046887867
3913145,62709.0,Jelena Canković,Chelsea FCW,1,4,13,114.0,39.0,6.1,Inside box,From Throw In,Blocked,0,Open Play,Head,Normal,False,True,0.15312485
3913145,62709.0,Jelena Canković,Chelsea FCW,1,7,18,110.3,37.3,10.1,Inside box,From Corner,Blocked,0,Open Play,Head,Normal,False,True,0.052928925
3913145,224822.0,Jutta Rantala,Leicester City WFC,1,11,9,105.8,41.5,14.3,Inside box,From Free Kick,Saved,0,Open Play,Left Foot,Normal,False,False,0.10065
3913145,16374.0,Aileen Whelan,Leicester City WFC,1,12,22,113.1,44.9,8.5,Inside box,Regular Play,Blocked,0,Open Play,Right Foot,Backheel,True,True,0.07226228
3913145,224822.0,Jutta Rantala,Leicester City WFC,1,16,48,107.3,57.1,21.3,Inside box,From Free Kick,Saved,0,Open Play,Right Foot,Normal,False,False,0.039907534
3913145,26520.0,Yuka Momiki,Leicester City WFC,1,16,51,110.9,42.8,9.5,Inside box,From Free Kick,Saved,0,Open Play,Left Foot,Normal,False,True,0.15413013
3913145,26093.0,Gun Nathalie Björn,Chelsea FCW,1,37,54,114.8,35.7,6.7,Inside box,From Corner,Goal,1,Open Play,Left Foot,Half Volley,True,False,0.21973425
3913145,53188.0,Mayra Tatiana Ramírez Ramírez,Chelsea FCW,1,43,39,114.0,45.8,8.3,Inside box,From Throw In,Goal,1,Open Play,Right Foot,Normal,False,False,0.7458378
3913145,62709.0,Jelena Canković,Chelsea FCW,1,47,23,109.3,31.6,13.6,Inside box,Regular Play,Saved,0,Open Play,Left Foot,Normal,True,True,0.09071816
3913145,26520.0,Yuka Momiki,Leicester City WFC,2,48,19,102.7,33.6,18.4,Inside box,From Counter,Saved,0,Open Play,Right Foot,Normal,False,False,0.1236739
3913145,53188.0,Mayra Tatiana Ramírez Ramírez,Chelsea FCW,2,51,11,103.7,40.9,16.3,Inside box,From Counter,Off T,0,Open Play,Right Foot,Normal,False,False,0.1634577
3913145,15631.0,Niamh Charles,Chelsea FCW,2,55,15,108.1,34.0,13.3,Inside box,From Free Kick,Saved Off Target,0,Open Play,Head,Normal,False,True,0.040670555
3913145,53188.0,Mayra Tatiana Ramírez Ramírez,Chelsea FCW,2,57,45,113.7,31.5,10.6,Inside box,Regular Play,Blocked,0,Open Play,Right Foot,Normal,False,True,0.10724523
3913145,10514.0,Guro Reiten,Chelsea FCW,2,59,5,103.8,25.6,21.7,Inside box,From Free Kick,Blocked,0,Open Play,Left Foot,Normal,False,True,0.04603919
3913145,53188.0,Mayra Tatiana Ramírez Ramírez,Chelsea FCW,2,60,40,113.5,42.8,7.1,Inside box,From Corner,Wayward,0,Open Play,Head,Normal,False,True,0.10647424
3913145,15549.0,Sophie Louise Ingle,Chelsea FCW,2,60,45,111.5,34.9,9.9,Inside box,From Corner,Wayward,0,Open Play,Head,Normal,False,True,0.062742755
3913145,62710.0,Johanna Rytting-Kaneryd,Chelsea FCW,2,63,58,106.7,49.4,16.3,Inside box,Regular Play,Goal,1,Open Play,Left Foot,Normal,False,True,0.14655587
3913145,47008.0,Sjoeke Nüsken,Chelsea FCW,2,68,2,112.1,42.7,8.3,Inside box,Regular Play,Saved,0,Open Play,Head,Normal,False,True,0.07996388
3913145,47008.0,Sjoeke Nüsken,Chelsea FCW,2,69,33,108.0,41.0,12.0,Inside box,From Throw In,Saved,0,Open Play,Left Foot,Normal,False,False,0.13899451
3913145,10514.0,Guro Reiten,Chelsea FCW,2,69,44,118.7,29.4,10.7,Inside box,From Throw In,Off T,0,Open Play,Left Foot,Normal,False,False,0.011148954
3913145,84901.0,Catarina Cantanhede Melônio Macário,Chelsea FCW,2,77,9,110.2,33.9,11.5,Inside box,Regular Play,Goal,1,Open Play,Left Foot,Normal,False,True,0.14227818
3913145,389365.0,Maika Hamano,Chelsea FCW,2,89,4,107.8,49.0,15.2,Inside box,Regular Play,Off T,0,Open Play,Right Foot,Normal,False,False,0.17894357
3913145,389365.0,Maika Hamano,Chelsea FCW,2,89,45,93.5,45.8,27.1,Outside box,From Goal Kick,Saved,0,Open Play,Left Foot,Lob,True,False,0.08454518
3913094,45737.0,Martina Piemonte,Everton LFC,1,4,4,107.8,39.2,12.2,Inside box,From Throw In,Saved,0,Open Play,Left Foot,Normal,True,True,0.08494829
3913094,45737.0,Martina Piemonte,Everton LFC,1,4,6,113.0,42.3,7.4,Inside box,From Throw In,Goal,1,Open Play,Right Foot,Volley,True,False,0.5072514
3913094,10274.0,Nicoline Sørensen,Everton LFC,1,21,43,114.4,53.4,14.5,Inside box,Regular Play,Saved,0,Open Play,Right Foot,Normal,False,False,0.044489287
3913094,46741.0,Naomi Layzell,Bristol City WFC,1,36,23,111.1,39.2,8.9,Inside box,From Corner,Wayward,0,Open Play,Head,Normal,False,False,0.06666096
3913094,46741.0,Naomi Layzell,Bristol City WFC,1,40,47,107.6,36.5,12.9,Inside box,From Corner,Blocked,0,Open Play,Head,Normal,False,False,0.065453716
3913094,10225.0,Aurora Galli,Everton LFC,1,42,4,92.7,37.6,27.4,Outside box,From Goal Kick,Blocked,0,Open Play,Right Foot,Normal,True,False,0.02109414
3913094,19417.0,Amy Rodgers,Bristol City WFC,1,45,54,104.3,45.7,16.7,Inside box,Regular Play,Goal,1,Open Play,Right Foot,Normal,True,False,0.06554915
3913094,45737.0,Martina Piemonte,Everton LFC,2,46,4,104.5,31.7,17.6,Inside box,From Throw In,Wayward,0,Open Play,Right Foot,Normal,True,False,0.11586524
3913094,23412.0,Abigail Harrison,Bristol City WFC,2,46,46,85.5,24.6,37.8,Outside box,From Free Kick,Wayward,0,Open Play,Right Foot,Half Volley,True,False,0.008241015
3913094,15788.0,Amalie Grønbak Thestrup,Bristol City WFC,2,53,52,91.8,14.9,37.8,Outside box,From Throw In,Wayward,0,Open Play,Right Foot,Half Volley,True,False,0.0061001284
3913094,63308.0,Justine Vanhaevermaet,Everton LFC,2,56,51,117.8,39.9,2.2,Inside box,From Corner,Post,0,Open Play,Right Foot,Volley,True,False,0.4208811
3913094,18254.0,Megan Finnigan,Everton LFC,2,56,53,105.1,36.2,15.4,Inside box,From Corner,Goal,1,Open Play,Right Foot,Half Volley,True,True,0.058933742
3913094,23412.0,Abigail Harrison,Bristol City WFC,2,60,19,109.9,36.5,10.7,Inside box,From Free Kick,Wayward,0,Open Play,Left Foot,Backheel,True,True,0.042329356
3913094,19417.0,Amy Rodgers,Bristol City WFC,2,60,21,101.8,49.4,20.5,Outside box,From Free Kick,Blocked,0,Open Play,Right Foot,Normal,True,False,0.040488828
3913094,10225.0,Aurora Galli,Everton LFC,2,60,59,98.5,40.7,21.5,Outside box,From Free Kick,Off T,0,Open Play,Right Foot,Half Volley,False,True,0.039777108
3913094,10274.0,Nicoline Sørensen,Everton LFC,2,63,32,107.8,24.6,19.6,Inside box,From Counter,Saved,0,Open Play,Left Foot,Normal,False,False,0.06095976
3913094,15788.0,Amalie Grønbak Thestrup,Bristol City WFC,2,69,6,113.7,48.0,10.2,Inside box,From Free Kick,Saved,0,Open Play,Right Foot,Normal,True,True,0.22788645
3913094,15788.0,Amalie Grønbak Thestrup,Bristol City WFC,2,78,12,109.0,47.4,13.3,Inside box,From Free Kick,Saved,0,Open Play,Right Foot,Volley,True,False,0.12430884
3913094,185543.0,Ffion Morgan,Bristol City WFC,2,79,37,104.4,53.4,20.6,Inside box,From Goal Kick,Saved,0,Open Play,Right Foot,Normal,False,False,0.06824455
3913094,15788.0,Amalie Grønbak Thestrup,Bristol City WFC,2,81,46,105.7,19.9,24.7,Inside box,From Throw In,Goal,1,Open Play,Left Foot,Normal,True,True,0.025812019
3913094,10183.0,Toni Duggan,Everton LFC,2,91,50,111.8,48.1,11.5,Inside box,From Throw In,Off T,0,Open Play,Right Foot,Volley,True,False,0.08280181
3913084,24237.0,Missy Bo Kearns,Liverpool WFC,1,5,52,114.2,26.6,14.6,Inside box,From Corner,Blocked,0,Open Play,Left Foot,Normal,False,False,0.042043217
3913084,24706.0,Sophie Roman Haug,Liverpool WFC,1,6,38,113.6,36.0,7.5,Inside box,From Corner,Wayward,0,Open Play,Head,Normal,False,True,0.097629294
3913084,15547.0,Melissa Lawley,Liverpool WFC,1,13,44,103.2,21.4,25.1,Inside box,Regular Play,Saved,0,Open Play,Right Foot,Normal,False,True,0.010247577
3913084,24706.0,Sophie Roman Haug,Liverpool WFC,1,21,29,111.5,43.1,9.0,Inside box,From Throw In,Off T,0,Open Play,Head,Normal,False,True,0.09900809
3913084,10260.0,Lena Petermann,Leicester City WFC,1,25,41,107.4,38.3,12.7,Inside box,Regular Play,Off T,0,Open Play,Head,Normal,False,True,0.052725073
3913084,132033.0,Courtney Jade Nevin,Leicester City WFC,1,28,17,93.0,30.9,28.5,Outside box,Regular Play,Saved,0,Open Play,Left Foot,Normal,True,False,0.02676835
3913084,24706.0,Sophie Roman Haug,Liverpool WFC,1,34,15,114.6,32.3,9.4,Inside box,Regular Play,Saved,0,Open Play,Head,Normal,False,True,0.10086349
3913084,24706.0,Sophie Roman Haug,Liverpool WFC,1,34,47,111.6,46.1,10.4,Inside box,From Corner,Wayward,0,Open Play,Head,Normal,False,True,0.045602754
3913084,15547.0,Melissa Lawley,Liverpool WFC,1,38,52,117.3,52.0,12.3,Inside box,Other,Off T,0,Open Play,Right Foot,Half Volley,True,True,0.013184936
3913084,46974.0,Marie Therese Höbinger,Liverpool WFC,1,45,15,92.1,27.7,30.5,Outside box,From Throw In,Saved,0,Open Play,Right Foot,Normal,False,False,0.023779524
3913084,24706.0,Sophie Roman Haug,Liverpool WFC,1,45,51,113.4,35.5,8.0,Inside box,From Corner,Off T,0,Open Play,Head,Normal,False,True,0.08872466
3913084,224822.0,Jutta Rantala,Leicester City WFC,1,46,45,104.4,34.0,16.7,Inside box,From Goal Kick,Blocked,0,Open Play,Left Foot,Normal,True,False,0.12078248
3913084,15547.0,Melissa Lawley,Liverpool WFC,2,45,22,94.0,25.9,29.6,Outside box,From Kick Off,Blocked,0,Open Play,Right Foot,Normal,False,False,0.023779025
3913084,15547.0,Melissa Lawley,Liverpool WFC,2,47,6,113.2,53.5,15.1,Inside box,From Counter,Goal,1,Open Play,Right Foot,Normal,False,False,0.048824396
3913084,24237.0,Missy Bo Kearns,Liverpool WFC,2,49,32,108.4,41.3,11.7,Inside box,From Throw In,Off T,0,Open Play,Right Foot,Volley,True,False,0.109248035
3913084,24706.0,Sophie Roman Haug,Liverpool WFC,2,53,20,102.9,42.1,17.2,Inside box,From Throw In,Saved,0,Open Play,Left Foot,Half Volley,False,True,0.13756087
3913084,24706.0,Sophie Roman Haug,Liverpool WFC,2,54,27,114.4,43.3,6.5,Inside box,From Corner,Off T,0,Open Play,Head,Normal,False,True,0.12859492
3913084,112522.0,Missy Goodwin,Leicester City WFC,2,56,59,110.9,20.9,21.2,Inside box,From Free Kick,Goal,1,Open Play,Left Foot,Normal,False,False,0.0105968835
3913084,24237.0,Missy Bo Kearns,Liverpool WFC,2,58,38,108.4,42.5,11.9,Inside box,From Throw In,Saved,0,Open Play,Head,Normal,False,True,0.052286383
3913084,15547.0,Melissa Lawley,Liverpool WFC,2,62,18,100.5,32.1,21.0,Outside box,From Throw In,Blocked,0,Open Play,Left Foot,Normal,False,False,0.043670624
3913084,19687.0,Taylor Hinds,Liverpool WFC,2,64,0,89.5,34.6,31.0,Outside box,From Corner,Off T,0,Open Play,Left Foot,Normal,False,False,0.0215699
3913084,32074.0,Jenna Clark,Liverpool WFC,2,65,13,110.3,40.5,9.7,Inside box,From Corner,Blocked,0,Open Play,Head,Normal,False,True,0.05336727
3913084,30856.0,Julie Thibaud,Leicester City WFC,2,66,57,94.2,47.5,26.9,Outside box,From Free Kick,Off T,0,Open Play,Right Foot,Normal,True,False,0.024357406
3913084,46974.0,Marie Therese Höbinger,Liverpool WFC,2,83,20,108.7,38.3,11.4,Inside box,From Throw In,Goal,1,Open Play,Left Foot,Normal,True,True,0.13884443
3913084,135753.0,Samantha Tierney,Leicester City WFC,2,90,21,102.2,34.6,18.6,Inside box,From Throw In,Blocked,0,Open Play,Right Foot,Normal,False,False,0.055857934
3913084,182500.0,Ava Baker,Leicester City WFC,2,90,28,111.0,60.5,22.4,Inside box,From Throw In,Off T,0,Open Play,Right Foot,Normal,False,False,0.009775403
3913084,36801.0,Aimee Palmer,Leicester City WFC,2,92,25,106.1,45.4,14.9,Inside box,Regular Play,Wayward,0,Open Play,Right Foot,Volley,True,True,0.04336943
3913119,10260.0,Lena Petermann,Leicester City WFC,1,7,23,113.3,49.0,11.2,Inside box,From Free Kick,Off T,0,Open Play,Head,Normal,False,True,0.050980303
3913119,5058.0,Rachel Daly,Aston Villa W,1,9,39,114.6,31.4,10.2,Inside box,From Corner,Blocked,0,Open Play,Right Foot,Volley,True,False,0.045998402
3913119,10404.0,Noelle Maritz,Aston Villa W,1,14,51,104.4,24.2,22.2,Inside box,Regular Play,Off T,0,Open Play,Right Foot,Normal,False,False,0.03418125
3913119,5058.0,Rachel Daly,Aston Villa W,1,15,57,107.6,42.4,12.6,Inside box,From Corner,Blocked,0,Open Play,Right Foot,Half Volley,True,True,0.06315831
3913119,5058.0,Rachel Daly,Aston Villa W,1,15,58,110.6,46.1,11.2,Inside box,From Corner,Goal,1,Open Play,Right Foot,Volley,True,False,0.06992522
3913119,18153.0,Alisha Lehmann,Aston Villa W,1,21,49,107.0,37.5,13.2,Inside box,From Counter,Saved,0,Open Play,Right Foot,Normal,True,False,0.36856607
3913119,4984.0,Rachel Corsie,Aston Villa W,1,22,43,111.3,40.2,8.7,Inside box,From Corner,Off T,0,Open Play,Right Foot,Volley,True,True,0.083024494
3913119,135759.0,Shannon O’Brien,Leicester City WFC,1,34,35,115.3,36.0,6.2,Inside box,Regular Play,Saved,0,Open Play,Head,Diving Header,False,False,0.61335164
3913119,15562.0,Lucy Staniforth,Aston Villa W,1,39,49,86.6,20.7,38.6,Outside box,Regular Play,Saved,0,Open Play,Right Foot,Normal,False,False,0.0060995133
3913119,8297.0,Adriana Kristina Leon,Aston Villa W,1,43,12,108.5,56.8,20.4,Inside box,From Throw In,Off T,0,Open Play,Right Foot,Normal,False,False,0.04331899
3913119,78072.0,Anna Patten,Aston Villa W,1,45,15,111.1,38.9,9.0,Inside box,From Free Kick,Off T,0,Open Play,Head,Normal,False,False,0.10057248
3913119,5058.0,Rachel Daly,Aston Villa W,1,48,24,108.2,40.3,11.8,Inside box,From Free Kick,Blocked,0,Open Play,Right Foot,Normal,True,True,0.07546137
3913119,5058.0,Rachel Daly,Aston Villa W,2,47,3,101.5,48.4,20.3,Outside box,From Free Kick,Blocked,0,Open Play,Right Foot,Volley,True,False,0.034045286
3913119,26520.0,Yuka Momiki,Leicester City WFC,2,49,16,104.6,42.5,15.6,Inside box,From Free Kick,Saved,0,Open Play,Right Foot,Normal,False,False,0.08523965
3913119,135759.0,Shannon O’Brien,Leicester City WFC,2,49,18,107.0,31.3,15.6,Inside box,From Free Kick,Off T,0,Open Play,Right Foot,Half Volley,True,False,0.06345177
3913119,8297.0,Adriana Kristina Leon,Aston Villa W,2,58,18,115.4,29.0,11.9,Inside box,From Throw In,Saved,0,Open Play,Right Foot,Normal,False,False,0.10888127
3913119,132033.0,Courtney Jade Nevin,Leicester City WFC,2,61,9,99.6,37.8,20.5,Outside box,From Corner,Off T,0,Open Play,Left Foot,Half Volley,True,True,0.03866904
3913119,135753.0,Samantha Tierney,Leicester City WFC,2,62,37,110.3,39.3,9.7,Inside box,Regular Play,Saved,0,Open Play,Head,Normal,False,False,0.0765672
3913119,8297.0,Adriana Kristina Leon,Aston Villa W,2,66,58,101.3,41.6,18.8,Outside box,From Throw In,Saved,0,Open Play,Right Foot,Normal,False,False,0.3586394
3913119,8297.0,Adriana Kristina Leon,Aston Villa W,2,68,21,97.5,39.4,22.5,Outside box,From Corner,Saved,0,Open Play,Right Foot,Half Volley,True,False,0.043323833
3913119,25601.0,Deanne Cynthia Rose,Leicester City WFC,2,68,40,100.8,49.4,21.4,Outside box,From Keeper,Blocked,0,Open Play,Left Foot,Normal,False,False,0.07062334
3913119,25604.0,Saori Takarada,Leicester City WFC,2,70,31,82.0,56.5,41.4,Outside box,Regular Play,Saved,0,Open Play,Right Foot,Normal,False,False,0.011161714
3913119,25601.0,Deanne Cynthia Rose,Leicester City WFC,2,72,49,114.2,50.8,12.3,Inside box,Regular Play,Saved,0,Open Play,Right Foot,Normal,True,False,0.13820438
3913119,31532.0,Kirsty Hanson,Aston Villa W,2,74,38,112.4,29.3,13.1,Inside box,Regular Play,Wayward,0,Open Play,Left Foot,Half Volley,False,False,0.07350391
3913119,30856.0,Julie Thibaud,Leicester City WFC,2,78,43,95.0,48.0,26.2,Outside box,From Corner,Off T,0,Open Play,Right Foot,Half Volley,True,True,0.020476725
3913119,25601.0,Deanne Cynthia Rose,Leicester City WFC,2,86,51,111.6,47.8,11.5,Inside box,From Counter,Saved,0,Open Play,Right Foot,Normal,False,True,0.30886933
3913119,182500.0,Ava Baker,Leicester City WFC,2,86,54,113.0,37.8,7.3,Inside box,From Counter,Blocked,0,Open Play,Right Foot,Half Volley,True,False,0.18357383
3913119,10100.0,Janice Cayman,Leicester City WFC,2,95,57,103.7,41.2,16.3,Inside box,Other,Blocked,0,Open Play,Right Foot,Volley,True,False,0.05625905
3913119,16374.0,Aileen Whelan,Leicester City WFC,2,97,6,110.3,31.4,13.0,Inside box,From Throw In,Blocked,0,Open Play,Right Foot,Normal,True,False,0.08855258
3913119,135753.0,Samantha Tierney,Leicester City WFC,2,97,10,107.8,35.8,12.9,Inside box,From Throw In,Saved,0,Open Play,Right Foot,Volley,True,False,0.10970589
3913109,87194.0,Celin Bizet Ildhusøy,Tottenham Hotspur Women,1,4,12,82.9,53.1,39.3,Outside box,Regular Play,Saved,0,Open Play,Right Foot,Lob,False,True,0.011774081
3913109,31558.0,Martha Thomas,Tottenham Hotspur Women,1,6,45,112.5,50.6,13.0,Inside box,Regular Play,Saved,0,Open Play,Right Foot,Normal,False,False,0.08260211
3913109,15550.0,Bethany England,Tottenham Hotspur Women,1,6,46,114.8,40.8,5.3,Inside box,Regular Play,Blocked,0,Open Play,Right Foot,Half Volley,True,True,0.55635434
3913109,18145.0,Ria Percival,Tottenham Hotspur Women,1,6,52,91.7,36.2,28.6,Outside box,Regular Play,Saved,0,Open Play,Left Foot,Normal,True,False,0.029588608
3913109,17275.0,Hannah Jayne Blundell,Manchester United W,1,11,46,103.6,45.9,17.4,Inside box,From Corner,Blocked,0,Open Play,Right Foot,Half Volley,True,True,0.05401225
3913109,31539.0,Leah Galton,Manchester United W,1,24,3,109.6,49.0,13.8,Inside box,Regular Play,Off T,0,Open Play,Right Foot,Normal,True,False,0.085730486
3913109,31536.0,Millie Turner,Manchester United W,1,24,49,101.3,29.2,21.6,Outside box,From Corner,Off T,0,Open Play,Right Foot,Normal,True,False,0.03805816
3913109,31614.0,Melvine Malard,Manchester United W,1,28,21,115.7,40.2,4.3,Inside box,Regular Play,Goal,1,Open Play,Right Foot,Half Volley,True,False,0.5167413
3913109,87194.0,Celin Bizet Ildhusøy,Tottenham Hotspur Women,1,33,42,107.5,21.0,22.7,Inside box,Regular Play,Saved,0,Open Play,Right Foot,Normal,False,True,0.010709488
3913109,19501.0,Hayley Ladd,Manchester United W,1,42,39,105.3,48.4,16.9,Inside box,From Corner,Wayward,0,Open Play,Left Foot,Half Volley,True,False,0.05745065
3913109,61467.0,Jessica Naz,Tottenham Hotspur Women,1,46,31,99.7,33.4,21.3,Outside box,From Free Kick,Wayward,0,Open Play,Left Foot,Half Volley,False,False,0.051829215
3913109,31534.0,Ella Toone,Manchester United W,2,50,50,106.8,41.5,13.3,Inside box,From Goal Kick,Goal,1,Open Play,Right Foot,Lob,True,False,0.29895777
3913109,19501.0,Hayley Ladd,Manchester United W,2,57,50,104.7,56.9,22.8,Inside box,From Keeper,Off T,0,Open Play,Right Foot,Normal,False,False,0.028612703
3913109,31614.0,Melvine Malard,Manchester United W,2,58,51,101.1,41.6,19.0,Outside box,Regular Play,Goal,1,Open Play,Left Foot,Normal,True,False,0.10706602
3913109,18145.0,Ria Percival,Tottenham Hotspur Women,2,68,28,94.4,34.2,26.2,Outside box,From Throw In,Blocked,0,Open Play,Left Foot,Normal,True,False,0.028163237
3913109,87194.0,Celin Bizet Ildhusøy,Tottenham Hotspur Women,2,72,15,105.7,31.1,16.8,Inside box,From Counter,Saved,0,Open Play,Right Foot,Normal,False,False,0.10763327
3913109,25543.0,Geyse da Silva Ferreira,Manchester United W,2,76,24,112.1,53.8,15.9,Inside box,Regular Play,Off T,0,Open Play,Right Foot,Normal,False,False,0.0735898
3913109,15577.0,Angharad James,Tottenham Hotspur Women,2,80,58,102.9,32.7,18.6,Inside box,From Corner,Off T,0,Open Play,Left Foot,Half Volley,True,True,0.04579597
3913109,19501.0,Hayley Ladd,Manchester United W,2,83,4,104.0,41.5,16.1,Inside box,Regular Play,Goal,1,Open Play,Right Foot,Normal,True,False,0.11602863
3913109,31540.0,Katie Zelem,Manchester United W,2,89,36,103.2,58.4,24.9,Inside box,Regular Play,Saved,0,Open Play,Left Foot,Normal,False,False,0.016728185
3913071,25513.0,Lucía García Córdoba,Manchester United W,1,3,40,109.7,43.3,10.8,Inside box,Regular Play,Saved,0,Open Play,Right Foot,Normal,True,False,0.43659323
3913071,31614.0,Melvine Malard,Manchester United W,1,14,42,109.3,41.7,10.8,Inside box,From Corner,Wayward,0,Open Play,Right Foot,Normal,False,False,0.11734577
3913071,401932.0,Hinata Miyazawa,Manchester United W,1,14,44,102.7,47.3,18.8,Inside box,From Corner,Blocked,0,Open Play,Right Foot,Normal,True,False,0.059298977
3913071,10100.0,Janice Cayman,Leicester City WFC,1,19,24,113.1,42.4,7.3,Inside box,From Counter,Off T,0,Open Play,Right Foot,Volley,True,True,0.14052011
3913071,16374.0,Aileen Whelan,Leicester City WFC,1,21,10,97.4,26.5,26.3,Outside box,From Free Kick,Off T,0,Open Play,Right Foot,Normal,True,False,0.030234594
3913071,4654.0,Nikita Parris,Manchester United W,1,24,32,113.5,32.5,9.9,Inside box,Regular Play,Saved,0,Open Play,Right Foot,Normal,True,False,0.352851
3913071,4654.0,Nikita Parris,Manchester United W,1,25,2,113.0,28.2,13.7,Inside box,Regular Play,Blocked,0,Open Play,Left Foot,Normal,False,True,0.030716369
3913071,25513.0,Lucía García Córdoba,Manchester United W,1,28,38,108.3,50.6,15.8,Inside box,From Free Kick,Blocked,0,Open Play,Right Foot,Normal,False,False,0.058743432
3913071,31540.0,Katie Zelem,Manchester United W,1,28,44,99.2,38.3,20.9,Outside box,From Free Kick,Saved,0,Open Play,Right Foot,Normal,True,False,0.08108668
3913071,31540.0,Katie Zelem,Manchester United W,1,29,38,97.5,45.2,23.1,Outside box,From Corner,Blocked,0,Open Play,Left Foot,Normal,True,False,0.038123105
3913071,401932.0,Hinata Miyazawa,Manchester United W,1,47,31,109.6,42.7,10.7,Inside box,Other,Post,0,Open Play,Right Foot,Half Volley,True,False,0.30894735
3913071,31614.0,Melvine Malard,Manchester United W,1,47,33,113.9,36.3,7.1,Inside box,Other,Off T,0,Open Play,Head,Normal,False,False,0.12871131
3913071,401932.0,Hinata Miyazawa,Manchester United W,1,49,3,97.0,32.3,24.3,Outside box,Regular Play,Saved,0,Open Play,Right Foot,Normal,False,True,0.033554357
3913071,4654.0,Nikita Parris,Manchester United W,1,49,32,110.5,35.3,10.6,Inside box,Regular Play,Wayward,0,Open Play,Head,Normal,False,False,0.078645974
3913071,25513.0,Lucía García Córdoba,Manchester United W,1,50,42,107.2,45.5,13.9,Inside box,Regular Play,Saved,0,Open Play,Right Foot,Normal,False,False,0.2072957
3913071,31540.0,Katie Zelem,Manchester United W,2,52,45,93.7,27.6,29.1,Outside box,From Free Kick,Off T,0,Free Kick,Right Foot,Normal,False,False,0.044074588
3913071,16374.0,Aileen Whelan,Leicester City WFC,2,59,6,114.4,29.4,12.0,Inside box,From Free Kick,Goal,1,Open Play,Right Foot,Half Volley,True,False,0.119625896
3913071,22337.0,Maya Le Tissier,Manchester United W,2,66,5,113.6,44.1,7.6,Inside box,From Corner,Goal,1,Open Play,Head,Normal,False,False,0.102719545
3913071,10260.0,Lena Petermann,Leicester City WFC,2,72,52,106.2,50.0,17.0,Inside box,Regular Play,Saved,0,Open Play,Right Foot,Normal,True,False,0.054249864
3913071,31539.0,Leah Galton,Manchester United W,2,89,22,102.9,35.7,17.6,Inside box,Regular Play,Blocked,0,Open Play,Right Foot,Normal,False,True,0.06972151
3913071,17275.0,Hannah Jayne Blundell,Manchester United W,2,89,24,100.7,46.6,20.4,Outside box,Regular Play,Saved,0,Open Play,Left Foot,Normal,False,True,0.058142677
3913071,31539.0,Leah Galton,Manchester United W,2,96,20,115.4,39.9,4.6,Inside box,From Corner,Off T,0,Open Play,Head,Normal,False,True,0.1638093
3913071,4654.0,Nikita Parris,Manchester United W,2,98,47,109.7,41.9,10.5,Inside box,From Free Kick,Saved,0,Open Play,Head,Normal,False,False,0.12712814
3913071,31563.0,Rachel Williams,Manchester United W,2,99,31,113.8,36.6,7.1,Inside box,From Throw In,Off T,0,Open Play,Head,Normal,False,True,0.2219069
3913126,10252.0,Alex Greenwood,Manchester City WFC,1,6,42,93.5,38.3,26.6,Outside box,From Free Kick,Saved,0,Free Kick,Left Foot,Normal,False,False,0.06366067
3913126,19416.0,Laura Coombs,Manchester City WFC,1,11,53,107.4,32.9,14.5,Inside box,From Corner,Blocked,0,Open Play,Right Foot,Volley,True,False,0.06315367
3913126,229194.0,Olga Ahtinen,Tottenham Hotspur Women,1,14,18,65.4,34.5,54.9,Outside box,Other,Saved,0,Open Play,Right Foot,Normal,False,False,0.0038952648
3913126,31558.0,Martha Thomas,Tottenham Hotspur Women,1,18,53,100.7,39.0,19.3,Outside box,Regular Play,Off T,0,Open Play,Left Foot,Normal,False,True,0.1287634
3913126,19416.0,Laura Coombs,Manchester City WFC,1,24,36,106.6,41.0,13.4,Inside box,From Throw In,Wayward,0,Open Play,Right Foot,Normal,True,False,0.18075395
3913126,10163.0,Leila Ouahabi El Ouahabi,Manchester City WFC,1,24,39,97.0,35.1,23.5,Outside box,From Throw In,Off T,0,Open Play,Right Foot,Normal,True,False,0.03481768
3913126,87194.0,Celin Bizet Ildhusøy,Tottenham Hotspur Women,1,38,22,90.7,43.9,29.6,Outside box,Regular Play,Off T,0,Open Play,Right Foot,Normal,False,True,0.027408509
3913126,25554.0,Khadija Monifa Shaw,Manchester City WFC,1,42,6,116.1,45.8,7.0,Inside box,Regular Play,Saved,0,Open Play,Head,Normal,False,False,0.1372632
3913126,62666.0,Ingrid Filippa Angeldal,Manchester City WFC,2,45,14,102.3,52.5,21.7,Inside box,From Kick Off,Off T,0,Open Play,Right Foot,Half Volley,True,False,0.037623428
3913126,25554.0,Khadija Monifa Shaw,Manchester City WFC,2,50,56,113.4,30.0,12.0,Inside box,Regular Play,Goal,1,Open Play,Left Foot,Normal,True,False,0.2808635
3913126,19416.0,Laura Coombs,Manchester City WFC,2,53,21,110.1,39.5,9.9,Inside box,Regular Play,Blocked,0,Open Play,Head,Normal,False,False,0.087431274
3913126,32210.0,Laia Aleixandri López,Manchester City WFC,2,58,41,107.3,38.1,12.8,Inside box,From Corner,Off T,0,Open Play,Head,Normal,False,False,0.03436206
3913126,19416.0,Laura Coombs,Manchester City WFC,2,75,0,101.3,36.6,19.0,Outside box,Regular Play,Blocked,0,Open Play,Right Foot,Normal,False,True,0.094365336
3913126,61467.0,Jessica Naz,Tottenham Hotspur Women,2,81,8,108.7,27.4,16.9,Inside box,From Free Kick,Off T,0,Open Play,Left Foot,Normal,True,False,0.0897955
3913126,15550.0,Bethany England,Tottenham Hotspur Women,2,84,26,106.5,31.3,16.1,Inside box,From Throw In,Saved,0,Open Play,Left Foot,Normal,False,False,0.13336685
3913126,19498.0,Jessica Park,Manchester City WFC,2,85,55,99.5,28.8,23.4,Outside box,From Keeper,Blocked,0,Open Play,Right Foot,Normal,False,False,0.036091466
3913126,62666.0,Ingrid Filippa Angeldal,Manchester City WFC,2,92,7,96.1,62.1,32.6,Outside box,From Throw In,Saved,0,Open Play,Right Foot,Normal,False,False,0.008734821
3913136,4979.0,Katrina Gorry,West Ham United LFC,1,5,56,94.0,45.8,26.6,Outside box,Regular Play,Off T,0,Open Play,Right Foot,Normal,True,False,0.03355318
3913136,16386.0,Lucy Hope,Everton LFC,1,10,46,107.6,56.3,20.5,Inside box,From Throw In,Blocked,0,Open Play,Right Foot,Normal,True,True,0.03173766
3913136,63308.0,Justine Vanhaevermaet,Everton LFC,1,11,30,116.3,40.8,3.8,Inside box,From Corner,Blocked,0,Open Play,Head,Normal,False,True,0.2108303
3913136,16386.0,Lucy Hope,Everton LFC,1,11,36,109.7,32.2,12.9,Inside box,From Corner,Saved,0,Open Play,Right Foot,Overhead Kick,True,False,0.044886205
3913136,25834.0,Viviane Asseyi,West Ham United LFC,1,19,0,79.9,38.1,40.1,Outside box,Regular Play,Saved Off Target,0,Open Play,Right Foot,Normal,False,False,0.0084996335
3913136,322322.0,Jessica Ziu,West Ham United LFC,1,22,34,107.0,34.5,14.1,Inside box,From Free Kick,Blocked,0,Open Play,Right Foot,Normal,False,True,0.10426184
3913136,87191.0,Rikke Marie Madsen,Everton LFC,1,30,0,106.0,41.4,14.1,Inside box,From Free Kick,Saved,0,Open Play,Right Foot,Half Volley,True,True,0.2507931
3913136,401930.0,Riko Ueki,West Ham United LFC,1,43,4,102.6,52.4,21.4,Inside box,Regular Play,Off T,0,Open Play,Right Foot,Normal,False,True,0.08542849
3913136,31936.0,Kristie Mewis,West Ham United LFC,2,46,58,96.2,50.4,26.0,Outside box,From Throw In,Saved,0,Open Play,Left Foot,Normal,False,False,0.031176236
3913136,10225.0,Aurora Galli,Everton LFC,2,70,22,99.6,43.2,20.6,Outside box,Regular Play,Off T,0,Open Play,Right Foot,Half Volley,True,True,0.040650107
3913136,45737.0,Martina Piemonte,Everton LFC,2,82,26,109.4,44.2,11.4,Inside box,From Free Kick,Goal,1,Open Play,Head,Normal,False,True,0.06483556
3913136,10225.0,Aurora Galli,Everton LFC,2,85,4,100.8,54.6,24.1,Outside box,From Keeper,Goal,1,Open Play,Left Foot,Normal,False,False,0.049190957
3913136,4979.0,Katrina Gorry,West Ham United LFC,2,91,21,107.6,45.4,13.5,Inside box,From Throw In,Off T,0,Open Play,Right Foot,Normal,True,True,0.1543566
3913085,4638.0,Drew Spence,Tottenham Hotspur Women,1,3,54,100.3,43.2,20.0,Outside box,Regular Play,Saved,0,Open Play,Right Foot,Normal,True,False,0.07672749
3913085,87194.0,Celin Bizet Ildhusøy,Tottenham Hotspur Women,1,4,40,112.3,38.2,7.9,Inside box,Regular Play,Saved,0,Open Play,Right Foot,Normal,True,False,0.33667183
3913085,87194.0,Celin Bizet Ildhusøy,Tottenham Hotspur Women,1,5,2,100.9,41.8,19.2,Outside box,From Keeper,Saved,0,Open Play,Right Foot,Normal,False,False,0.15460345
3913085,46459.0,Katja Snoeijs,Everton LFC,1,12,25,103.6,53.2,21.1,Inside box,From Free Kick,Blocked,0,Open Play,Left Foot,Normal,False,False,0.029540177
3913085,46740.0,Grace Clinton,Tottenham Hotspur Women,1,14,32,112.7,27.2,14.7,Inside box,From Free Kick,Blocked,0,Open Play,Left Foot,Normal,False,True,0.07618097
3913085,15577.0,Angharad James,Tottenham Hotspur Women,1,15,17,101.3,34.2,19.6,Outside box,From Corner,Off T,0,Open Play,Right Foot,Half Volley,True,True,0.041960668
3913085,191850.0,Eveliina Summanen,Tottenham Hotspur Women,1,26,50,91.1,50.8,30.9,Outside box,Regular Play,Off T,0,Open Play,Right Foot,Normal,False,False,0.019972403
3913085,46459.0,Katja Snoeijs,Everton LFC,1,29,34,113.6,43.2,7.2,Inside box,Regular Play,Saved,0,Open Play,Head,Normal,False,False,0.25208414
3913085,4638.0,Drew Spence,Tottenham Hotspur Women,1,33,22,101.2,42.3,18.9,Outside box,Regular Play,Wayward,0,Open Play,Right Foot,Half Volley,False,False,0.047838394
3913085,46740.0,Grace Clinton,Tottenham Hotspur Women,1,39,39,99.7,41.0,20.3,Outside box,Regular Play,Off T,0,Open Play,Right Foot,Normal,True,False,0.05471378
3913085,31558.0,Martha Thomas,Tottenham Hotspur Women,1,40,14,111.4,38.0,8.8,Inside box,Regular Play,Saved,0,Open Play,Left Foot,Normal,True,False,0.56574
3913085,31558.0,Martha Thomas,Tottenham Hotspur Women,1,40,17,116.7,28.6,11.9,Inside box,Regular Play,Saved,0,Open Play,Right Foot,Half Volley,True,False,0.02676647
3913085,46740.0,Grace Clinton,Tottenham Hotspur Women,1,42,31,112.1,38.5,8.0,Inside box,Regular Play,Goal,1,Open Play,Head,Normal,False,False,0.1503518
3913085,31558.0,Martha Thomas,Tottenham Hotspur Women,1,45,37,110.9,36.9,9.6,Inside box,From Free Kick,Saved,0,Open Play,Head,Normal,False,True,0.09874326
3913085,31558.0,Martha Thomas,Tottenham Hotspur Women,2,46,55,112.8,46.0,9.4,Inside box,From Counter,Off T,0,Open Play,Head,Normal,False,False,0.10915974
3913085,46459.0,Katja Snoeijs,Everton LFC,2,50,21,110.2,48.5,13.0,Inside box,Regular Play,Blocked,0,Open Play,Right Foot,Half Volley,True,False,0.1270039
3913085,4638.0,Drew Spence,Tottenham Hotspur Women,2,50,40,107.4,29.3,16.5,Inside box,From Counter,Saved,0,Open Play,Left Foot,Normal,False,False,0.1107582
3913085,15577.0,Angharad James,Tottenham Hotspur Women,2,52,33,103.8,46.5,17.5,Inside box,From Corner,Blocked,0,Open Play,Right Foot,Normal,True,False,0.061464008
3913085,46740.0,Grace Clinton,Tottenham Hotspur Women,2,54,25,114.9,45.2,7.3,Inside box,From Corner,Saved,0,Open Play,Left Foot,Half Volley,True,False,0.24325624
3913085,10183.0,Toni Duggan,Everton LFC,2,57,48,101.3,34.6,19.5,Outside box,From Throw In,Blocked,0,Open Play,Right Foot,Normal,False,True,0.044608496
3913085,61467.0,Jessica Naz,Tottenham Hotspur Women,2,62,56,112.4,51.7,14.0,Inside box,Regular Play,Off T,0,Open Play,Right Foot,Half Volley,True,True,0.08293409
3913085,4638.0,Drew Spence,Tottenham Hotspur Women,2,70,41,69.0,54.4,53.0,Outside box,Regular Play,Saved,0,Open Play,Right Foot,Lob,False,False,0.003797106
3913085,31558.0,Martha Thomas,Tottenham Hotspur Women,2,71,18,101.9,36.3,18.5,Outside box,From Counter,Saved,0,Open Play,Right Foot,Normal,False,False,0.14078325
3913085,45737.0,Martina Piemonte,Everton LFC,2,82,41,115.0,44.1,6.5,Inside box,From Keeper,Wayward,0,Open Play,Head,Normal,False,True,0.23685397
3913085,10225.0,Aurora Galli,Everton LFC,2,84,35,108.1,40.1,11.9,Inside box,Other,Goal,1,Penalty,Right Foot,Normal,False,False,0.7835
3913085,191850.0,Eveliina Summanen,Tottenham Hotspur Women,2,95,10,93.8,38.4,26.2,Outside box,From Free Kick,Off T,0,Free Kick,Right Foot,Normal,False,False,0.06498508
3913095,112522.0,Missy Goodwin,Leicester City WFC,1,2,37,107.1,49.2,15.8,Inside box,Regular Play,Blocked,0,Open Play,Right Foot,Normal,False,False,0.051301025
3913095,224822.0,Jutta Rantala,Leicester City WFC,1,4,53,108.7,26.2,17.8,Inside box,From Throw In,Saved,0,Open Play,Left Foot,Normal,False,False,0.05715244
3913095,15720.0,Sophie Howard,Leicester City WFC,1,5,32,105.3,38.1,14.8,Inside box,From Corner,Blocked,0,Open Play,Right Foot,Normal,True,False,0.07127051
3913095,10260.0,Lena Petermann,Leicester City WFC,1,8,42,109.3,44.0,11.4,Inside box,From Free Kick,Off T,0,Open Play,Head,Normal,False,True,0.039678566
3913095,46740.0,Grace Clinton,Tottenham Hotspur Women,1,11,32,94.9,50.0,27.0,Outside box,From Throw In,Saved,0,Open Play,Right Foot,Normal,False,False,0.024568293
3913095,10100.0,Janice Cayman,Leicester City WFC,1,17,41,108.6,35.8,12.1,Inside box,Regular Play,Goal,1,Open Play,Left Foot,Normal,False,True,0.41111287
3913095,31558.0,Martha Thomas,Tottenham Hotspur Women,1,20,5,110.6,41.9,9.6,Inside box,Regular Play,Saved,0,Open Play,Head,Normal,False,True,0.0824041
3913095,10260.0,Lena Petermann,Leicester City WFC,1,23,7,108.3,42.7,12.0,Inside box,Regular Play,Wayward,0,Open Play,Head,Normal,False,True,0.050622135
3913095,61467.0,Jessica Naz,Tottenham Hotspur Women,1,27,12,110.6,39.6,9.4,Inside box,From Throw In,Saved,0,Open Play,Right Foot,Normal,True,False,0.53503793
3913095,4848.0,Ashleigh Neville,Tottenham Hotspur Women,1,27,16,110.3,29.8,14.1,Inside box,From Throw In,Saved,0,Open Play,Right Foot,Normal,False,False,0.09389896
3913095,191850.0,Eveliina Summanen,Tottenham Hotspur Women,1,27,19,97.9,35.0,22.7,Outside box,From Throw In,Blocked,0,Open Play,Left Foot,Normal,True,False,0.039684635
3913095,15577.0,Angharad James,Tottenham Hotspur Women,1,27,25,103.6,56.5,23.3,Inside box,From Throw In,Saved,0,Open Play,Right Foot,Normal,False,False,0.02945932
3913095,31558.0,Martha Thomas,Tottenham Hotspur Women,1,28,6,115.5,38.6,4.7,Inside box,From Corner,Wayward,0,Open Play,Head,Normal,False,False,0.2282783
3913095,15720.0,Sophie Howard,Leicester City WFC,1,32,5,112.7,41.3,7.4,Inside box,From Corner,Blocked,0,Open Play,Head,Normal,False,True,0.088023424
3913095,10260.0,Lena Petermann,Leicester City WFC,1,32,6,109.8,43.1,10.7,Inside box,From Corner,Off T,0,Open Play,Left Foot,Volley,True,False,0.07367865
3913095,61467.0,Jessica Naz,Tottenham Hotspur Women,2,47,5,107.7,28.0,17.2,Inside box,From Goal Kick,Saved,0,Open Play,Right Foot,Normal,False,True,0.04509351
3913095,15577.0,Angharad James,Tottenham Hotspur Women,2,47,36,106.9,54.8,19.8,Inside box,From Corner,Off T,0,Open Play,Right Foot,Normal,True,False,0.046745725
3913095,87194.0,Celin Bizet Ildhusøy,Tottenham Hotspur Women,2,49,6,110.8,49.5,13.2,Inside box,From Throw In,Saved,0,Open Play,Left Foot,Normal,True,True,0.0730311
3913095,135753.0,Samantha Tierney,Leicester City WFC,2,50,23,104.6,50.5,18.6,Inside box,Regular Play,Blocked,0,Open Play,Right Foot,Normal,True,False,0.042508926
3913095,87194.0,Celin Bizet Ildhusøy,Tottenham Hotspur Women,2,56,0,107.4,48.8,15.4,Inside box,From Throw In,Goal,1,Open Play,Right Foot,Normal,True,True,0.1545689
3913095,18253.0,Hannah Cain,Leicester City WFC,2,57,34,100.9,34.5,19.9,Outside box,From Counter,Saved,0,Open Play,Right Foot,Normal,True,False,0.1127491
3913095,135753.0,Samantha Tierney,Leicester City WFC,2,59,40,100.2,37.8,19.9,Outside box,Regular Play,Post,0,Open Play,Right Foot,Normal,False,False,0.05820669
3913095,224822.0,Jutta Rantala,Leicester City WFC,2,66,0,96.0,45.5,24.6,Outside box,Regular Play,Off T,0,Open Play,Right Foot,Normal,False,False,0.045924343
3913095,21048.0,Rosella Ayane,Tottenham Hotspur Women,2,67,9,110.5,41.0,9.6,Inside box,Regular Play,Blocked,0,Open Play,Right Foot,Normal,True,False,0.15372404
3913095,15577.0,Angharad James,Tottenham Hotspur Women,2,67,13,109.1,45.5,12.2,Inside box,Regular Play,Wayward,0,Open Play,Right Foot,Backheel,True,False,0.051375132
3913095,46972.0,Luana Bühler,Tottenham Hotspur Women,2,75,20,109.0,31.8,13.7,Inside box,From Corner,Saved,0,Open Play,Head,Normal,False,False,0.036860485
3913095,16393.0,Ellie Brazil,Tottenham Hotspur Women,2,80,54,116.5,25.5,14.9,Inside box,From Throw In,Off T,0,Open Play,Right Foot,Normal,False,True,0.010330678
3913095,87194.0,Celin Bizet Ildhusøy,Tottenham Hotspur Women,2,89,10,105.7,52.2,18.8,Inside box,Regular Play,Blocked,0,Open Play,Left Foot,Normal,False,False,0.052818004
3913095,16393.0,Ellie Brazil,Tottenham Hotspur Women,2,89,11,114.1,45.9,8.3,Inside box,Regular Play,Blocked,0,Open Play,Right Foot,Half Volley,True,True,0.08271092
3913095,31558.0,Martha Thomas,Tottenham Hotspur Women,2,89,35,104.5,49.9,18.4,Inside box,Regular Play,Saved,0,Open Play,Right Foot,Normal,False,False,0.056219
3913095,21048.0,Rosella Ayane,Tottenham Hotspur Women,2,93,39,99.9,30.8,22.1,Outside box,From Throw In,Blocked,0,Open Play,Right Foot,Normal,False,False,0.03189633
3913144,31563.0,Rachel Williams,Manchester United W,1,2,35,113.0,31.8,10.8,Inside box,From Corner,Off T,0,Open Play,Head,Normal,False,False,0.045232803
3913144,4654.0,Nikita Parris,Manchester United W,1,3,16,101.4,49.3,20.8,Outside box,Regular Play,Off T,0,Open Play,Right Foot,Normal,True,False,0.09758895
3913144,31563.0,Rachel Williams,Manchester United W,1,3,37,106.1,39.5,13.9,Inside box,From Goal Kick,Goal,1,Open Play,Left Foot,Normal,False,True,0.19650704
3913144,25834.0,Viviane Asseyi,West Ham United LFC,1,5,12,97.4,48.2,24.0,Outside box,Regular Play,Blocked,0,Open Play,Right Foot,Normal,False,False,0.026057556
3913144,25834.0,Viviane Asseyi,West Ham United LFC,1,5,39,97.8,30.4,24.2,Outside box,Regular Play,Blocked,0,Open Play,Left Foot,Normal,False,False,0.029773885
3913144,4979.0,Katrina Gorry,West Ham United LFC,1,6,20,95.6,42.6,24.5,Outside box,From Corner,Saved,0,Open Play,Right Foot,Normal,False,False,0.030600112
3913144,22337.0,Maya Le Tissier,Manchester United W,1,37,24,92.0,46.0,28.6,Outside box,Regular Play,Saved,0,Open Play,Right Foot,Normal,True,False,0.02777448
3913144,276907.0,Amber Tysiak,West Ham United LFC,1,42,6,106.0,39.3,14.0,Inside box,From Free Kick,Wayward,0,Open Play,Head,Normal,False,True,0.01872653
3913144,31563.0,Rachel Williams,Manchester United W,1,45,28,112.7,36.3,8.2,Inside box,Regular Play,Saved,0,Open Play,Head,Normal,False,True,0.0931799
3913144,31536.0,Millie Turner,Manchester United W,1,46,5,112.2,34.3,9.7,Inside box,From Corner,Wayward,0,Open Play,Head,Normal,False,True,0.061871987
3913144,22337.0,Maya Le Tissier,Manchester United W,1,46,8,108.6,38.7,11.5,Inside box,From Corner,Blocked,0,Open Play,Right Foot,Half Volley,True,False,0.089926496
3913144,31536.0,Millie Turner,Manchester United W,1,46,9,114.3,33.8,8.4,Inside box,From Corner,Off T,0,Open Play,Right Foot,Half Volley,True,False,0.17701615
3913144,401930.0,Riko Ueki,West Ham United LFC,2,45,23,109.7,40.9,10.3,Inside box,From Kick Off,Off T,0,Open Play,Right Foot,Half Volley,True,False,0.17161058
3913144,31534.0,Ella Toone,Manchester United W,2,46,46,103.6,57.5,24.0,Inside box,Regular Play,Saved,0,Open Play,Right Foot,Half Volley,True,True,0.030991344
3913144,4979.0,Katrina Gorry,West Ham United LFC,2,47,36,102.3,39.0,17.7,Inside box,Regular Play,Off T,0,Open Play,Right Foot,Half Volley,True,True,0.043089926
3913144,4654.0,Nikita Parris,Manchester United W,2,52,23,115.5,42.3,5.1,Inside box,From Corner,Off T,0,Open Play,Head,Normal,False,False,0.20358431
3913144,131653.0,Honoka Hayashi,West Ham United LFC,2,53,44,108.5,34.0,13.0,Inside box,From Free Kick,Blocked,0,Open Play,Left Foot,Normal,True,False,0.09448572
3913144,31540.0,Katie Zelem,Manchester United W,2,59,12,92.6,25.6,31.0,Outside box,From Throw In,Off T,0,Open Play,Right Foot,Normal,False,False,0.019644206
3913144,25834.0,Viviane Asseyi,West Ham United LFC,2,67,30,108.5,27.4,17.1,Inside box,Regular Play,Blocked,0,Open Play,Right Foot,Normal,False,False,0.05121649
3913144,401930.0,Riko Ueki,West Ham United LFC,2,74,36,112.1,29.4,13.2,Inside box,Regular Play,Blocked,0,Open Play,Left Foot,Normal,False,True,0.0559542
3913144,25834.0,Viviane Asseyi,West Ham United LFC,2,74,41,107.3,26.3,18.7,Inside box,Regular Play,Blocked,0,Open Play,Right Foot,Normal,False,False,0.042674318
3913144,4979.0,Katrina Gorry,West Ham United LFC,2,74,47,99.6,44.7,20.9,Outside box,Regular Play,Wayward,0,Open Play,Right Foot,Volley,True,True,0.041411202
3913144,25834.0,Viviane Asseyi,West Ham United LFC,2,74,49,106.1,32.9,15.6,Inside box,Regular Play,Off T,0,Open Play,Left Foot,Volley,True,False,0.06985068
3913144,4654.0,Nikita Parris,Manchester United W,2,77,5,102.2,54.9,23.2,Inside box,From Free Kick,Saved,0,Open Play,Head,Normal,False,True,0.07181083
3913144,25834.0,Viviane Asseyi,West Ham United LFC,2,78,16,104.4,32.5,17.3,Inside box,From Throw In,Off T,0,Open Play,Left Foot,Normal,False,False,0.058353227
3913144,31563.0,Rachel Williams,Manchester United W,2,80,28,110.6,46.3,11.3,Inside box,From Corner,Off T,0,Open Play,Head,Normal,False,True,0.030704511
3913144,25513.0,Lucía García Córdoba,Manchester United W,2,81,40,107.6,49.6,15.7,Inside box,From Throw In,Off T,0,Open Play,Left Foot,Normal,False,False,0.08288158
3913144,31563.0,Rachel Williams,Manchester United W,2,82,45,113.7,36.7,7.1,Inside box,From Corner,Blocked,0,Open Play,Head,Normal,False,True,0.122173235
3913144,25834.0,Viviane Asseyi,West Ham United LFC,2,84,4,100.6,26.3,23.7,Outside box,From Goal Kick,Goal,1,Open Play,Left Foot,Normal,True,True,0.046468318
3913144,401930.0,Riko Ueki,West Ham United LFC,2,90,34,110.8,41.0,9.3,Inside box,From Throw In,Off T,0,Open Play,Head,Normal,False,True,0.062255997
3913144,25513.0,Lucía García Córdoba,Manchester United W,2,94,19,101.0,38.4,19.1,Outside box,From Throw In,Saved,0,Open Play,Left Foot,Normal,False,True,0.15506181
3913144,31563.0,Rachel Williams,Manchester United W,2,96,25,107.9,42.3,12.3,Inside box,From Free Kick,Off T,0,Open Play,Left Foot,Half Volley,True,False,0.7512842
3913154,15550.0,Bethany England,Tottenham Hotspur Women,1,1,46,109.2,50.5,15.1,Inside box,From Throw In,Goal,1,Open Play,Left Foot,Normal,False,False,0.11545498
3913154,15716.0,Emily Syme,Bristol City WFC,1,3,51,100.6,35.2,20.0,Outside box,From Corner,Blocked,0,Open Play,Left Foot,Normal,False,False,0.047366034
3913154,337710.0,Cecilie Maag Struck,Bristol City WFC,1,3,58,100.0,50.4,22.5,Outside box,From Corner,Blocked,0,Open Play,Right Foot,Normal,False,False,0.03220367
3913154,21023.0,Amanda Nildén,Tottenham Hotspur Women,1,4,33,97.7,29.2,24.8,Outside box,Regular Play,Saved,0,Open Play,Left Foot,Normal,True,False,0.028822964
3913154,46740.0,Grace Clinton,Tottenham Hotspur Women,1,15,9,98.1,46.2,22.8,Outside box,Regular Play,Off T,0,Open Play,Left Foot,Normal,False,False,0.0473847
3913154,4848.0,Ashleigh Neville,Tottenham Hotspur Women,1,16,17,106.4,48.7,16.1,Inside box,Regular Play,Blocked,0,Open Play,Left Foot,Normal,False,False,0.052640054
3913154,23412.0,Abigail Harrison,Bristol City WFC,1,18,39,109.1,32.3,13.3,Inside box,From Corner,Saved Off Target,0,Open Play,Right Foot,Half Volley,True,False,0.07746295
3913154,87194.0,Celin Bizet Ildhusøy,Tottenham Hotspur Women,1,27,33,109.5,29.6,14.8,Inside box,From Free Kick,Off T,0,Open Play,Right Foot,Volley,True,False,0.12683456
3913154,191850.0,Eveliina Summanen,Tottenham Hotspur Women,1,28,31,94.0,39.8,26.0,Outside box,Regular Play,Wayward,0,Open Play,Right Foot,Normal,True,False,0.030992787
3913154,19417.0,Amy Rodgers,Bristol City WFC,1,30,52,114.9,39.9,5.1,Inside box,From Corner,Off T,0,Open Play,Head,Normal,False,True,0.1609965
3913154,87194.0,Celin Bizet Ildhusøy,Tottenham Hotspur Women,1,31,50,111.9,29.3,13.4,Inside box,From Counter,Off T,0,Open Play,Left Foot,Normal,False,False,0.21852408
3913154,61467.0,Jessica Naz,Tottenham Hotspur Women,1,37,53,111.1,31.9,12.0,Inside box,Regular Play,Off T,0,Open Play,Left Foot,Normal,False,True,0.074113585
3913154,191850.0,Eveliina Summanen,Tottenham Hotspur Women,1,46,26,117.5,47.3,7.7,Inside box,From Corner,Off T,0,Open Play,Head,Normal,False,False,0.11452625
3913154,4638.0,Drew Spence,Tottenham Hotspur Women,2,47,52,110.0,34.3,11.5,Inside box,From Free Kick,Off T,0,Open Play,Right Foot,Half Volley,True,False,0.1125282
3913154,4848.0,Ashleigh Neville,Tottenham Hotspur Women,2,50,55,101.3,60.6,27.8,Outside box,Regular Play,Saved,0,Open Play,Left Foot,Normal,False,False,0.0123338755
3913154,4638.0,Drew Spence,Tottenham Hotspur Women,2,57,37,88.4,42.2,31.7,Outside box,Regular Play,Saved,0,Open Play,Right Foot,Normal,False,False,0.023758624
3913154,4638.0,Drew Spence,Tottenham Hotspur Women,2,58,16,108.8,38.9,11.3,Inside box,From Corner,Off T,0,Open Play,Head,Normal,False,True,0.040765435
3913154,15550.0,Bethany England,Tottenham Hotspur Women,2,59,53,105.0,36.0,15.5,Inside box,Regular Play,Saved,0,Open Play,Left Foot,Normal,False,False,0.06546396
3913154,345061.0,Mari Ward,Bristol City WFC,2,61,32,95.4,45.7,25.3,Outside box,From Free Kick,Wayward,0,Open Play,Right Foot,Volley,True,True,0.026125312
3913154,15788.0,Amalie Grønbak Thestrup,Bristol City WFC,2,61,38,108.1,46.1,13.4,Inside box,From Free Kick,Blocked,0,Open Play,Right Foot,Volley,True,False,0.08412305
3913154,224845.0,Sarah Anne Stratigakis,Bristol City WFC,2,62,31,100.9,44.6,19.6,Outside box,Regular Play,Saved,0,Open Play,Right Foot,Normal,False,False,0.11001505
3913154,224167.0,Matilda Liv Vinberg,Tottenham Hotspur Women,2,63,10,100.0,58.0,26.9,Outside box,From Keeper,Off T,0,Open Play,Left Foot,Normal,False,False,0.024956794
3913154,23412.0,Abigail Harrison,Bristol City WFC,2,65,57,107.5,26.4,18.5,Inside box,Regular Play,Blocked,0,Open Play,Left Foot,Normal,True,False,0.045207772
3913154,24461.0,Shuang Wang,Tottenham Hotspur Women,2,71,22,94.0,32.8,27.0,Outside box,Regular Play,Blocked,0,Open Play,Left Foot,Normal,False,False,0.02854804
3913154,4638.0,Drew Spence,Tottenham Hotspur Women,2,74,47,103.2,39.4,16.8,Inside box,From Throw In,Saved,0,Open Play,Left Foot,Normal,False,False,0.0729936
3913154,24461.0,Shuang Wang,Tottenham Hotspur Women,2,76,19,118.2,34.5,5.8,Inside box,From Corner,Post,0,Open Play,Head,Normal,False,True,0.13365957
3913154,24461.0,Shuang Wang,Tottenham Hotspur Women,2,76,28,112.9,38.9,7.2,Inside box,From Corner,Off T,0,Open Play,Head,Normal,False,True,0.12592104
3913154,21023.0,Amanda Nildén,Tottenham Hotspur Women,2,77,59,100.2,29.2,22.6,Outside box,Regular Play,Blocked,0,Open Play,Left Foot,Normal,False,False,0.04106415
3913154,15788.0,Amalie Grønbak Thestrup,Bristol City WFC,2,83,38,110.4,58.4,20.8,Inside box,From Counter,Off T,0,Open Play,Right Foot,Normal,False,False,0.016515996
3913154,4848.0,Ashleigh Neville,Tottenham Hotspur Women,2,86,25,114.3,43.8,6.9,Inside box,From Corner,Blocked,0,Open Play,Head,Normal,False,True,0.11815476
3913154,4848.0,Ashleigh Neville,Tottenham Hotspur Women,2,86,27,114.0,41.1,6.1,Inside box,From Corner,Blocked,0,Open Play,Right Foot,Half Volley,True,False,0.1911047
3913154,24461.0,Shuang Wang,Tottenham Hotspur Women,2,86,31,104.0,34.4,17.0,Inside box,From Corner,Off T,0,Open Play,Left Foot,Normal,False,False,0.06843302
3913154,224167.0,Matilda Liv Vinberg,Tottenham Hotspur Women,2,92,2,105.2,47.5,16.6,Inside box,Regular Play,Blocked,0,Open Play,Left Foot,Normal,False,False,0.075048536
3913154,224167.0,Matilda Liv Vinberg,Tottenham Hotspur Women,2,95,1,113.8,27.2,14.2,Inside box,From Free Kick,Post,0,Open Play,Left Foot,Normal,True,True,0.05859526
3913162,19498.0,Jessica Park,Manchester City WFC,1,15,29,101.3,54.4,23.6,Outside box,Regular Play,Saved,0,Open Play,Right Foot,Normal,False,False,0.030958235
3913162,15555.0,Lauren Hemp,Manchester City WFC,1,15,32,112.5,39.2,7.5,Inside box,Regular Play,Goal,1,Open Play,Right Foot,Normal,False,True,0.11041217
3913162,19498.0,Jessica Park,Manchester City WFC,1,21,21,108.2,47.1,13.8,Inside box,From Corner,Goal,1,Open Play,Right Foot,Normal,False,False,0.13943273
3913162,25554.0,Khadija Monifa Shaw,Manchester City WFC,1,23,7,90.4,43.0,29.8,Outside box,Regular Play,Goal,1,Open Play,Right Foot,Normal,False,True,0.024558606
3913162,46974.0,Marie Therese Höbinger,Liverpool WFC,1,24,25,93.3,45.8,27.3,Outside box,From Kick Off,Off T,0,Open Play,Right Foot,Normal,False,False,0.047572833
3913162,18146.0,Leanne Kiernan,Liverpool WFC,1,27,24,101.4,35.6,19.1,Outside box,From Counter,Off T,0,Open Play,Left Foot,Normal,False,True,0.19802864
3913162,25632.0,Yui Hasegawa,Manchester City WFC,1,28,32,88.9,31.1,32.3,Outside box,From Throw In,Blocked,0,Open Play,Right Foot,Normal,True,False,0.01760345
3913162,5078.0,Alanna Stephanie Kennedy,Manchester City WFC,1,29,8,112.7,35.5,8.6,Inside box,From Corner,Off T,0,Open Play,Head,Normal,False,True,0.07740478
3913162,24706.0,Sophie Roman Haug,Liverpool WFC,1,40,14,88.5,43.8,31.7,Outside box,Regular Play,Blocked,0,Open Play,Right Foot,Normal,True,False,0.021895533
3913162,15555.0,Lauren Hemp,Manchester City WFC,1,46,22,103.1,51.6,20.5,Inside box,Regular Play,Saved,0,Open Play,Left Foot,Half Volley,True,False,0.031553984
3913162,25554.0,Khadija Monifa Shaw,Manchester City WFC,2,49,31,117.3,33.9,6.7,Inside box,From Corner,Goal,1,Open Play,Head,Normal,False,True,0.09010188
3913162,24237.0,Missy Bo Kearns,Liverpool WFC,2,51,31,105.8,37.7,14.4,Inside box,Regular Play,Off T,0,Open Play,Right Foot,Half Volley,False,False,0.03926153
3913162,15547.0,Melissa Lawley,Liverpool WFC,2,53,22,91.0,32.5,30.0,Outside box,Regular Play,Saved,0,Open Play,Right Foot,Normal,False,False,0.023577461
3913162,322359.0,Ceri Holland,Liverpool WFC,2,58,21,97.9,26.9,25.7,Outside box,From Corner,Saved,0,Open Play,Right Foot,Normal,False,False,0.023352934
3913162,19498.0,Jessica Park,Manchester City WFC,2,60,2,101.5,43.4,18.8,Outside box,From Free Kick,Blocked,0,Open Play,Right Foot,Normal,False,False,0.06610609
3913162,299860.0,Fuka Nagano,Liverpool WFC,2,66,17,92.8,62.0,35.0,Outside box,From Throw In,Saved,0,Open Play,Right Foot,Normal,False,False,0.007829705
3913162,33675.0,Laura Madison Blindkilde Brown,Manchester City WFC,2,67,34,101.6,33.2,19.6,Outside box,From Throw In,Off T,0,Open Play,Right Foot,Normal,False,True,0.106259555
3913162,25554.0,Khadija Monifa Shaw,Manchester City WFC,2,69,6,113.0,52.1,14.0,Inside box,Regular Play,Blocked,0,Open Play,Right Foot,Normal,False,False,0.068761565
3913162,25554.0,Khadija Monifa Shaw,Manchester City WFC,2,72,4,109.7,45.2,11.5,Inside box,From Free Kick,Saved,0,Open Play,Left Foot,Half Volley,True,False,0.3608664
3913162,329372.0,Mia Enderby,Liverpool WFC,2,76,21,101.4,44.2,19.1,Outside box,From Corner,Saved,0,Open Play,Left Foot,Normal,False,False,0.10188504
3913162,329372.0,Mia Enderby,Liverpool WFC,2,81,44,112.1,60.1,21.6,Inside box,From Throw In,Saved,0,Open Play,Right Foot,Normal,True,True,0.007418363
3913162,19687.0,Taylor Hinds,Liverpool WFC,2,83,18,88.5,35.8,31.8,Outside box,From Keeper,Saved to Post,0,Open Play,Right Foot,Normal,False,False,0.018773172
3913162,15570.0,Chloe Kelly,Manchester City WFC,2,87,17,108.2,52.2,17.0,Inside box,Regular Play,Saved,0,Open Play,Right Foot,Normal,False,False,0.063337006
3913162,15570.0,Chloe Kelly,Manchester City WFC,2,89,21,105.2,54.6,20.8,Inside box,Regular Play,Blocked,0,Open Play,Left Foot,Normal,False,False,0.04213907
3913162,33675.0,Laura Madison Blindkilde Brown,Manchester City WFC,2,89,25,101.9,42.8,18.3,Outside box,Regular Play,Off T,0,Open Play,Right Foot,Half Volley,True,True,0.050018273
3913162,19498.0,Jessica Park,Manchester City WFC,2,94,24,88.6,56.0,35.2,Outside box,Regular Play,Off T,0,Open Play,Right Foot,Normal,False,True,0.0091661615
3913172,25453.0,Geum-Min Lee,Brighton & Hove Albion WFC,1,2,10,95.1,22.5,30.4,Outside box,Regular Play,Off T,0,Open Play,Right Foot,Normal,False,False,0.011554837
3913172,132034.0,Charlotte Layne Grant,Tottenham Hotspur Women,1,7,6,107.2,43.6,13.3,Inside box,From Counter,Off T,0,Open Play,Right Foot,Normal,False,True,0.559047
3913172,46740.0,Grace Clinton,Tottenham Hotspur Women,1,8,27,104.9,40.2,15.1,Inside box,Regular Play,Wayward,0,Open Play,Left Foot,Volley,True,True,0.06718648
3913172,46740.0,Grace Clinton,Tottenham Hotspur Women,1,8,32,104.8,47.9,17.1,Inside box,Regular Play,Blocked,0,Open Play,Right Foot,Normal,True,False,0.06676008
3913172,224167.0,Matilda Liv Vinberg,Tottenham Hotspur Women,1,8,42,102.9,32.3,18.8,Inside box,Regular Play,Blocked,0,Open Play,Left Foot,Normal,False,True,0.055396974
3913172,46740.0,Grace Clinton,Tottenham Hotspur Women,1,9,44,111.4,50.6,13.6,Inside box,Regular Play,Off T,0,Open Play,Right Foot,Normal,False,True,0.052983377
3913172,276301.0,Elisabeth Terland,Brighton & Hove Albion WFC,1,15,52,113.1,31.8,10.7,Inside box,From Free Kick,Saved,0,Open Play,Right Foot,Normal,False,False,0.30843478
3913172,276301.0,Elisabeth Terland,Brighton & Hove Albion WFC,1,16,21,113.0,40.4,7.0,Inside box,Regular Play,Saved to Post,0,Open Play,Head,Normal,False,False,0.22989038
3913172,276301.0,Elisabeth Terland,Brighton & Hove Albion WFC,1,16,23,118.0,44.2,4.7,Inside box,Regular Play,Goal,1,Open Play,Right Foot,Half Volley,False,True,0.62514955
3913172,15550.0,Bethany England,Tottenham Hotspur Women,1,22,36,107.4,42.3,12.8,Inside box,From Corner,Off T,0,Open Play,Head,Normal,False,False,0.03406399
3913172,15550.0,Bethany England,Tottenham Hotspur Women,1,24,59,99.8,46.4,21.2,Outside box,From Throw In,Blocked,0,Open Play,Left Foot,Normal,False,False,0.05108315
3913172,132034.0,Charlotte Layne Grant,Tottenham Hotspur Women,1,25,1,110.7,49.5,13.3,Inside box,From Throw In,Saved,0,Open Play,Left Foot,Normal,True,True,0.2502943
3913172,15550.0,Bethany England,Tottenham Hotspur Women,1,26,22,107.9,32.6,14.2,Inside box,Regular Play,Saved,0,Open Play,Left Foot,Normal,False,False,0.16411507
3913172,21023.0,Amanda Nildén,Tottenham Hotspur Women,1,26,59,95.4,28.2,27.3,Outside box,From Corner,Off T,0,Open Play,Left Foot,Half Volley,True,False,0.0143028265
3913172,25453.0,Geum-Min Lee,Brighton & Hove Albion WFC,1,41,54,105.5,41.4,14.6,Inside box,From Throw In,Wayward,0,Open Play,Head,Normal,False,False,0.038423624
3913172,61467.0,Jessica Naz,Tottenham Hotspur Women,1,42,30,97.7,29.5,24.6,Outside box,Regular Play,Blocked,0,Open Play,Right Foot,Normal,False,True,0.03174203
3913172,46740.0,Grace Clinton,Tottenham Hotspur Women,2,45,48,108.1,32.6,14.0,Inside box,From Counter,Blocked,0,Open Play,Left Foot,Normal,False,False,0.1203546
3913172,85004.0,Maisie Symonds,Brighton & Hove Albion WFC,2,51,58,93.4,32.0,27.8,Outside box,From Throw In,Off T,0,Open Play,Right Foot,Normal,False,False,0.037379578
3913172,405188.0,Madison Haley,Brighton & Hove Albion WFC,2,59,31,109.4,46.8,12.6,Inside box,From Throw In,Wayward,0,Open Play,Head,Normal,False,False,0.0394635
3913172,24461.0,Shuang Wang,Tottenham Hotspur Women,2,63,48,99.8,56.8,26.3,Outside box,From Corner,Saved Off Target,0,Open Play,Left Foot,Normal,False,True,0.025065778
3913172,191850.0,Eveliina Summanen,Tottenham Hotspur Women,2,69,34,86.6,47.7,34.3,Outside box,From Free Kick,Blocked,0,Free Kick,Right Foot,Normal,False,False,0.022662604
3913172,31551.0,Kit Graham,Tottenham Hotspur Women,2,71,16,102.8,51.9,20.9,Inside box,From Goal Kick,Off T,0,Open Play,Right Foot,Normal,False,True,0.042223044
3913172,15550.0,Bethany England,Tottenham Hotspur Women,2,80,43,110.7,40.8,9.3,Inside box,From Throw In,Goal,1,Open Play,Left Foot,Volley,True,True,0.17882918
3913172,31533.0,Amy Turner,Tottenham Hotspur Women,2,83,13,114.6,47.5,9.2,Inside box,From Corner,Blocked,0,Open Play,Head,Normal,False,True,0.06630802
3913172,4848.0,Ashleigh Neville,Tottenham Hotspur Women,2,83,16,115.7,38.7,4.5,Inside box,From Corner,Blocked,0,Open Play,Left Foot,Normal,False,False,0.20435843
3913172,46740.0,Grace Clinton,Tottenham Hotspur Women,2,84,16,103.1,45.5,17.8,Inside box,From Throw In,Saved,0,Open Play,Right Foot,Normal,False,False,0.09736066
3913172,21059.0,Katie Robinson,Brighton & Hove Albion WFC,2,84,48,107.6,62.0,25.3,Inside box,From Keeper,Saved,0,Open Play,Right Foot,Normal,False,False,0.0077538565
3913172,31533.0,Amy Turner,Tottenham Hotspur Women,2,86,1,113.9,37.8,6.5,Inside box,From Corner,Saved,0,Open Play,Head,Normal,False,True,0.12050945
3913172,15550.0,Bethany England,Tottenham Hotspur Women,2,91,3,98.8,41.4,21.2,Outside box,Regular Play,Saved to Post,0,Open Play,Right Foot,Normal,False,True,0.052302968
3913172,46740.0,Grace Clinton,Tottenham Hotspur Women,2,91,36,108.1,40.1,11.9,Inside box,Regular Play,Saved,0,Open Play,Head,Normal,False,False,0.11539938
3913172,46740.0,Grace Clinton,Tottenham Hotspur Women,2,93,39,96.5,42.4,23.6,Outside box,From Corner,Blocked,0,Open Play,Right Foot,Half Volley,True,False,0.02915727
3913100,46459.0,Katja Snoeijs,Everton LFC,1,3,53,109.5,53.8,17.3,Inside box,From Counter,Saved,0,Open Play,Left Foot,Normal,False,False,0.091731116
3913100,78072.0,Anna Patten,Aston Villa W,1,9,11,107.4,41.2,12.7,Inside box,From Free Kick,Saved,0,Open Play,Head,Normal,False,True,0.03669138
3913100,10274.0,Nicoline Sørensen,Everton LFC,1,18,34,99.6,36.5,20.7,Outside box,From Corner,Wayward,0,Open Play,Right Foot,Volley,True,True,0.050406743
3913100,10192.0,Jordan Nobbs,Aston Villa W,1,20,42,96.0,50.5,26.2,Outside box,From Free Kick,Blocked,0,Open Play,Right Foot,Normal,False,False,0.025396487
3913100,15724.0,Mayumi Pacheco,Aston Villa W,1,20,45,94.3,39.0,25.7,Outside box,From Free Kick,Blocked,0,Open Play,Left Foot,Normal,True,False,0.029756613
3913100,15421.0,Kenza Dali,Aston Villa W,1,25,50,107.7,55.6,19.9,Inside box,From Counter,Saved,0,Open Play,Right Foot,Normal,True,False,0.049788572
3913100,5058.0,Rachel Daly,Aston Villa W,1,33,42,111.2,42.9,9.3,Inside box,Regular Play,Saved,0,Open Play,Right Foot,Normal,True,False,0.33680028
3913100,46459.0,Katja Snoeijs,Everton LFC,1,40,43,107.5,47.8,14.7,Inside box,From Counter,Saved,0,Open Play,Left Foot,Normal,False,False,0.16054894
3913100,34499.0,Hanna Ulrika Bennison,Everton LFC,1,41,28,105.4,16.9,27.3,Outside box,From Corner,Saved,0,Open Play,Right Foot,Normal,False,False,0.008768198
3913100,31532.0,Kirsty Hanson,Aston Villa W,1,44,43,98.9,23.3,26.9,Outside box,Regular Play,Off T,0,Open Play,Left Foot,Normal,True,False,0.024596604
3913100,8297.0,Adriana Kristina Leon,Aston Villa W,1,48,52,109.9,45.9,11.7,Inside box,From Throw In,Saved Off Target,0,Open Play,Left Foot,Volley,True,True,0.07656378
3913100,5058.0,Rachel Daly,Aston Villa W,2,54,57,114.1,36.5,6.9,Inside box,From Kick Off,Goal,1,Open Play,Right Foot,Normal,True,False,0.25337288
3913100,34499.0,Hanna Ulrika Bennison,Everton LFC,2,56,30,100.9,36.9,19.3,Outside box,Regular Play,Blocked,0,Open Play,Right Foot,Normal,False,True,0.045022562
3913100,32229.0,Sara Holmgaard,Everton LFC,2,68,21,106.0,23.1,21.9,Inside box,From Corner,Wayward,0,Open Play,Left Foot,Normal,False,True,0.037586186
3913100,26093.0,Gun Nathalie Björn,Everton LFC,2,73,45,108.1,40.1,11.9,Inside box,Other,Goal,1,Penalty,Right Foot,Normal,False,False,0.7835
3913100,10274.0,Nicoline Sørensen,Everton LFC,2,78,48,110.4,29.7,14.1,Inside box,From Counter,Saved,0,Open Play,Left Foot,Normal,False,True,0.25867155
3913100,15421.0,Kenza Dali,Aston Villa W,2,79,30,95.2,43.1,25.0,Outside box,Regular Play,Saved,0,Open Play,Right Foot,Normal,False,False,0.032554373
3913100,15421.0,Kenza Dali,Aston Villa W,2,81,54,97.4,28.2,25.5,Outside box,From Free Kick,Off T,0,Free Kick,Right Foot,Normal,False,False,0.06106296
3913100,15559.0,Simone Magill,Aston Villa W,2,87,33,110.4,26.3,16.7,Inside box,From Throw In,Saved,0,Open Play,Right Foot,Normal,False,True,0.052397355
3913100,15724.0,Mayumi Pacheco,Aston Villa W,2,93,34,100.9,36.2,19.5,Outside box,From Throw In,Blocked,0,Open Play,Right Foot,Normal,False,False,0.054163873
3913100,18153.0,Alisha Lehmann,Aston Villa W,2,94,20,114.7,28.9,12.3,Inside box,From Corner,Saved,0,Open Play,Right Foot,Normal,True,True,0.08891587
3913100,15421.0,Kenza Dali,Aston Villa W,2,94,43,96.6,27.6,26.5,Outside box,From Corner,Off T,0,Open Play,Right Foot,Half Volley,True,False,0.018043842
3913078,31614.0,Melvine Malard,Manchester United W,1,4,30,108.8,40.3,11.2,Inside box,From Throw In,Blocked,0,Open Play,Right Foot,Half Volley,False,True,0.090238586
3913078,401932.0,Hinata Miyazawa,Manchester United W,1,4,57,86.2,43.4,34.0,Outside box,Regular Play,Saved Off Target,0,Open Play,Right Foot,Normal,False,False,0.018566325
3913078,401932.0,Hinata Miyazawa,Manchester United W,1,5,24,99.1,43.2,21.1,Outside box,Regular Play,Off T,0,Open Play,Left Foot,Normal,False,False,0.05619727
3913078,10274.0,Nicoline Sørensen,Everton LFC,1,12,4,109.7,26.9,16.7,Inside box,From Throw In,Off T,0,Open Play,Right Foot,Normal,False,True,0.100724906
3913078,31614.0,Melvine Malard,Manchester United W,1,13,48,115.4,43.6,5.8,Inside box,From Corner,Goal,1,Open Play,Head,Normal,False,False,0.35320416
3913078,4654.0,Nikita Parris,Manchester United W,1,15,47,113.0,43.2,7.7,Inside box,Regular Play,Off T,0,Open Play,Head,Normal,False,True,0.15619425
3913078,17275.0,Hannah Jayne Blundell,Manchester United W,1,19,31,101.8,28.0,21.8,Outside box,From Keeper,Off T,0,Open Play,Right Foot,Half Volley,True,True,0.029106012
3913078,46459.0,Katja Snoeijs,Everton LFC,1,22,18,107.0,43.5,13.5,Inside box,Regular Play,Off T,0,Open Play,Head,Normal,False,False,0.06203178
3913078,34499.0,Hanna Ulrika Bennison,Everton LFC,1,34,6,91.1,34.0,29.5,Outside box,From Keeper,Saved,0,Open Play,Right Foot,Normal,False,False,0.020742707
3913078,10274.0,Nicoline Sørensen,Everton LFC,1,37,45,107.0,59.6,23.5,Inside box,Regular Play,Saved,0,Open Play,Right Foot,Normal,False,False,0.014769932
3913078,34499.0,Hanna Ulrika Bennison,Everton LFC,1,38,32,108.0,42.7,12.3,Inside box,From Corner,Saved,0,Open Play,Head,Normal,False,True,0.056334063
3913078,10274.0,Nicoline Sørensen,Everton LFC,1,39,54,110.1,27.3,16.1,Inside box,From Free Kick,Wayward,0,Open Play,Right Foot,Normal,False,True,0.12358547
3913078,4654.0,Nikita Parris,Manchester United W,1,43,8,109.8,37.4,10.5,Inside box,From Free Kick,Saved,0,Open Play,Head,Normal,False,False,0.10131531
3913078,31614.0,Melvine Malard,Manchester United W,2,48,44,102.2,38.1,17.9,Inside box,Regular Play,Saved,0,Open Play,Right Foot,Normal,False,True,0.06326119
3913078,31534.0,Ella Toone,Manchester United W,2,50,33,103.9,34.3,17.1,Inside box,From Free Kick,Off T,0,Open Play,Right Foot,Normal,True,False,0.102291964
3913078,17275.0,Hannah Jayne Blundell,Manchester United W,2,54,23,93.5,29.3,28.6,Outside box,From Free Kick,Saved,0,Open Play,Right Foot,Half Volley,False,False,0.017251652
3913078,4654.0,Nikita Parris,Manchester United W,2,57,7,112.0,39.0,8.1,Inside box,Regular Play,Goal,1,Open Play,Head,Normal,False,False,0.24881569
3913078,34499.0,Hanna Ulrika Bennison,Everton LFC,2,61,50,104.5,38.3,15.6,Inside box,From Corner,Blocked,0,Open Play,Left Foot,Half Volley,False,False,0.05977801
3913078,10088.0,Katrine Veje,Everton LFC,2,64,50,100.8,22.4,26.0,Outside box,From Throw In,Off T,0,Open Play,Left Foot,Normal,False,False,0.03162231
3913078,18254.0,Megan Finnigan,Everton LFC,2,71,23,111.9,37.2,8.6,Inside box,From Corner,Saved,0,Open Play,Head,Normal,False,True,0.06860885
3913078,31563.0,Rachel Williams,Manchester United W,2,76,4,115.0,38.7,5.2,Inside box,Regular Play,Goal,1,Open Play,Right Foot,Volley,True,False,0.6023181
3913078,338059.0,Clare Wheeler,Everton LFC,2,79,1,107.6,36.0,13.0,Inside box,From Corner,Off T,0,Open Play,Left Foot,Half Volley,False,False,0.0815197
3913078,31563.0,Rachel Williams,Manchester United W,2,84,10,111.0,37.7,9.3,Inside box,From Free Kick,Goal,1,Open Play,Head,Normal,False,True,0.1665698
3913078,25513.0,Lucía García Córdoba,Manchester United W,2,86,38,102.6,34.5,18.2,Inside box,From Free Kick,Saved,0,Open Play,Right Foot,Normal,False,False,0.08243291
3913078,4654.0,Nikita Parris,Manchester United W,2,89,18,109.0,30.3,14.7,Inside box,From Throw In,Blocked,0,Open Play,Left Foot,Normal,True,False,0.18342711
3913078,401932.0,Hinata Miyazawa,Manchester United W,2,91,23,107.6,49.8,15.8,Inside box,From Throw In,Saved,0,Open Play,Right Foot,Normal,False,False,0.3383992
3913078,401932.0,Hinata Miyazawa,Manchester United W,2,91,26,115.2,46.1,7.8,Inside box,From Throw In,Off T,0,Open Play,Right Foot,Half Volley,True,True,0.14355774
3913078,4654.0,Nikita Parris,Manchester United W,2,92,14,104.8,36.9,15.5,Inside box,From Throw In,Goal,1,Open Play,Right Foot,Half Volley,False,False,0.19593899
3913110,10274.0,Nicoline Sørensen,Everton LFC,1,3,37,113.9,49.5,11.3,Inside box,From Throw In,Off T,0,Open Play,Right Foot,Half Volley,True,True,0.078501135
3913110,25834.0,Viviane Asseyi,West Ham United LFC,1,5,26,101.6,35.8,18.9,Outside box,Regular Play,Off T,0,Open Play,Right Foot,Normal,False,True,0.100516155
3913110,276907.0,Amber Tysiak,West Ham United LFC,1,15,38,112.0,36.3,8.8,Inside box,From Free Kick,Off T,0,Open Play,Head,Normal,False,False,0.11778034
3913110,10183.0,Toni Duggan,Everton LFC,1,20,38,111.5,52.3,15.0,Inside box,Regular Play,Off T,0,Open Play,Left Foot,Normal,False,False,0.11928971
3913110,10179.0,Lisa Evans,West Ham United LFC,1,25,28,86.0,40.6,34.0,Outside box,From Free Kick,Saved,0,Free Kick,Right Foot,Normal,False,False,0.019809911
3913110,322322.0,Jessica Ziu,West Ham United LFC,1,27,9,108.5,37.0,11.9,Inside box,Regular Play,Wayward,0,Open Play,Left Foot,Normal,True,True,0.3954113
3913110,26093.0,Gun Nathalie Björn,Everton LFC,1,30,16,113.1,47.0,9.8,Inside box,Regular Play,Saved Off Target,0,Open Play,Right Foot,Normal,True,True,0.10954699
3913110,26093.0,Gun Nathalie Björn,Everton LFC,1,32,18,96.9,39.3,23.1,Outside box,From Throw In,Blocked,0,Open Play,Left Foot,Normal,False,False,0.04193403
3913110,18254.0,Megan Finnigan,Everton LFC,1,36,28,101.4,48.6,20.5,Outside box,From Free Kick,Saved,0,Open Play,Right Foot,Half Volley,True,False,0.037985224
3913110,18254.0,Megan Finnigan,Everton LFC,1,42,30,117.0,41.5,3.4,Inside box,From Corner,Off T,0,Open Play,Head,Normal,False,True,0.25893107
3913110,401930.0,Riko Ueki,West Ham United LFC,2,45,24,106.0,43.6,14.5,Inside box,From Kick Off,Saved,0,Open Play,Right Foot,Normal,False,False,0.17075068
3913110,10274.0,Nicoline Sørensen,Everton LFC,2,46,49,111.5,60.5,22.2,Inside box,Regular Play,Saved,0,Open Play,Right Foot,Normal,True,True,0.007860994
3913110,46459.0,Katja Snoeijs,Everton LFC,2,53,35,97.2,44.4,23.2,Outside box,From Counter,Blocked,0,Open Play,Right Foot,Normal,False,False,0.048880108
3913110,25834.0,Viviane Asseyi,West Ham United LFC,2,58,36,100.6,41.8,19.5,Outside box,Regular Play,Saved,0,Open Play,Right Foot,Normal,False,False,0.13818333
3913110,401930.0,Riko Ueki,West Ham United LFC,2,60,1,104.5,41.0,15.5,Inside box,Regular Play,Saved to Post,0,Open Play,Right Foot,Normal,True,False,0.20055194
3913110,32230.0,Karen Holmgaard,Everton LFC,2,62,18,118.1,33.3,7.0,Inside box,From Corner,Goal,1,Open Play,Head,Normal,False,False,0.110752605
3913110,46459.0,Katja Snoeijs,Everton LFC,2,66,14,105.6,26.8,19.5,Inside box,From Throw In,Blocked,0,Open Play,Right Foot,Normal,False,True,0.05755663
3913110,16382.0,Heather Payne,Everton LFC,2,66,16,107.8,54.5,18.9,Inside box,From Throw In,Saved,0,Open Play,Right Foot,Half Volley,True,False,0.03592758
3913110,25834.0,Viviane Asseyi,West Ham United LFC,2,71,30,109.7,37.8,10.5,Inside box,From Free Kick,Saved,0,Open Play,Head,Normal,False,False,0.07733565
3913110,15573.0,Abbey-Leigh Stringer,West Ham United LFC,2,72,14,102.6,47.0,18.8,Inside box,From Keeper,Blocked,0,Open Play,Right Foot,Half Volley,True,False,0.0369582
3913110,10274.0,Nicoline Sørensen,Everton LFC,2,84,0,100.5,50.7,22.2,Outside box,From Throw In,Off T,0,Open Play,Left Foot,Normal,False,False,0.04249139
3913110,401930.0,Riko Ueki,West Ham United LFC,2,84,49,110.4,43.5,10.2,Inside box,From Throw In,Off T,0,Open Play,Head,Normal,False,True,0.06374774
3913110,25834.0,Viviane Asseyi,West Ham United LFC,2,88,3,116.2,39.5,3.8,Inside box,From Corner,Blocked,0,Open Play,Right Foot,Volley,True,False,0.38192874
3912596,21059.0,Katie Robinson,Brighton & Hove Albion WFC,1,2,56,90.0,41.8,30.1,Outside box,From Throw In,Post,0,Open Play,Right Foot,Normal,False,False,0.027002128
3912596,276301.0,Elisabeth Terland,Brighton & Hove Albion WFC,1,3,0,112.0,36.8,8.6,Inside box,From Throw In,Goal,1,Open Play,Head,Normal,False,True,0.08589742
3912596,276301.0,Elisabeth Terland,Brighton & Hove Albion WFC,1,5,39,95.1,36.5,25.1,Outside box,Regular Play,Off T,0,Open Play,Right Foot,Normal,False,False,0.04764232
3912596,276301.0,Elisabeth Terland,Brighton & Hove Albion WFC,1,10,14,98.5,53.8,25.5,Outside box,From Goal Kick,Off T,0,Open Play,Right Foot,Normal,False,False,0.021419877
3912596,276301.0,Elisabeth Terland,Brighton & Hove Albion WFC,1,13,33,108.8,41.0,11.2,Inside box,From Throw In,Goal,1,Open Play,Right Foot,Normal,True,True,0.38153067
3912596,16386.0,Lucy Hope,Everton LFC,1,16,14,99.2,52.6,24.3,Outside box,Regular Play,Off T,0,Open Play,Left Foot,Half Volley,False,True,0.027875612
3912596,10274.0,Nicoline Sørensen,Everton LFC,1,22,57,104.7,53.7,20.5,Inside box,Regular Play,Blocked,0,Open Play,Left Foot,Normal,False,False,0.05934783
3912596,10274.0,Nicoline Sørensen,Everton LFC,1,22,58,110.3,52.3,15.7,Inside box,Regular Play,Post,0,Open Play,Right Foot,Normal,True,False,0.100211315
3912596,45737.0,Martina Piemonte,Everton LFC,1,28,22,111.2,43.5,9.5,Inside box,Regular Play,Blocked,0,Open Play,Right Foot,Normal,False,True,0.071811385
3912596,276301.0,Elisabeth Terland,Brighton & Hove Albion WFC,1,30,2,105.4,50.6,18.0,Inside box,Regular Play,Off T,0,Open Play,Right Foot,Normal,True,False,0.09835623
3912596,45737.0,Martina Piemonte,Everton LFC,1,35,21,112.4,46.3,9.9,Inside box,From Free Kick,Saved Off Target,0,Open Play,Right Foot,Volley,True,True,0.14843427
3912596,20725.0,Pauline Bremer,Brighton & Hove Albion WFC,1,44,26,106.7,40.5,13.3,Inside box,From Counter,Blocked,0,Open Play,Right Foot,Normal,False,False,0.1463913
3912596,21059.0,Katie Robinson,Brighton & Hove Albion WFC,1,44,27,113.1,47.7,10.3,Inside box,From Counter,Off T,0,Open Play,Right Foot,Volley,True,False,0.18656425
3912596,45737.0,Martina Piemonte,Everton LFC,1,45,18,108.1,34.8,13.0,Inside box,From Goal Kick,Saved,0,Open Play,Left Foot,Normal,True,True,0.05796634
3912596,26094.0,Julia Zigiotti-Olme,Brighton & Hove Albion WFC,1,47,26,91.2,50.5,30.7,Outside box,Regular Play,Saved,0,Open Play,Right Foot,Lob,False,False,0.028723111
3912596,45737.0,Martina Piemonte,Everton LFC,1,47,57,102.2,38.5,17.9,Inside box,From Keeper,Blocked,0,Open Play,Right Foot,Normal,False,True,0.059774045
3912596,45737.0,Martina Piemonte,Everton LFC,2,48,9,111.2,37.4,9.2,Inside box,From Corner,Saved,0,Open Play,Head,Normal,False,False,0.077949636
3912596,34499.0,Hanna Ulrika Bennison,Everton LFC,2,51,13,103.2,61.1,27.0,Inside box,From Free Kick,Blocked,0,Open Play,Right Foot,Normal,False,True,0.008334368
3912596,45737.0,Martina Piemonte,Everton LFC,2,52,48,107.2,59.7,23.5,Inside box,From Counter,Saved,0,Open Play,Right Foot,Normal,False,False,0.0112261055
3912596,276301.0,Elisabeth Terland,Brighton & Hove Albion WFC,2,59,7,99.9,47.0,21.3,Outside box,Regular Play,Blocked,0,Open Play,Right Foot,Normal,True,False,0.06498804
3912596,18254.0,Megan Finnigan,Everton LFC,2,64,28,110.9,39.3,9.1,Inside box,From Corner,Goal,1,Open Play,Right Foot,Half Volley,False,False,0.10419512
3912596,16386.0,Lucy Hope,Everton LFC,2,68,41,105.7,34.0,15.5,Inside box,From Throw In,Off T,0,Open Play,Right Foot,Half Volley,True,False,0.09159367
3912596,10225.0,Aurora Galli,Everton LFC,2,70,27,95.5,44.9,25.0,Outside box,Regular Play,Blocked,0,Open Play,Right Foot,Normal,False,True,0.042758875
3912596,16386.0,Lucy Hope,Everton LFC,2,73,6,106.3,30.8,16.5,Inside box,Regular Play,Blocked,0,Open Play,Right Foot,Normal,False,True,0.0816342
3912596,17274.0,Poppy Pattinson,Brighton & Hove Albion WFC,2,79,7,106.4,34.4,14.7,Inside box,Regular Play,Blocked,0,Open Play,Right Foot,Normal,True,False,0.11029175
3912596,10167.0,Tatiana Vanessa Ferreira Pinto,Brighton & Hove Albion WFC,2,81,25,113.7,38.0,6.6,Inside box,From Free Kick,Saved,0,Open Play,Right Foot,Normal,True,False,0.48632035
3912596,16382.0,Heather Payne,Everton LFC,2,83,3,110.2,31.0,13.3,Inside box,Regular Play,Off T,0,Open Play,Right Foot,Normal,False,True,0.10819372
3912596,85004.0,Maisie Symonds,Brighton & Hove Albion WFC,2,92,37,98.3,24.2,26.8,Outside box,From Throw In,Off T,0,Open Play,Right Foot,Half Volley,False,False,0.029456805
3912596,46738.0,Emma Bissell,Everton LFC,2,94,2,106.7,43.0,13.6,Inside box,From Throw In,Blocked,0,Open Play,Right Foot,Normal,False,True,0.09010183
3913186,46974.0,Marie Therese Höbinger,Liverpool WFC,1,1,10,98.3,37.9,21.8,Outside box,From Free Kick,Post,0,Free Kick,Right Foot,Normal,False,False,0.08455304
3913186,15554.0,Gemma Bonner,Liverpool WFC,1,2,17,93.3,54.5,30.4,Outside box,Regular Play,Blocked,0,Open Play,Right Foot,Normal,False,False,0.020973785
3913186,24706.0,Sophie Roman Haug,Liverpool WFC,1,6,35,112.9,43.2,7.8,Inside box,Regular Play,Goal,1,Open Play,Head,Normal,False,False,0.19290543
3913186,224822.0,Jutta Rantala,Leicester City WFC,1,11,55,113.5,51.9,13.6,Inside box,Regular Play,Wayward,0,Open Play,Right Foot,Volley,True,False,0.07718477
3913186,19687.0,Taylor Hinds,Liverpool WFC,1,13,14,99.5,32.3,21.9,Outside box,Regular Play,Off T,0,Open Play,Left Foot,Normal,True,True,0.047493033
3913186,46974.0,Marie Therese Höbinger,Liverpool WFC,1,28,38,104.9,50.9,18.6,Inside box,Regular Play,Blocked,0,Open Play,Left Foot,Normal,False,False,0.06295248
3913186,24706.0,Sophie Roman Haug,Liverpool WFC,1,36,18,110.6,31.7,12.5,Inside box,From Corner,Blocked,0,Open Play,Head,Normal,False,True,0.031134054
3913186,32403.0,Emma Wilhelmina Koivisto,Liverpool WFC,1,38,3,112.2,47.9,11.1,Inside box,From Throw In,Off T,0,Open Play,Right Foot,Backheel,True,False,0.07931634
3913186,224822.0,Jutta Rantala,Leicester City WFC,1,43,46,100.8,36.0,19.6,Outside box,From Free Kick,Saved,0,Free Kick,Right Foot,Normal,False,False,0.09935646
3913186,30856.0,Julie Thibaud,Leicester City WFC,1,43,52,104.2,49.6,18.5,Inside box,From Free Kick,Saved,0,Open Play,Left Foot,Normal,False,True,0.06025567
3913186,322359.0,Ceri Holland,Liverpool WFC,1,46,16,116.1,28.9,11.8,Inside box,Regular Play,Saved,0,Open Play,Right Foot,Normal,False,False,0.08988163
3913186,322359.0,Ceri Holland,Liverpool WFC,2,45,55,109.4,54.6,18.0,Inside box,From Throw In,Blocked,0,Open Play,Right Foot,Normal,False,True,0.061658382
3913186,10100.0,Janice Cayman,Leicester City WFC,2,53,6,101.3,53.7,23.2,Outside box,Regular Play,Wayward,0,Open Play,Right Foot,Volley,True,False,0.026425513
3913186,46974.0,Marie Therese Höbinger,Liverpool WFC,2,55,24,103.9,57.8,24.0,Inside box,From Throw In,Off T,0,Open Play,Left Foot,Normal,False,False,0.024044635
3913186,16374.0,Aileen Whelan,Leicester City WFC,2,62,43,110.0,40.8,10.0,Inside box,From Throw In,Saved,0,Open Play,Head,Normal,False,False,0.124794714
3913186,18146.0,Leanne Kiernan,Liverpool WFC,2,65,55,111.0,38.6,9.1,Inside box,Regular Play,Goal,1,Open Play,Head,Normal,False,False,0.09075717
3913186,224822.0,Jutta Rantala,Leicester City WFC,2,67,56,104.6,25.7,21.0,Inside box,Regular Play,Blocked,0,Open Play,Left Foot,Normal,False,False,0.022569604
3913186,322359.0,Ceri Holland,Liverpool WFC,2,68,54,107.0,20.0,23.9,Inside box,From Goal Kick,Saved,0,Open Play,Right Foot,Normal,False,False,0.010346627
3913186,18146.0,Leanne Kiernan,Liverpool WFC,2,72,36,79.3,28.7,42.2,Outside box,From Goal Kick,Off T,0,Open Play,Right Foot,Normal,False,False,0.0070861075
3913186,26520.0,Yuka Momiki,Leicester City WFC,2,77,39,112.0,23.4,18.4,Inside box,From Throw In,Blocked,0,Open Play,Left Foot,Normal,False,False,0.013735879
3913186,25662.0,Catherine Joan Bott,Leicester City WFC,2,77,41,111.4,42.0,8.8,Inside box,From Throw In,Blocked,0,Open Play,Head,Normal,False,True,0.07489495
3913186,18146.0,Leanne Kiernan,Liverpool WFC,2,82,5,105.2,32.1,16.8,Inside box,Regular Play,Goal,1,Open Play,Right Foot,Normal,False,False,0.19978675
3913186,24237.0,Missy Bo Kearns,Liverpool WFC,2,86,10,104.6,52.4,19.8,Inside box,From Throw In,Blocked,0,Open Play,Right Foot,Normal,False,False,0.038833834
3913186,16374.0,Aileen Whelan,Leicester City WFC,2,87,46,115.9,47.2,8.3,Inside box,From Corner,Off T,0,Open Play,Head,Normal,False,True,0.12058508
3913186,182500.0,Ava Baker,Leicester City WFC,2,88,38,107.1,29.0,17.0,Inside box,Regular Play,Saved,0,Open Play,Right Foot,Normal,True,False,0.12868747
3913186,26520.0,Yuka Momiki,Leicester City WFC,2,89,14,97.6,42.7,22.6,Outside box,From Corner,Blocked,0,Open Play,Right Foot,Normal,True,False,0.0385714
3913186,15720.0,Sophie Howard,Leicester City WFC,2,89,27,99.2,45.1,21.4,Outside box,From Corner,Off T,0,Open Play,Right Foot,Normal,False,False,0.055775736
3913186,18146.0,Leanne Kiernan,Liverpool WFC,2,93,4,103.7,34.7,17.1,Inside box,From Counter,Goal,1,Open Play,Right Foot,Normal,False,False,0.101012625
3913186,15554.0,Gemma Bonner,Liverpool WFC,2,95,20,111.5,46.9,10.9,Inside box,From Corner,Blocked,0,Open Play,Right Foot,Normal,True,True,0.05802397
3913186,32403.0,Emma Wilhelmina Koivisto,Liverpool WFC,2,95,27,110.1,46.6,11.9,Inside box,From Corner,Off T,0,Open Play,Right Foot,Volley,True,True,0.045375463
